1e-05	5518.52
1.03125e-05	5434.32
1.0625e-05	5353.87
1.09375e-05	5276.89
1.125e-05	5203.14
1.15625e-05	5132.41
1.1875e-05	5064.48
1.21875e-05	4999.19
1.25e-05	4936.36
1.28125e-05	4875.84
1.3125e-05	4817.5
1.34375e-05	4761.21
1.375e-05	4706.84
1.4375e-05	4603.49
1.5e-05	4506.66
1.5625e-05	4415.71
1.625e-05	4330.05
1.6875e-05	4249.21
1.75e-05	4172.73
1.8125e-05	4100.25
1.875e-05	4031.42
1.9375e-05	3965.95
2e-05	3903.58
2.09375e-05	3815.31
2.1875e-05	3732.78
2.28125e-05	3655.4
2.375e-05	3582.64
2.46875e-05	3514.08
2.5625e-05	3449.31
2.65625e-05	3388
2.75e-05	3329.86
2.84375e-05	3274.62
2.9375e-05	3222.05
3.03125e-05	3171.93
3.125e-05	3124.09
3.21875e-05	3078.36
3.3125e-05	3034.59
3.40625e-05	2992.63
3.5e-05	2952.38
3.59375e-05	2913.71
3.6875e-05	2876.52
3.78125e-05	2840.73
3.875e-05	2806.25
3.96875e-05	2772.99
4.0625e-05	2740.9
4.25e-05	2679.93
4.4375e-05	2622.86
4.625e-05	2569.31
4.8125e-05	2518.92
5e-05	2471.4
5.15625e-05	2433.79
5.3125e-05	2397.86
5.46875e-05	2363.48
5.625e-05	2330.54
5.78125e-05	2298.95
5.9375e-05	2268.62
6.09375e-05	2239.46
6.25e-05	2211.4
6.40625e-05	2184.38
6.5625e-05	2158.33
6.71875e-05	2133.19
6.875e-05	2108.92
7.1875e-05	2062.77
7.5e-05	2019.55
7.8125e-05	1978.94
8.125e-05	1940.71
8.4375e-05	1904.62
8.75e-05	1870.48
9.0625e-05	1838.13
9.375e-05	1807.41
9.6875e-05	1778.2
0.0001	1750.36
0.000103125	1723.8
0.00010625	1698.43
0.000109375	1674.15
0.0001125	1650.89
0.000115625	1628.58
0.00011875	1607.16
0.000121875	1586.57
0.000125	1566.76
0.000128125	1547.68
0.00013125	1529.29
0.000134375	1511.54
0.0001375	1494.4
0.00014375	1461.82
0.00015	1431.3
0.00015625	1402.63
0.0001625	1375.64
0.00016875	1350.16
0.000175	1326.06
0.00018125	1303.22
0.0001875	1281.54
0.00019375	1260.91
0.0002	1241.26
0.000209375	1213.46
0.00021875	1187.47
0.000228125	1163.09
0.0002375	1140.18
0.000246875	1118.59
0.00025625	1098.2
0.000265625	1078.9
0.000275	1060.59
0.000284375	1043.2
0.00029375	1026.65
0.000303125	1010.88
0.0003125	995.82
0.000321875	981.426
0.00033125	967.649
0.000340625	954.445
0.00035	941.776
0.000359375	929.608
0.00036875	917.907
0.000378125	906.644
0.0003875	895.794
0.000396875	885.33
0.00040625	875.232
0.000425	856.049
0.00044375	838.097
0.0004625	821.249
0.00048125	805.397
0.0005	790.447
0.000515625	778.617
0.00053125	767.314
0.000546875	756.499
0.0005625	746.139
0.000578125	736.202
0.00059375	726.661
0.000609375	717.489
0.000625	708.664
0.000640625	700.164
0.00065625	691.97
0.000671875	684.064
0.0006875	676.429
0.00071875	661.914
0.00075	648.317
0.00078125	635.544
0.0008125	623.517
0.00084375	612.165
0.000875	601.426
0.00090625	591.249
0.0009375	581.585
0.00096875	572.393
0.001	563.636
0.00103125	555.28
0.0010625	547.296
0.00109375	539.656
0.001125	532.338
0.00115625	525.318
0.0011875	518.577
0.00121875	512.097
0.00125	505.862
0.00128125	499.857
0.0013125	494.067
0.00134375	488.481
0.001375	483.086
0.0014375	472.829
0.0015	463.22
0.0015625	454.194
0.001625	445.694
0.0016875	437.67
0.00175	430.08
0.0018125	422.885
0.001875	416.054
0.0019375	409.556
0.002	403.364
0.00209375	394.602
0.0021875	386.409
0.00228125	378.725
0.002375	371.501
0.00246875	364.693
0.0025625	358.261
0.00265625	352.172
0.00275	346.398
0.00284375	340.911
0.0029375	335.688
0.00303125	330.71
0.003125	325.957
0.00321875	321.413
0.0033125	317.063
0.00340625	312.894
0.0035	308.893
0.00359375	305.05
0.0036875	301.354
0.00378125	297.796
0.003875	294.368
0.00396875	291.062
0.0040625	287.871
0.00425	281.807
0.0044375	276.131
0.004625	270.803
0.0048125	265.789
0.005	261.059
0.00515625	257.316
0.0053125	253.738
0.00546875	250.315
0.005625	247.034
0.00578125	243.888
0.0059375	240.866
0.00609375	237.961
0.00625	235.165
0.00640625	232.472
0.0065625	229.875
0.00671875	227.369
0.006875	224.949
0.0071875	220.346
0.0075	216.033
0.0078125	211.98
0.008125	208.162
0.0084375	204.557
0.00875	201.146
0.0090625	197.912
0.009375	194.84
0.0096875	191.917
0.01	189.131
0.0103125	186.473
0.010625	183.931
0.0109375	181.499
0.01125	179.169
0.0115625	176.933
0.011875	174.786
0.0121875	172.721
0.0125	170.734
0.0128125	168.819
0.013125	166.973
0.0134375	165.191
0.01375	163.47
0.014375	160.196
0.015	157.126
0.015625	154.241
0.01625	151.522
0.016875	148.954
0.0175	146.523
0.018125	144.217
0.01875	142.027
0.019375	139.942
0.02	137.955
0.0206625	135.946
0.021325	134.031
0.0219875	132.202
0.02265	130.453
0.0233125	128.778
0.023975	127.171
0.0246375	125.63
0.0253	124.148
0.0263613	121.89
0.0274227	119.762
0.028484	117.752
0.0295453	115.85
0.0306066	114.046
0.031668	112.332
0.0327293	110.701
0.0337906	109.146
0.0348037	107.727
0.0358168	106.368
0.0368299	105.063
0.037843	103.81
0.0388561	102.605
0.0398691	101.445
0.0408822	100.328
0.0418953	99.2496
0.0429084	98.209
0.0439215	97.2038
0.0449346	96.2318
0.0459477	95.2914
0.0479738	93.4982
0.05	91.8123
0.0515625	90.5786
0.053125	89.3982
0.0546875	88.2671
0.05625	87.1821
0.0578125	86.1399
0.059375	85.1378
0.0609375	84.1732
0.0625	83.2438
0.0648438	81.9111
0.0671875	80.6465
0.0695313	79.4444
0.071875	78.2997
0.075	76.8543
0.078125	75.4921
0.08125	74.2054
0.084375	72.9876
0.0875	71.8327
0.090625	70.7352
0.09375	69.6906
0.096875	68.6944
0.1	67.743
0.103125	66.833
0.10625	65.9613
0.109375	65.1253
0.1125	64.3224
0.115625	63.5506
0.11875	62.8076
0.121875	62.0918
0.125	61.4014
0.128125	60.735
0.13125	60.091
0.134375	59.4683
0.1375	58.8656
0.140625	58.282
0.14375	57.7164
0.146875	57.1681
0.15	56.6361
0.15625	55.6169
0.1625	54.6522
0.16875	53.7375
0.175	52.8688
0.18125	52.0422
0.1875	51.2543
0.19375	50.502
0.2	49.7823
0.204687	49.2627
0.209375	48.7595
0.214062	48.2717
0.21875	47.7987
0.223438	47.3398
0.228125	46.8943
0.2375	46.0397
0.246875	45.2293
0.25625	44.4601
0.265625	43.7287
0.275	43.032
0.284375	42.3672
0.29375	41.732
0.303125	41.124
0.3125	40.5414
0.321875	39.9823
0.33125	39.4452
0.340625	38.9286
0.35	38.4313
0.359375	37.9519
0.36875	37.4895
0.378125	37.043
0.3875	36.6116
0.396875	36.1943
0.40625	35.7904
0.415625	35.3992
0.425	35.0201
0.434375	34.6523
0.44375	34.2954
0.453125	33.9489
0.4625	33.6122
0.5	32.3585
0.53125	31.4088
0.5625	30.5325
0.59375	29.7225
0.625	28.9708
0.65625	28.271
0.6875	27.6174
0.71875	27.0054
0.75	26.4309
0.78125	25.8903
0.8125	25.3806
0.84375	24.8991
0.875	24.4453
0.9375	23.6049
1	22.8434
1.0625	22.1517
1.125	21.5205
1.1875	20.9423
1.25	20.4107
1.3125	19.9206
1.375	19.4673
1.4375	19.0473
1.5	18.6571
1.5625	18.2941
1.625	17.9558
1.6875	17.6401
1.75	17.3453
1.8125	17.0698
1.875	16.8122
1.9375	16.5713
2	16.3466
2.09375	16.0371
2.1875	15.758
2.28125	15.5083
2.375	15.2866
2.46875	15.0923
2.5625	14.925
2.65625	14.7853
2.75	14.674
2.83203	14.6014
2.91406	14.5535
2.99609	14.5324
3.07812	14.5379
3.16016	14.5792
3.24219	14.6583
3.2832	14.7139
3.32422	14.7813
3.36523	14.8615
3.40625	14.9558
3.45312	15.0822
3.5	15.2309
3.56152	15.4642
3.62305	15.7472
3.68457	16.0885
3.71533	16.2843
3.74609	16.4989
3.77686	16.734
3.80762	16.9916
3.83838	17.2739
3.86914	17.5833
3.8999	17.9227
3.93067	18.2948
3.96143	18.702
3.99219	19.1494
4.02442	19.6683
4.05664	20.2441
4.08887	20.8834
4.12109	21.5944
4.15332	22.3868
4.18555	23.2722
4.21777	24.2641
4.25	25.3785
4.28223	26.6347
4.31445	28.0558
4.33057	28.8367
4.34668	29.6696
4.36279	30.559
4.37891	31.51
4.39502	32.5279
4.41113	33.6187
4.42725	34.7893
4.44336	36.0472
4.45947	37.4009
4.47559	38.8594
4.4917	40.433
4.50781	42.1332
4.52466	44.061
4.5415	46.1607
4.55835	48.4538
4.5752	50.9642
4.59204	53.7193
4.60889	56.7495
4.61731	58.3788
4.62573	60.091
4.63416	61.8916
4.64258	63.7866
4.6488	65.2521
4.65503	66.7758
4.66126	68.3608
4.66748	70.01
4.67371	71.7274
4.67682	72.6128
4.67993	73.5163
4.68305	74.439
4.68616	75.3811
4.68927	76.3432
4.69238	77.3255
4.69513	78.2102
4.69788	79.1113
4.70062	80.03
4.70337	80.9661
4.70612	81.9207
4.70886	82.8935
4.71161	83.8857
4.71436	84.8972
4.71765	86.1379
4.7193	86.7693
4.72095	87.4083
4.7226	88.0551
4.72424	88.7096
4.72589	89.3721
4.72754	90.0426
4.72955	90.8737
4.73157	91.7168
4.73358	92.5727
4.7356	93.4415
4.73743	94.2429
4.73926	95.0555
4.74127	95.9628
4.74329	96.8838
4.7453	97.819
4.74732	98.7688
4.74933	99.7335
4.75134	100.713
4.75336	101.709
4.75537	102.72
4.75794	104.031
4.7605	105.369
4.76306	106.734
4.76562	108.127
4.76764	109.243
4.76965	110.377
4.77167	111.53
4.77368	112.702
4.7757	113.894
4.77771	115.106
4.77973	116.338
4.78174	117.591
4.78375	118.867
4.78577	120.164
4.78778	121.483
4.7898	122.825
4.79181	124.192
4.79383	125.582
4.79584	126.996
4.79785	128.436
4.79987	129.903
4.80188	131.395
4.8039	132.914
4.80591	134.461
4.80792	136.037
4.80994	137.641
4.81195	139.275
4.81397	140.94
4.81598	142.638
4.81799	144.366
4.82001	146.127
4.82202	147.922
4.82404	149.752
4.82605	151.617
4.82806	153.519
4.83008	155.458
4.83411	159.454
4.83814	163.61
4.84216	167.937
4.84619	172.444
4.85022	177.143
4.85425	182.041
4.85828	187.153
4.86231	192.489
4.86633	198.066
4.87036	203.895
4.87439	209.994
4.87842	216.377
4.88245	223.066
4.88648	230.077
4.8905	237.433
4.89453	245.156
4.89856	253.275
4.90259	261.813
4.90662	270.804
4.91065	280.275
4.91467	290.268
4.9187	300.816
4.92273	311.966
4.92676	323.763
4.93079	336.264
4.93482	349.519
4.93884	363.597
4.94287	378.567
4.9469	394.513
4.95093	411.516
4.95496	429.678
4.95899	449.111
4.96301	469.947
4.96704	492.318
4.97107	516.397
4.9751	542.36
4.97711	556.123
4.97913	570.434
4.98114	585.331
4.98316	600.851
4.98517	617.029
4.98718	633.907
4.9892	651.527
4.99121	669.938
4.99341	690.984
4.99561	713.104
4.9978	736.38
5	760.899
5.00307	797.466
5.00615	836.944
5.00922	879.705
5.01229	926.119
5.01536	976.678
5.0169	1003.66
5.01844	1031.88
5.01997	1061.42
5.02151	1092.37
5.02304	1124.82
5.02458	1158.86
5.02612	1194.63
5.02765	1232.21
5.02919	1271.73
5.03072	1313.33
5.03226	1357.16
5.0338	1403.37
5.03533	1452.13
5.03687	1503.61
5.03841	1558.04
5.03994	1615.56
5.04148	1676.41
5.04301	1740.83
5.04455	1809.07
5.04608	1881.38
5.04762	1958.04
5.04916	2039.36
5.05069	2125.69
5.05223	2217.26
5.05377	2314.46
5.0553	2417.65
5.05684	2527.22
5.05837	2643.56
5.05991	2767.07
5.06145	2898.19
5.06298	3037.45
5.06452	3185.13
5.06605	3341.77
5.06759	3507.85
5.06913	3683.85
5.07066	3870.27
5.0722	4067.6
5.07374	4276.32
5.0752	4486.76
5.07667	4708.3
5.07813	4941.67
5.0796	5186.94
5.08107	5444.82
5.08253	5715.34
5.084	5999.01
5.08547	6296.12
5.08693	6607.19
5.0884	6932.03
5.08987	7271.05
5.09133	7624.41
5.0928	7992.46
5.09426	8374.75
5.0972	9182.7
5.10027	10090.6
5.10334	11058.4
5.10641	12082.2
5.10948	13156.6
5.11256	14274.4
5.11563	15425.8
5.12177	17785.1
5.12792	20129.3
5.13099	21257
5.13406	22333.1
5.1371	23328.4
5.14013	24241
5.14316	25056.4
5.14619	25760.6
5.14938	26367.8
5.15256	26826.5
5.15575	27127.7
5.15894	27265.5
5.16	27274.5
5.16106	27265
5.16452	27107.2
5.16797	26758.9
5.17142	26228.6
5.17488	25529.1
5.17806	24749.2
5.18124	23854.7
5.18442	22862.3
5.1876	21790.2
5.19084	20635.1
5.19407	19435.4
5.20055	16976
5.20703	14547.4
5.21026	13380.3
5.2135	12259.4
5.21601	11430
5.21851	10636.6
5.22101	9881.23
5.22351	9165.52
5.22601	8490.47
5.22852	7856.5
5.23102	7263.5
5.23352	6710.93
5.23514	6374.28
5.23676	6054.04
5.23838	5749.64
5.24	5460.64
5.24162	5186.6
5.24324	4927.01
5.24485	4681.38
5.24647	4449.16
5.24809	4229.83
5.24971	4022.82
5.25133	3827.6
5.25295	3643.6
5.25457	3470.28
5.25619	3307.09
5.25781	3153.52
5.25943	3009.02
5.26105	2873.03
5.26266	2745.22
5.26428	2625.03
5.2659	2512.01
5.26752	2405.71
5.26914	2305.74
5.27076	2211.68
5.27238	2123.18
5.274	2039.85
5.27562	1961.38
5.27724	1887.45
5.27885	1817.75
5.28047	1752
5.28209	1689.94
5.28371	1631.32
5.28533	1575.91
5.28857	1473.86
5.29181	1382.29
5.29505	1299.81
5.29828	1225.28
5.30152	1157.68
5.30476	1096.17
5.308	1040
5.31123	988.546
5.31447	941.26
5.31771	897.676
5.32095	857.389
5.32419	820.052
5.32742	785.361
5.33066	753.055
5.3339	722.904
5.33714	694.706
5.34038	668.277
5.34362	643.477
5.34685	620.16
5.35009	598.203
5.35333	577.495
5.35657	557.939
5.36304	521.938
5.36952	489.587
5.376	460.397
5.38247	433.95
5.38895	409.902
5.39337	394.728
5.39778	380.453
5.4022	367.004
5.40661	354.321
5.41103	342.339
5.41544	331.011
5.42427	310.118
5.43311	291.309
5.44194	274.312
5.45077	258.894
5.4596	244.859
5.46608	235.349
5.47255	226.44
5.47903	218.078
5.4855	210.221
5.49198	202.825
5.49846	195.857
5.50493	189.283
5.51141	183.073
5.51789	177.199
5.52436	171.64
5.53731	161.372
5.55027	152.112
5.56322	143.731
5.57617	136.118
5.58912	129.181
5.60208	122.84
5.61503	117.028
5.62798	111.687
5.64093	106.766
5.65388	102.223
5.66684	98.0184
5.67861	94.4616
5.69039	91.1343
5.70216	88.0164
5.71394	85.0899
5.72571	82.3387
5.73749	79.7489
5.74926	77.3077
5.76104	75.0041
5.77281	72.8276
5.78459	70.7689
5.79636	68.8197
5.80814	66.9721
5.83169	63.5541
5.85524	60.4652
5.86819	58.8908
5.88114	57.3972
5.90705	54.63
5.93295	52.1243
5.95885	49.8474
5.98476	47.7715
6.01067	45.873
6.03657	44.1315
6.06247	42.5298
6.08014	41.5099
6.0978	40.5438
6.11546	39.6276
6.13312	38.758
6.16845	37.1465
6.20377	35.687
6.2391	34.358
6.27442	33.1429
6.30975	32.0293
6.34507	31.0062
6.37098	30.3077
6.39688	29.6492
6.42279	29.0274
6.44869	28.4395
6.4746	27.8831
6.5005	27.3557
6.52641	26.8554
6.55231	26.3801
6.57822	25.9282
6.60412	25.498
6.65593	24.6973
6.70774	23.9676
6.75955	23.3003
6.81136	22.6882
6.86317	22.1248
6.91498	21.6049
6.96679	21.1238
7.0186	20.6774
7.0704	20.2622
7.12222	19.8752
7.17402	19.514
7.22348	19.1918
7.27293	18.8882
7.32239	18.6015
7.37184	18.3308
7.4213	18.0749
7.47075	17.8327
7.52021	17.6032
7.56966	17.3854
7.61912	17.1784
7.66857	16.9814
7.71803	16.7938
7.76748	16.6149
7.81693	16.444
7.86639	16.2808
7.9653	15.975
8.06892	15.6813
8.17254	15.4115
8.27616	15.1628
8.37977	14.9327
8.48339	14.7193
8.58701	14.5206
8.69063	14.3352
8.79425	14.1618
8.86961	14.0425
8.94497	13.9285
9.02033	13.8195
9.09569	13.7151
9.17105	13.615
9.24641	13.5193
9.39713	13.3386
9.54784	13.1708
9.69856	13.0149
9.84928	12.8696
10	12.7337
10.1074	12.6422
10.2148	12.5546
10.3223	12.4706
10.4297	12.3903
10.5371	12.3131
10.6445	12.2388
10.752	12.1675
10.8594	12.0988
11.0742	11.9687
11.2891	11.8474
11.5039	11.734
11.7188	11.6275
11.9141	11.5363
12.1094	11.4497
12.3047	11.3674
12.5	11.289
12.6562	11.229
12.8125	11.171
12.9688	11.1151
13.125	11.0612
13.4375	10.9583
13.75	10.8616
14.0625	10.7704
14.375	10.6842
14.6875	10.6022
15	10.5242
15.3125	10.4497
15.625	10.3783
15.9375	10.3097
16.25	10.2436
16.5625	10.1798
16.875	10.1179
17.1875	10.0579
17.5	9.9994
17.7344	9.9565
17.9688	9.91429
18.2031	9.87266
18.4375	9.83159
18.6719	9.79105
18.9062	9.75092
19.1406	9.71111
19.375	9.67159
19.6875	9.61923
20	9.5671
20.2557	9.52451
20.5113	9.48191
20.6605	9.45703
20.8096	9.43214
20.9587	9.40722
21.1079	9.38232
21.257	9.35747
21.3316	9.3451
21.4061	9.3328
21.4807	9.32058
21.5553	9.30848
21.6298	9.29656
21.7044	9.28489
21.763	9.27595
21.8216	9.26729
21.8802	9.25902
21.9387	9.25126
21.9973	9.2442
22.0266	9.24102
22.0559	9.23812
22.0852	9.23556
22.1145	9.23341
22.1438	9.23177
22.1731	9.23074
22.1944	9.23046
22.2157	9.23067
22.237	9.23146
22.2583	9.23293
22.2796	9.23525
22.3009	9.23861
22.3222	9.24327
22.3435	9.24958
22.3542	9.2535
22.3648	9.25804
22.3755	9.2633
22.3861	9.26941
22.4008	9.27951
22.4081	9.28547
22.4154	9.29215
22.4228	9.29969
22.4301	9.30823
22.4374	9.31798
22.4447	9.32919
22.452	9.34219
22.4594	9.35735
22.4667	9.37523
22.474	9.39642
22.4777	9.40855
22.4814	9.42181
22.485	9.43635
22.4887	9.45234
22.4923	9.46993
22.496	9.48932
22.4996	9.5107
22.5033	9.53431
22.5076	9.56545
22.512	9.60051
22.5163	9.63999
22.5206	9.68447
22.525	9.73455
22.5293	9.79092
22.5336	9.85431
22.5379	9.92536
22.5423	10.0052
22.5444	10.0488
22.5466	10.0947
22.5488	10.1435
22.5509	10.1948
22.5531	10.2489
22.5553	10.3061
22.5574	10.3668
22.5596	10.4304
22.5617	10.4978
22.5639	10.5685
22.5661	10.6432
22.5682	10.7215
22.5704	10.8037
22.5726	10.8901
22.5757	11.0247
22.5789	11.1685
22.582	11.3223
22.5852	11.4865
22.5884	11.6622
22.5915	11.8486
22.5947	12.0466
22.5979	12.2565
22.601	12.4793
22.6042	12.7139
22.6074	12.961
22.6105	13.2209
22.6137	13.4945
22.6168	13.7801
22.62	14.0784
22.6232	14.3894
22.6268	14.766
22.6305	15.1577
22.6342	15.5649
22.6378	15.9867
22.6451	16.8699
22.6525	17.7972
22.6631	19.1979
22.6737	20.6144
22.6811	21.5683
22.6884	22.4799
22.6897	22.6395
22.6934	23.0669
22.6971	23.4751
22.7044	24.2237
22.7097	24.7029
22.715	25.1179
22.721	25.5028
22.7248	25.6982
22.7286	25.8534
22.7339	26.0012
22.7392	26.0682
22.74	26.0712
22.7427	26.0678
22.7453	26.0438
22.7506	25.9352
22.7543	25.8089
22.7581	25.6431
22.76	25.5439
22.7645	25.2758
22.7671	25.0997
22.7741	24.5376
22.7811	23.873
22.7875	23.1925
22.7945	22.3782
22.8015	21.5122
22.8041	21.1885
22.8105	20.3638
22.8169	19.5304
22.8239	18.6182
22.8309	17.7265
22.8379	16.8668
22.845	16.0494
22.8488	15.6232
22.8526	15.2143
22.8565	14.8223
22.8603	14.4478
22.8641	14.0914
22.8679	13.7533
22.8718	13.4336
22.8756	13.1322
22.8791	12.8714
22.8826	12.6263
22.8862	12.3961
22.8897	12.1802
22.8932	11.9779
22.8967	11.7897
22.9002	11.6145
22.9037	11.4519
22.9072	11.3008
22.9107	11.1615
22.9142	11.0331
22.9178	10.9149
22.9213	10.806
22.9248	10.7065
22.9283	10.6156
22.9318	10.5325
22.9357	10.4502
22.9395	10.3762
22.9433	10.3098
22.9471	10.2503
22.9522	10.1807
22.9574	10.1212
22.9618	10.0764
22.9663	10.0378
22.9708	10.0048
22.9752	9.97667
22.9797	9.95302
22.9842	9.93338
22.9886	9.91735
22.9931	9.90457
22.9976	9.89475
23.0021	9.88762
23.011	9.88057
23.0199	9.88199
23.0289	9.89092
23.0359	9.90282
23.0429	9.91881
23.05	9.93891
23.057	9.96311
23.064	9.99166
23.071	10.0247
23.078	10.0628
23.0851	10.1063
23.0921	10.156
23.0991	10.2126
23.1061	10.2774
23.1132	10.3516
23.1202	10.4372
23.1272	10.5362
23.1307	10.5915
23.1342	10.6514
23.1378	10.7162
23.1413	10.7864
23.1451	10.8702
23.1489	10.9618
23.1528	11.0625
23.1566	11.1732
23.1604	11.2952
23.1643	11.4299
23.1681	11.5788
23.1719	11.7435
23.1758	11.9265
23.1796	12.1288
23.1834	12.3533
23.1872	12.6025
23.1911	12.8791
23.1949	13.1863
23.1987	13.5272
23.2026	13.9057
23.2061	14.2898
23.2096	14.7109
23.2131	15.1734
23.2166	15.6809
23.2201	16.239
23.2236	16.8485
23.2272	17.5152
23.2307	18.2436
23.2342	19.0406
23.2377	19.9065
23.2412	20.8482
23.2447	21.8706
23.2482	22.9822
23.2517	24.1815
23.2553	25.4767
23.2588	26.8724
23.2613	27.9567
23.2639	29.0942
23.2664	30.2956
23.269	31.5531
23.2715	32.8781
23.2741	34.2618
23.2767	35.7161
23.2792	37.231
23.2818	38.8192
23.2843	40.4692
23.2894	43.9822
23.2945	47.7726
23.2996	51.8309
23.3032	54.7896
23.3067	57.865
23.3102	61.0612
23.3137	64.373
23.3207	71.3268
23.3277	78.6413
23.3344	85.9015
23.3411	93.3334
23.3546	108.274
23.3616	115.881
23.3686	123.147
23.3756	129.926
23.3826	136.049
23.3887	140.713
23.3948	144.697
23.4012	148.091
23.4049	149.646
23.4085	150.887
23.4131	151.976
23.4165	152.483
23.42	152.697
23.4245	152.537
23.429	151.887
23.4298	151.716
23.4323	151.105
23.4348	150.355
23.4397	148.441
23.4448	145.863
23.45	142.742
23.4551	139.111
23.4603	135.032
23.4673	128.825
23.4744	122.015
23.4847	111.242
23.495	99.9828
23.5053	88.6757
23.5156	77.7098
23.5203	72.9224
23.525	68.2954
23.5297	63.8488
23.5344	59.6077
23.539	55.5664
23.5437	51.7435
23.5484	48.1447
23.5531	44.7797
23.5557	43.0213
23.5583	41.3314
23.5608	39.7093
23.5634	38.1544
23.566	36.6656
23.5686	35.242
23.5712	33.8824
23.5737	32.5903
23.5763	31.3541
23.5789	30.1775
23.5815	29.0588
23.5841	28.0003
23.5866	26.992
23.5892	26.0363
23.5918	25.1313
23.5944	24.2783
23.5979	23.1852
23.6014	22.1746
23.6049	21.2416
23.6084	20.3839
23.612	19.5918
23.6155	18.8654
23.619	18.1961
23.6225	17.5836
23.626	17.0202
23.6295	16.5053
23.633	16.0323
23.6365	15.6005
23.6401	15.2041
23.6436	14.8423
23.6471	14.5102
23.6506	14.207
23.6532	14.0006
23.6558	13.8069
23.6583	13.6253
23.6609	13.4549
23.6635	13.2948
23.6661	13.1445
23.6687	13.0032
23.6712	12.8708
23.6738	12.7457
23.6764	12.6278
23.679	12.5167
23.6816	12.4119
23.6867	12.2194
23.6919	12.0475
23.697	11.8926
23.7022	11.7528
23.7073	11.6262
23.7125	11.5111
23.7177	11.4057
23.7228	11.3091
23.728	11.2199
23.7331	11.1375
23.7397	11.0408
23.7462	10.9525
23.7528	10.8713
23.7594	10.7963
23.7659	10.7266
23.7725	10.6618
23.7791	10.6013
23.7856	10.5447
23.7922	10.4914
23.7987	10.4414
23.8053	10.3942
23.8119	10.3496
23.825	10.2673
23.8381	10.1931
23.8484	10.1397
23.8588	10.0902
23.8691	10.044
23.8794	10.001
23.8897	9.96067
23.9	9.9229
23.9103	9.8874
23.9206	9.85398
23.931	9.82243
23.9413	9.79264
23.9619	9.73772
23.9825	9.6882
24.0031	9.64334
24.0219	9.60603
24.0406	9.57162
24.0594	9.53977
24.0781	9.51018
24.0931	9.48796
24.1138	9.45931
24.1344	9.43262
24.155	9.40769
24.1756	9.38432
24.1963	9.36234
24.2169	9.34163
24.2375	9.32205
24.2581	9.30351
24.2994	9.26913
24.3407	9.23787
24.3819	9.20924
24.4231	9.18281
24.4794	9.14974
24.5357	9.11947
24.5919	9.09149
24.6482	9.0654
24.7044	9.0409
24.7607	9.01774
24.8169	8.99571
24.8732	8.97465
24.9632	8.94262
25.0532	8.91225
25.1432	8.8831
25.2332	8.85492
25.3157	8.82979
25.3982	8.80518
25.4807	8.78097
25.5632	8.75708
25.7282	8.70991
25.8932	8.66313
26.0582	8.61634
26.2232	8.5692
26.3882	8.52143
26.5532	8.4728
26.7182	8.42307
26.8833	8.37204
27.0483	8.31954
27.1308	8.29267
27.2133	8.26537
27.2958	8.23761
27.3783	8.20938
27.4608	8.18065
27.5433	8.15141
27.6258	8.12163
27.7083	8.09132
27.7908	8.06046
27.8733	8.02903
27.9708	7.99117
28.0683	7.95254
28.1658	7.91317
28.2633	7.87306
28.3608	7.83227
28.4583	7.79092
28.5558	7.74914
28.6046	7.72815
28.6533	7.70714
28.7358	7.67162
28.8183	7.63637
28.9008	7.60166
28.9833	7.56788
29.0246	7.55149
29.0658	7.53553
29.1071	7.52009
29.1483	7.50526
29.1896	7.49116
29.2308	7.47792
29.2721	7.46568
29.3133	7.45462
29.3696	7.44179
29.4259	7.4321
29.4821	7.42624
29.5384	7.42508
29.5946	7.42973
29.6227	7.43467
29.6509	7.4416
29.679	7.45075
29.7071	7.46237
29.7352	7.47674
29.7634	7.49414
29.8046	7.52595
29.8459	7.56635
29.8871	7.61689
29.9284	7.67944
29.9696	7.75623
30.0109	7.85001
30.0315	7.9043
30.0521	7.96412
30.0728	8.03008
30.0934	8.10271
30.1271	8.23789
30.1609	8.39626
30.1946	8.582
30.2115	8.6867
30.2284	8.80016
30.2453	8.92333
30.2621	9.05697
30.279	9.20226
30.2959	9.36017
30.3128	9.53216
30.3296	9.71945
30.3465	9.92389
30.3634	10.147
30.384	10.4485
30.4046	10.7855
30.4253	11.1631
30.4459	11.587
30.4665	12.0647
30.4871	12.604
30.5078	13.2155
30.5284	13.9108
30.5472	14.6288
30.5659	15.4416
30.5753	15.8889
30.5847	16.366
30.594	16.8766
30.6034	17.4224
30.6128	18.008
30.6222	18.6358
30.6315	19.3113
30.6409	20.0378
30.6503	20.8221
30.6596	21.6689
30.669	22.5867
30.6737	23.0745
30.6784	23.5819
30.685	24.3313
30.6915	25.1262
30.6948	25.5424
30.6981	25.9719
30.7014	26.4151
30.7047	26.8729
30.7079	27.3474
30.7112	27.8363
30.7145	28.3419
30.7178	28.8651
30.7211	29.4067
30.7243	29.9676
30.7276	30.5491
30.7309	31.1521
30.7337	31.6887
30.7365	32.241
30.7393	32.8117
30.7422	33.4017
30.745	34.0143
30.7478	34.6463
30.7506	35.3008
30.7534	35.9791
30.756	36.6241
30.7586	37.2914
30.7611	37.9822
30.7637	38.6979
30.7663	39.4397
30.7689	40.2091
30.7715	41.0077
30.774	41.8338
30.7759	42.4586
30.7778	43.098
30.7804	44.0109
30.7829	44.9615
30.7855	45.952
30.7881	46.9809
30.7907	48.0587
30.7932	49.1844
30.7958	50.3611
30.7984	51.5871
30.801	52.8755
30.8036	54.2253
30.8061	55.6407
30.8087	57.1259
30.8113	58.6855
30.8139	60.3246
30.8165	62.0484
30.819	63.8555
30.8216	65.7659
30.8242	67.7793
30.8268	69.9027
30.8293	72.1345
30.8319	74.4999
30.8345	76.999
30.8371	79.6407
30.8396	82.4235
30.8422	85.379
30.8448	88.5076
30.8474	91.8208
30.85	95.3305
30.8526	99.0497
30.8551	102.992
30.8577	107.172
30.8603	111.587
30.8629	116.287
30.8654	121.272
30.868	126.561
30.8706	132.149
30.8732	138.099
30.8758	144.411
30.8783	151.106
30.8809	158.179
30.8833	165.018
30.8856	172.2
30.8879	179.805
30.8903	187.788
30.8926	196.238
30.895	205.103
30.8973	214.44
30.8997	224.271
30.902	234.664
30.9043	245.554
30.9067	257.059
30.909	269.104
30.9114	281.818
30.9137	295.119
30.9161	309.084
30.9184	323.741
30.921	340.733
30.9236	358.635
30.9261	377.481
30.9287	397.309
30.9313	418.155
30.9339	440.056
30.9365	463.048
30.939	487.072
30.9416	512.35
30.9442	538.827
30.9468	566.536
30.9493	595.396
30.9519	625.663
30.9545	657.26
30.9571	690.215
30.9596	724.419
30.9636	780.304
30.9676	839.494
30.9716	902.356
30.9756	968.625
30.9796	1038.67
30.9836	1112.15
30.9875	1189.43
30.9915	1270.09
30.9967	1379.88
31.0018	1495.13
31.007	1616.03
31.0121	1741.73
31.0173	1872.28
31.0225	2006.88
31.0328	2285.39
31.0534	2857.69
31.0637	3136.18
31.074	3397.49
31.0801	3540.47
31.0862	3672.35
31.0914	3774.33
31.0965	3866.14
31.1017	3947.23
31.1068	4016.5
31.1122	4075.47
31.1175	4120.36
31.1238	4154.4
31.13	4168.35
31.131	4168.72
31.1344	4166
31.1378	4157.36
31.1445	4122.53
31.1495	4081.82
31.1545	4028.91
31.1594	3966.57
31.1642	3893.88
31.1713	3770.93
31.1784	3629.96
31.1881	3410.76
31.1978	3169.38
31.2075	2913.01
31.2172	2648.94
31.2331	2217.58
31.241	2009.13
31.2489	1809.28
31.2538	1691.81
31.2586	1578.86
31.2635	1470.49
31.2683	1366.93
31.2732	1268.37
31.278	1174.93
31.2829	1086.67
31.2877	1003.6
31.293	918.732
31.2983	840.066
31.3036	767.289
31.3063	732.987
31.3089	700.208
31.3115	668.676
31.3142	638.596
31.3168	609.708
31.3195	582.195
31.3221	555.815
31.3248	530.73
31.3274	506.714
31.3301	483.91
31.3325	463.877
31.3349	444.732
31.3374	426.445
31.3398	409.057
31.3422	392.395
31.3446	376.568
31.347	361.416
31.3495	347.036
31.3519	333.281
31.3543	320.237
31.3568	307.769
31.3592	295.954
31.3616	284.668
31.364	273.98
31.3665	263.776
31.3689	254.116
31.3713	244.898
31.3737	236.141
31.3762	227.821
31.3786	219.951
31.381	212.444
31.3834	205.344
31.3859	198.572
31.3883	192.166
31.3907	186.056
31.3931	180.276
31.398	169.545
31.4028	159.853
31.4077	151.092
31.4125	143.163
31.4174	135.977
31.4222	129.454
31.4271	123.522
31.4319	118.116
31.4368	113.179
31.4416	108.659
31.4465	104.511
31.4513	100.694
31.4562	97.1725
31.461	93.9152
31.4659	90.8941
31.4707	88.0845
31.4756	85.4649
31.4804	83.016
31.4853	80.7213
31.4932	77.259
31.5012	74.1155
31.5091	71.2458
31.517	68.613
31.525	66.1868
31.5329	63.9421
31.5409	61.8579
31.5488	59.9189
31.5567	58.1055
31.5647	56.4073
31.5726	54.8134
31.5805	53.3161
31.5885	51.9033
31.5964	50.5697
31.6044	49.3089
31.6123	48.1165
31.622	46.7401
31.6317	45.4492
31.6414	44.2351
31.6511	43.0913
31.6608	42.011
31.6705	40.9912
31.6802	40.0262
31.6899	39.1119
31.6996	38.2437
31.7093	37.4199
31.7287	35.891
31.7481	34.503
31.7675	33.2379
31.7887	31.9803
31.8099	30.835
31.831	29.7883
31.8522	28.8289
31.8734	27.9461
31.8945	27.132
31.9157	26.3787
31.9368	25.6804
31.9563	25.0833
31.9757	24.5241
31.9951	23.9988
32.0145	23.5052
32.0339	23.0401
32.0533	22.6017
32.0727	22.1876
32.0921	21.7959
32.1115	21.4248
32.1309	21.0732
32.1503	20.7391
32.1697	20.4219
32.1891	20.1199
32.2085	19.8324
32.2473	19.2968
32.2861	18.808
32.3249	18.3605
32.3637	17.9494
32.4025	17.5706
32.4413	17.2206
32.4801	16.8963
32.519	16.5951
32.5578	16.3147
32.5895	16.0992
32.6213	15.8955
32.653	15.7024
32.6848	15.5192
32.7165	15.3452
32.7483	15.1796
32.78	15.0219
32.8118	14.8715
32.8435	14.7279
32.8753	14.5907
32.9388	14.334
33.0023	14.0984
33.0658	13.8815
33.1046	13.7573
33.1434	13.6388
33.1822	13.5256
33.221	13.4175
33.2986	13.215
33.3762	13.0291
33.4538	12.8576
33.5315	12.6991
33.6091	12.5521
33.6867	12.4153
33.7396	12.3274
33.7925	12.2434
33.8454	12.1632
33.8983	12.0865
33.9513	12.013
34.0042	11.9425
34.11	11.8102
34.2159	11.6877
34.3217	11.5739
34.4275	11.468
34.5334	11.3691
34.611	11.3007
34.6886	11.2354
34.7662	11.173
34.8438	11.1134
34.9214	11.0562
34.999	11.0014
35.0767	10.9488
35.1543	10.8982
35.3095	10.8027
35.4647	10.7138
35.62	10.6309
35.7752	10.5532
35.881	10.503
35.9869	10.4547
36.0927	10.4083
36.1985	10.3636
36.3044	10.3206
36.4102	10.279
36.6219	10.2001
36.8335	10.1258
37.0452	10.0556
37.2569	9.98914
37.4686	9.92588
37.7226	9.85366
37.9766	9.78493
38.2306	9.71917
38.4846	9.65593
38.7386	9.59483
38.9926	9.53551
39.2466	9.47765
39.5006	9.42098
39.7264	9.37138
40.0086	9.31012
40.2908	9.24936
40.5731	9.1888
40.8553	9.12809
41.1375	9.06693
41.4198	9.00498
41.5609	8.97359
41.702	8.94189
41.8431	8.90983
41.9842	8.87732
42.1395	8.84098
42.2947	8.80399
42.4499	8.76626
42.6051	8.72772
42.7604	8.68826
42.9156	8.64782
43.0708	8.60628
43.226	8.56359
43.3813	8.51961
43.4589	8.49711
43.5365	8.47425
43.6141	8.45104
43.6917	8.42746
43.7693	8.40353
43.8469	8.37923
43.9105	8.35909
43.974	8.33873
44.0374	8.31818
44.1009	8.29744
44.1644	8.27658
44.2279	8.25563
44.2914	8.23468
44.355	8.21383
44.3938	8.2012
44.4326	8.18871
44.4714	8.17642
44.5102	8.16438
44.549	8.15269
44.5878	8.14144
44.6266	8.13078
44.6654	8.12087
44.6972	8.11346
44.7289	8.10684
44.7607	8.10119
44.7924	8.09674
44.8242	8.09376
44.8559	8.09262
44.8877	8.09379
44.9035	8.09543
44.9194	8.09787
44.9388	8.10213
44.9582	8.108
44.9776	8.11575
44.997	8.12571
45.0164	8.13831
45.0358	8.15404
45.0552	8.17357
45.0746	8.19772
45.0844	8.21187
45.0941	8.22762
45.1038	8.24517
45.1135	8.26478
45.1231	8.28675
45.1328	8.31143
45.1425	8.33929
45.1523	8.37087
45.162	8.40694
45.1717	8.44832
45.1814	8.49618
45.1911	8.55198
45.2008	8.61759
45.2056	8.6548
45.2105	8.69541
45.2153	8.73981
45.2202	8.78847
45.225	8.84189
45.2299	8.90066
45.2347	8.96555
45.2396	9.03703
45.2444	9.11605
45.2493	9.2035
45.2541	9.3004
45.259	9.40788
45.2638	9.5272
45.2687	9.65973
45.2735	9.80733
45.2784	9.9711
45.2832	10.1532
45.2881	10.3555
45.2929	10.5805
45.2978	10.8304
45.3026	11.1079
45.3075	11.4159
45.3123	11.7581
45.3172	12.1364
45.322	12.555
45.3269	13.0176
45.3317	13.5283
45.3366	14.0912
45.3414	14.7108
45.3463	15.3916
45.3511	16.1385
45.356	16.9564
45.3608	17.8505
45.3657	18.8259
45.3705	19.8881
45.3754	21.0424
45.3802	22.2941
45.3851	23.6485
45.3886	24.7019
45.3922	25.8144
45.3957	26.9879
45.3992	28.2206
45.4027	29.5213
45.4063	30.8881
45.4098	32.3226
45.4133	33.8217
45.4168	35.3952
45.4204	37.0399
45.4239	38.7568
45.4274	40.5413
45.4345	44.34
45.4415	48.4259
45.4464	51.4111
45.4512	54.5245
45.4561	57.7686
45.4609	61.1387
45.4706	68.2316
45.4803	75.7406
45.4896	83.2294
45.4989	90.9247
45.5081	98.7297
45.5174	106.526
45.5271	114.543
45.5368	122.25
45.5465	129.488
45.5562	136.094
45.5637	140.672
45.5712	144.712
45.5809	149.056
45.5844	150.369
45.5902	152.181
45.595	153.389
45.5997	154.269
45.6042	154.852
45.61	155.197
45.6166	155.043
45.6254	153.945
45.6332	152.121
45.6411	149.535
45.6486	146.393
45.6561	142.65
45.6639	138.14
45.6717	133.099
45.6803	127.089
45.6888	120.65
45.7045	108.088
45.7202	95.1068
45.7359	82.3062
45.7437	76.1332
45.7516	70.1812
45.7576	65.7589
45.7637	61.5096
45.7697	57.4463
45.7758	53.585
45.7818	49.92
45.7879	46.4625
45.794	43.2143
45.8	40.1803
45.8039	38.3202
45.8079	36.5506
45.8118	34.8655
45.8157	33.2632
45.8196	31.742
45.8235	30.3001
45.8275	28.9351
45.8314	27.645
45.8353	26.4272
45.8392	25.2792
45.8431	24.1984
45.8471	23.1823
45.851	22.2281
45.8549	21.3331
45.8588	20.4946
45.8627	19.7099
45.867	18.9114
45.8713	18.1703
45.8756	17.4834
45.8798	16.8487
45.8841	16.2602
45.8884	15.7174
45.8927	15.2149
45.897	14.7522
45.9012	14.3244
45.9055	13.93
45.9098	13.5666
45.9141	13.2326
45.9183	12.9243
45.9226	12.641
45.9269	12.3794
45.9312	12.139
45.9351	11.935
45.939	11.7457
45.9429	11.5699
45.9468	11.4066
45.9508	11.2548
45.9547	11.1137
45.9586	10.9822
45.9625	10.8598
45.9664	10.7455
45.9704	10.6389
45.9743	10.5391
45.9782	10.4458
45.9821	10.3583
45.986	10.2761
45.9939	10.1263
46.0017	9.99309
46.0096	9.87397
46.0174	9.76678
46.0252	9.66971
46.0331	9.58128
46.0409	9.50025
46.0488	9.42559
46.0566	9.35647
46.0644	9.29216
46.0723	9.23209
46.088	9.12274
46.1036	9.02534
46.1193	8.93765
46.135	8.85801
46.1507	8.78518
46.1664	8.71816
46.182	8.65619
46.1956	8.60619
46.2091	8.55917
46.2362	8.47277
46.2633	8.395
46.2904	8.32442
46.3175	8.25982
46.3445	8.20033
46.3716	8.14518
46.3987	8.09378
46.4301	8.03827
46.4614	7.9865
46.4928	7.93795
46.5241	7.89221
46.5555	7.84894
46.5869	7.80787
46.6182	7.76877
46.6496	7.73146
46.6981	7.67698
46.7465	7.62602
46.795	7.57832
46.8435	7.53375
46.8919	7.49227
46.9404	7.45401
46.9889	7.41915
47.0373	7.38808
47.0858	7.36125
47.1343	7.33933
47.1827	7.32314
47.2312	7.31377
47.2554	7.31207
47.2797	7.31261
47.3039	7.31565
47.3281	7.32145
47.3524	7.3303
47.3766	7.34256
47.4008	7.35861
47.425	7.37887
47.4564	7.4122
47.4878	7.45469
47.5191	7.50783
47.5505	7.57338
47.5819	7.65348
47.6132	7.75069
47.6446	7.86811
47.6759	8.00953
47.6916	8.09066
47.7073	8.17961
47.723	8.27714
47.7386	8.3841
47.7543	8.50143
47.77	8.63019
47.7857	8.77158
47.8014	8.92695
47.8171	9.09783
47.8327	9.28595
47.8484	9.4933
47.8641	9.72215
47.8798	9.97511
47.8954	10.2552
47.9111	10.5659
47.9268	10.9113
47.9439	11.3334
47.961	11.81
47.9781	12.3502
47.9952	12.9647
48.0123	13.6682
48.0209	14.0583
48.0295	14.4776
48.038	14.9298
48.0466	15.4173
48.0551	15.9448
48.0637	16.5173
48.0697	16.9535
48.0758	17.4175
48.0818	17.9121
48.0879	18.4403
48.094	19.0057
48.1	19.6124
48.1061	20.2648
48.1091	20.6098
48.1121	20.9672
48.1152	21.3399
48.1182	21.7278
48.1212	22.1317
48.1242	22.5527
48.1273	22.9916
48.1303	23.4497
48.1333	23.9282
48.1364	24.4266
48.1394	24.9496
48.1424	25.4971
48.1454	26.0707
48.1485	26.6721
48.1515	27.303
48.1545	27.9655
48.1576	28.6617
48.1606	29.3912
48.1626	29.8848
48.1645	30.3952
48.1665	30.923
48.1684	31.4689
48.1704	32.0337
48.1724	32.6183
48.1743	33.2235
48.1763	33.8502
48.1782	34.4993
48.1802	35.1717
48.1822	35.8686
48.1841	36.5909
48.1861	37.3397
48.188	38.1161
48.19	38.9214
48.1919	39.7568
48.1948	41.0323
48.1977	42.374
48.2005	43.7905
48.2034	45.2864
48.2062	46.8667
48.2091	48.5365
48.2119	50.3012
48.2148	52.1666
48.2176	54.1388
48.2205	56.224
48.2226	57.8681
48.2247	59.5827
48.2269	61.3708
48.229	63.2356
48.2312	65.1804
48.2333	67.2086
48.2354	69.3237
48.2376	71.5189
48.2395	73.6213
48.2415	75.8059
48.2435	78.0755
48.2454	80.4335
48.2474	82.883
48.2493	85.4274
48.2513	88.0702
48.2532	90.8148
48.2552	93.6648
48.2572	96.6239
48.2591	99.6961
48.2611	102.885
48.265	109.629
48.2689	116.87
48.2728	124.701
48.2768	133.098
48.2807	142.118
48.2846	151.8
48.286	155.478
48.29	166.153
48.2939	177.558
48.2978	189.762
48.3017	202.808
48.3056	216.739
48.3096	231.598
48.3135	247.43
48.3174	264.28
48.3213	282.19
48.3252	301.205
48.3292	321.368
48.3331	342.72
48.337	365.302
48.3409	389.152
48.3448	414.308
48.3487	440.734
48.3527	468.597
48.3566	497.859
48.3605	528.546
48.3644	560.678
48.3683	594.271
48.3723	629.337
48.3762	665.883
48.3801	703.909
48.384	743.514
48.388	784.483
48.3919	826.898
48.3958	870.733
48.4036	962.528
48.4115	1059.51
48.4193	1161.21
48.4272	1267.02
48.435	1376.18
48.4428	1487.69
48.4656	1817.03
48.4813	2035.68
48.4892	2138.78
48.497	2235.81
48.5048	2325.82
48.5127	2407.18
48.5205	2478.85
48.5283	2539.71
48.5369	2592.87
48.5459	2632.7
48.5524	2650.99
48.5589	2660.03
48.56	2660.63
48.5611	2660.98
48.5646	2660.31
48.5682	2656.91
48.5752	2641.97
48.5826	2615.18
48.5899	2577.29
48.5975	2526.64
48.6052	2465.29
48.6128	2394.06
48.6205	2314.13
48.6309	2193
48.6413	2060.61
48.6566	1852.63
48.6719	1636.81
48.6872	1421.9
48.6948	1317.35
48.7024	1215.78
48.7108	1109.23
48.7184	1015.84
48.7261	927.287
48.7337	843.78
48.7413	765.54
48.7452	728.437
48.749	692.689
48.7528	658.299
48.7566	625.262
48.7604	593.571
48.7643	563.213
48.7681	534.172
48.7719	506.427
48.7757	479.955
48.7796	454.73
48.7834	430.724
48.7872	407.904
48.791	386.238
48.7948	365.692
48.7987	346.228
48.8025	327.811
48.8063	310.401
48.8101	293.961
48.8139	278.452
48.8178	263.834
48.8216	250.069
48.8254	237.118
48.8292	224.942
48.833	213.504
48.8358	205.623
48.8386	198.1
48.8414	190.919
48.8441	184.069
48.8469	177.535
48.8497	171.305
48.8525	165.367
48.8553	159.727
48.858	154.333
48.8608	149.195
48.8636	144.3
48.8664	139.639
48.8692	135.201
48.8719	130.975
48.8775	123.133
48.8831	116.012
48.8886	109.557
48.8942	103.703
48.8997	98.4009
48.9053	93.5774
48.9108	89.2008
48.9164	85.2106
48.9219	81.5806
48.9258	79.262
48.9296	77.0884
48.9334	75.0435
48.9372	73.1177
48.9411	71.3024
48.9449	69.5895
48.9487	67.9715
48.9525	66.4414
48.9602	63.6198
48.9678	61.0791
48.9754	58.7807
48.9831	56.6916
48.9907	54.7815
48.9984	53.0318
49.006	51.4199
49.0136	49.929
49.0213	48.5447
49.0289	47.2548
49.0366	46.0491
49.0442	44.9185
49.0519	43.8544
49.0595	42.8527
49.0671	41.9066
49.0748	41.0111
49.0901	39.3553
49.1053	37.8568
49.1206	36.4923
49.1359	35.2457
49.1512	34.1014
49.1665	33.0472
49.181	32.1152
49.1956	31.2485
49.2102	30.4405
49.2248	29.686
49.2394	28.9791
49.254	28.3158
49.2686	27.6924
49.2832	27.1059
49.2978	26.5524
49.3123	26.0296
49.3269	25.5351
49.3415	25.0671
49.3561	24.623
49.3707	24.2015
49.3853	23.8006
49.3999	23.4193
49.4151	23.0387
49.4304	22.6768
49.461	22.0033
49.4915	21.3897
49.5221	20.8284
49.5527	20.3133
49.5832	19.8392
49.6138	19.4014
49.6443	18.9961
49.6666	18.7198
49.6888	18.4577
49.711	18.2087
49.7333	17.9721
49.7555	17.7468
49.7777	17.5321
49.8	17.3273
49.8222	17.1318
49.8666	16.766
49.9111	16.4306
49.9556	16.122
50	15.8371
50.0367	15.6178
50.0735	15.4116
50.1102	15.2176
50.147	15.0345
50.1837	14.8616
50.2204	14.6981
50.2572	14.5431
50.2939	14.3962
50.3307	14.2565
50.3674	14.1238
50.4042	13.9974
50.4409	13.8769
50.4776	13.762
50.5144	13.6521
50.5511	13.5471
50.5879	13.4466
50.6613	13.258
50.7348	13.0842
50.8083	12.9237
50.8818	12.7749
50.9553	12.6366
51.0287	12.5077
51.1022	12.3872
51.1757	12.2744
51.2358	12.1874
51.296	12.1046
51.3561	12.0259
51.4162	11.9509
51.4763	11.8793
51.5364	11.8108
51.5966	11.7452
51.6567	11.6824
51.7168	11.6222
51.7769	11.5644
51.8972	11.4555
52.0174	11.3548
52.1376	11.2612
52.2111	11.2072
52.2846	11.1554
52.3581	11.1057
52.4316	11.0579
52.5785	10.9678
52.7255	10.8841
52.8725	10.8062
53.0194	10.7334
53.1664	10.6651
53.3134	10.601
53.4269	10.554
53.5405	10.509
53.6541	10.466
53.7676	10.4247
53.8812	10.3852
53.9947	10.3471
54.1083	10.3104
54.2219	10.275
54.449	10.2078
54.6761	10.145
54.9032	10.0861
55.1304	10.0306
55.3441	9.98116
55.6381	9.91712
55.932	9.85709
56.2259	9.80055
56.5198	9.7471
56.8138	9.69635
57.1077	9.64801
57.4016	9.60178
57.6955	9.55753
57.9895	9.51502
58.2834	9.47386
58.5773	9.43398
58.8712	9.3954
59.1652	9.35787
59.4591	9.32125
59.753	9.28553
60.0469	9.25059
60.3409	9.21627
60.6348	9.18258
61.2226	9.11669
61.8105	9.05238
62.3984	8.98915
62.8259	8.94362
63.4137	8.88131
64.0016	8.81901
64.5894	8.75633
65.1773	8.69287
65.7652	8.62829
66.353	8.5621
66.6469	8.52828
66.9408	8.49386
67.2348	8.45881
67.5287	8.42306
67.9028	8.37636
68.2769	8.32818
68.651	8.27831
69.0251	8.22672
69.3991	8.1728
69.5862	8.14492
69.7732	8.11639
69.9603	8.08714
70.1473	8.05713
70.3344	8.02631
70.5214	7.99462
70.7886	7.9477
71.0558	7.89865
71.323	7.84723
71.4566	7.82055
71.5902	7.79318
71.7238	7.76506
71.8574	7.73615
71.991	7.70642
72.1246	7.6758
72.2583	7.64426
72.3918	7.61175
72.5255	7.57821
72.659	7.5435
72.806	7.50389
72.953	7.46269
73.0999	7.4198
73.2469	7.37507
73.3939	7.32836
73.5408	7.27952
73.6878	7.22836
73.7613	7.20185
73.8347	7.1747
73.955	7.12878
74.0752	7.08093
74.1955	7.03101
74.3157	6.9789
74.3758	6.95197
74.436	6.92445
74.4961	6.89632
74.5562	6.86757
74.6163	6.83816
74.6765	6.80808
74.7366	6.77731
74.7967	6.74585
74.8702	6.70641
74.9437	6.66592
75.0171	6.62435
75.0906	6.58172
75.1641	6.53804
75.2376	6.49337
75.3111	6.44779
75.3846	6.40142
75.4547	6.35655
75.4898	6.33398
75.5248	6.31134
75.5599	6.28868
75.595	6.26605
75.63	6.2435
75.6651	6.22109
75.7002	6.1989
75.7353	6.177
75.7703	6.1555
75.8054	6.13452
75.8405	6.11417
75.8755	6.09464
75.9106	6.0761
75.9457	6.05876
75.9824	6.04218
76.0192	6.02756
76.0559	6.01533
76.0926	6.00597
76.1294	6.00009
76.1661	5.9984
76.2029	6.00178
76.2396	6.01128
76.2764	6.02819
76.3131	6.0541
76.3315	6.07103
76.3498	6.09098
76.3682	6.11427
76.3866	6.14126
76.4049	6.17235
76.4233	6.20801
76.4417	6.24874
76.4601	6.29513
76.4784	6.34784
76.4968	6.40762
76.5152	6.47533
76.5335	6.55196
76.5586	6.67292
76.5836	6.81606
76.6087	6.98563
76.6212	7.08197
76.6337	7.18696
76.6463	7.30165
76.6588	7.42689
76.6713	7.56401
76.6838	7.71416
76.6964	7.87914
76.7089	8.06055
76.7214	8.26085
76.7339	8.48235
76.7431	8.66034
76.7523	8.8528
76.7615	9.06189
76.7707	9.28916
76.7799	9.53752
76.7891	9.80923
76.7982	10.1082
76.8074	10.4379
76.8166	10.8036
76.8258	11.2104
76.835	11.6657
76.8442	12.1768
76.8488	12.4571
76.8534	12.7545
76.8579	13.0713
76.8625	13.4091
76.8671	13.7705
76.8717	14.1558
76.8763	14.568
76.8809	15.0094
76.8839	15.318
76.887	15.6412
76.89	15.9798
76.893	16.3335
76.896	16.7056
76.8991	17.0958
76.9021	17.5052
76.9051	17.9335
76.9082	18.3846
76.9112	18.8582
76.9142	19.3557
76.9172	19.8767
76.9203	20.4259
76.9233	21.0012
76.9263	21.608
76.9293	22.2437
76.9324	22.9145
76.9354	23.6198
76.9384	24.3617
76.9414	25.1395
76.9445	25.9603
76.9475	26.8237
76.9505	27.732
76.9536	28.6843
76.9566	29.6893
76.9596	30.7465
76.9626	31.8585
76.9657	33.0242
76.9687	34.2541
76.9717	35.5432
76.9747	36.9029
76.9778	38.3275
76.9801	39.4611
76.9824	40.6383
76.9869	43.1243
76.9915	45.8032
76.9961	48.6886
77.0007	51.8016
77.0053	55.1438
77.0099	58.7371
77.0145	62.5978
77.0176	65.4017
77.0208	68.3347
77.0239	71.4112
77.027	74.6369
77.0302	78.018
77.0333	81.5603
77.0364	85.2703
77.0396	89.1541
77.0423	92.6753
77.045	96.3233
77.0477	100.129
77.0504	104.069
77.0558	112.428
77.0613	121.416
77.0648	127.671
77.0684	134.228
77.0719	141.097
77.0755	148.29
77.079	155.815
77.0826	163.684
77.0861	171.905
77.0896	180.465
77.0942	192.143
77.0988	204.439
77.1034	217.399
77.108	231.04
77.113	246.729
77.118	263.273
77.1231	280.691
77.1281	299.001
77.1327	316.611
77.1372	334.954
77.1418	354.075
77.1464	373.978
77.151	394.713
77.1556	416.188
77.1602	438.446
77.1648	461.479
77.174	509.89
77.1832	561.204
77.1924	615.364
77.2015	672.026
77.2107	731.027
77.2199	791.89
77.2383	917.78
77.2667	1114.83
77.285	1236.71
77.2942	1294.04
77.3034	1348
77.3126	1398.05
77.3218	1443.47
77.3306	1482.07
77.3393	1515.53
77.3485	1544.61
77.3577	1567.27
77.3687	1585.44
77.38	1593.73
77.3811	1593.97
77.3848	1593.99
77.3885	1592.87
77.3959	1587.21
77.4074	1569.39
77.4187	1541.6
77.4311	1500.4
77.4424	1453.41
77.4537	1398.67
77.465	1337.23
77.4764	1270.24
77.4928	1165.45
77.5093	1055.25
77.5319	901.451
77.5432	825.911
77.5545	752.544
77.5659	681.961
77.5772	614.836
77.5885	551.641
77.5942	521.628
77.5998	492.763
77.6052	466.172
77.6106	440.666
77.616	416.202
77.6214	392.783
77.6268	370.367
77.6322	349.028
77.6376	328.714
77.643	309.41
77.6484	291.063
77.6539	273.721
77.6593	257.323
77.6646	241.843
77.6701	227.253
77.6754	213.522
77.6808	200.619
77.6863	188.511
77.6919	176.636
77.6976	165.56
77.7032	155.242
77.7089	145.643
77.7146	136.724
77.7202	128.448
77.7259	120.777
77.7315	113.673
77.7372	107.101
77.7428	101.027
77.7485	95.4168
77.7542	90.2394
77.7598	85.464
77.7655	81.0615
77.7711	77.0045
77.7768	73.2732
77.7809	70.7389
77.785	68.3518
77.7892	66.1034
77.7933	63.9904
77.7974	61.9949
77.8015	60.119
77.8056	58.3468
77.8097	56.6801
77.8139	55.1046
77.818	53.622
77.8221	52.2194
77.8262	50.8984
77.8303	49.6476
77.8344	48.4683
77.8385	47.3503
77.8426	46.295
77.8468	45.2933
77.8509	44.3442
77.8591	42.5922
77.8674	41.0118
77.8756	39.5812
77.8838	38.2817
77.892	37.0968
77.9003	36.0124
77.9085	35.0161
77.9198	33.7705
77.9311	32.6486
77.9425	31.6314
77.9538	30.7035
77.9651	29.8523
77.9764	29.0673
77.9877	28.3401
77.999	27.6643
78.0104	27.0328
78.0217	26.4412
78.033	25.8856
78.0443	25.3623
78.0556	24.8684
78.067	24.4012
78.0783	23.9586
78.0896	23.5388
78.1009	23.1394
78.1122	22.7592
78.1349	22.0511
78.1575	21.4049
78.1801	20.813
78.2028	20.2684
78.2254	19.766
78.2481	19.3008
78.2707	18.8692
78.2923	18.485
78.3139	18.1255
78.3355	17.7884
78.3571	17.4718
78.3787	17.1737
78.4003	16.8927
78.4219	16.6273
78.4436	16.3764
78.4652	16.1386
78.4868	15.9131
78.5084	15.6989
78.53	15.4954
78.5516	15.3015
78.5732	15.1167
78.5948	14.9404
78.6164	14.7721
78.639	14.6036
78.6617	14.4427
78.707	14.1417
78.7522	13.8656
78.7975	13.6115
78.8428	13.3768
78.888	13.1594
78.9333	12.9575
78.9786	12.7694
79.0156	12.6249
79.0527	12.488
79.0897	12.3583
79.1268	12.235
79.1638	12.1178
79.2008	12.0062
79.2379	11.8997
79.2749	11.7981
79.312	11.7009
79.349	11.6079
79.4231	11.4334
79.4972	11.2727
79.5713	11.1242
79.6165	11.0388
79.6618	10.9572
79.7071	10.879
79.7523	10.8041
79.8429	10.6631
79.9334	10.5328
80.024	10.4119
80.1145	10.2993
80.2051	10.1941
80.2956	10.0956
80.4108	9.97859
80.5261	9.87007
80.6413	9.7689
80.7566	9.67412
80.8718	9.58499
80.9871	9.50093
81.1023	9.42142
81.2175	9.34597
81.3081	9.28927
81.3986	9.23465
81.4892	9.18193
81.5797	9.13098
81.7608	9.03382
81.9419	8.94223
82.123	8.85543
82.3041	8.77273
82.4852	8.69356
82.6663	8.61744
82.8309	8.55056
82.9955	8.48563
83.1601	8.42225
83.3248	8.36021
83.4894	8.29935
83.654	8.23951
83.8187	8.18051
83.9833	8.12221
84.1644	8.05869
84.3455	7.99565
84.5266	7.93293
84.7077	7.87035
84.8888	7.80779
85.0698	7.74508
85.2509	7.6821
85.432	7.6187
85.6131	7.55476
85.7942	7.49014
85.9753	7.42471
86.1564	7.35834
86.3375	7.29089
86.5186	7.22223
86.6997	7.15223
86.8808	7.08072
87.1112	6.98731
87.3417	6.89091
87.5722	6.79124
87.8027	6.68802
88.0332	6.58057
88.2636	6.46857
88.3789	6.41074
88.4941	6.35161
88.6094	6.29113
88.7246	6.22922
88.9057	6.1289
89.0868	6.02465
89.2679	5.91619
89.449	5.80323
89.63	5.6855
89.7206	5.62474
89.8111	5.56269
89.9017	5.4993
89.9922	5.43455
90.0828	5.3684
90.1733	5.30083
90.305	5.19995
90.4367	5.09599
90.5684	4.98891
90.7001	4.8788
90.8319	4.76575
90.8977	4.70819
90.9635	4.64997
91.0294	4.59113
91.0952	4.53174
91.1611	4.47187
91.227	4.41162
91.3175	4.32834
91.408	4.24489
91.4986	4.16173
91.5891	4.07943
91.6797	3.99874
91.7702	3.92061
91.8608	3.84625
91.906	3.81097
91.9513	3.77725
92.0295	3.72349
92.1077	3.67685
92.1468	3.65683
92.1859	3.6394
92.225	3.6249
92.2641	3.6137
92.3032	3.60625
92.3423	3.60301
92.3814	3.60454
92.4205	3.61147
92.4596	3.62451
92.4987	3.64446
92.5378	3.67227
92.5769	3.70896
92.614	3.75305
92.651	3.80736
92.688	3.87324
92.7251	3.95221
92.7621	4.04603
92.7806	4.09913
92.7991	4.15672
92.8177	4.2191
92.8362	4.2866
92.8547	4.35958
92.8732	4.4384
92.8928	4.52841
92.9123	4.62591
92.9319	4.73148
92.9514	4.84573
92.971	4.96932
92.9905	5.103
93.0101	5.24756
93.0199	5.32423
93.0296	5.40387
93.0456	5.54077
93.0615	5.6867
93.0775	5.84227
93.0934	6.00813
93.1078	6.16731
93.1202	6.31141
93.1325	6.46278
93.1413	6.57482
93.15	6.69079
93.1588	6.81112
93.1675	6.9357
93.1762	7.06501
93.185	7.19891
93.1937	7.33792
93.2025	7.48192
93.2138	7.67642
93.2251	7.8804
93.2364	8.09438
93.2478	8.31891
93.2591	8.55459
93.2704	8.80205
93.2817	9.06198
93.293	9.3351
93.3044	9.6222
93.3157	9.92411
93.327	10.2417
93.3383	10.5757
93.3496	10.9278
93.361	11.2987
93.3723	11.6897
93.3836	12.1017
93.3949	12.5369
93.4062	12.9965
93.4175	13.4822
93.4289	13.9958
93.4402	14.5393
93.4515	15.115
93.4628	15.7253
93.4741	16.3722
93.4855	17.0599
93.4968	17.791
93.5081	18.5691
93.5194	19.3975
93.5307	20.2823
93.542	21.2277
93.5534	22.2394
93.5647	23.3232
93.576	24.4881
93.5873	25.742
93.5986	27.0945
93.6099	28.5557
93.6156	29.3322
93.6213	30.1414
93.6269	30.9852
93.6326	31.8659
93.6382	32.7857
93.6439	33.7472
93.6496	34.7532
93.6552	35.8049
93.6609	36.9091
93.6665	38.0678
93.6722	39.2847
93.6778	40.5641
93.6835	41.9106
93.6892	43.3293
93.6948	44.8256
93.7005	46.4056
93.7061	48.0756
93.7118	49.8429
93.7175	51.7152
93.7231	53.7008
93.7288	55.8091
93.7344	58.0498
93.7401	60.4339
93.7458	62.9686
93.7514	65.6755
93.7571	68.5643
93.7627	71.65
93.7684	74.9489
93.7741	78.4786
93.7797	82.2581
93.7854	86.308
93.791	90.6505
93.7967	95.3094
93.8024	100.31
93.808	105.681
93.8137	111.45
93.8193	117.65
93.825	124.314
93.8307	131.477
93.8363	139.165
93.842	147.444
93.8476	156.345
93.8533	165.912
93.8589	176.194
93.8646	187.24
93.8703	199.105
93.8759	211.842
93.8816	225.486
93.8872	240.144
93.8929	255.856
93.8986	272.686
93.9042	290.702
93.9099	309.974
93.9155	330.57
93.9212	352.564
93.9269	375.987
93.9325	400.996
93.9382	427.626
93.9438	455.952
93.9495	486.051
93.9552	517.997
93.9608	551.864
93.9665	587.725
93.9721	625.649
93.9778	665.705
93.9835	707.957
93.9891	752.465
93.9948	799.286
94.0004	848.471
94.0061	900.062
94.0118	954.1
94.0174	1010.51
94.0236	1075.07
94.0298	1142.51
94.0359	1213.05
94.0421	1286.46
94.0483	1362.95
94.0544	1442.22
94.0668	1609.22
94.0781	1771.8
94.0894	1942.56
94.1007	2120.47
94.1121	2304.13
94.1573	3065.72
94.1748	3352.8
94.1923	3623.27
94.2036	3785.4
94.215	3934.68
94.2263	4068.93
94.2376	4186.18
94.249	4285.09
94.2603	4363.41
94.2741	4429.13
94.2879	4461.48
94.29	4463.43
94.2921	4464.59
94.299	4462.78
94.3059	4452.44
94.3197	4406.63
94.327	4369.06
94.3343	4322.63
94.3489	4204.61
94.3641	4048.42
94.3793	3863
94.3946	3653.45
94.4098	3425.23
94.4278	3138.98
94.4459	2843.61
94.4611	2592.84
94.4764	2346.41
94.4916	2108.14
94.5068	1881.29
94.5145	1772.84
94.5221	1668.27
94.5297	1567.66
94.5373	1471.16
94.5449	1378.88
94.5526	1290.92
94.5602	1207.3
94.5678	1128.03
94.574	1066.35
94.5803	1007.54
94.5865	951.577
94.5928	898.483
94.599	848.034
94.6052	800.325
94.6115	755.13
94.6177	712.514
94.6239	672.258
94.6302	634.342
94.6364	598.677
94.6426	565.221
94.6489	533.772
94.6551	504.336
94.6613	476.723
94.6676	450.927
94.6752	421.611
94.6828	394.678
94.6904	369.926
94.6981	347.198
94.7057	326.317
94.7133	307.192
94.7209	289.66
94.7286	273.59
94.7362	258.843
94.7438	245.344
94.7514	232.966
94.7591	221.61
94.7667	211.186
94.7743	201.608
94.7819	192.8
94.7895	184.69
94.7978	176.556
94.8062	169.109
94.8145	162.261
94.8228	155.968
94.8311	150.158
94.8394	144.795
94.8477	139.822
94.8561	135.21
94.8644	130.913
94.8727	126.911
94.881	123.165
94.8893	119.659
94.8976	116.363
94.9059	113.266
94.9142	110.345
94.9226	107.585
94.9378	102.894
94.9531	98.6314
94.9683	94.7313
94.9835	91.151
94.9988	87.846
95.014	84.7877
95.0293	81.9466
95.0445	79.2991
95.0598	76.824
95.075	74.5075
95.0902	72.3319
95.1055	70.2871
95.1207	68.3593
95.136	66.5411
95.1512	64.8222
95.1665	63.195
95.1817	61.6514
95.197	60.187
95.2122	58.7944
95.2274	57.4701
95.2579	55.0048
95.2884	52.7594
95.3189	50.7051
95.3494	48.8199
95.3799	47.0843
95.4104	45.4823
95.4339	44.3259
95.4575	43.2347
95.481	42.2035
95.5046	41.2279
95.5281	40.303
95.5517	39.4253
95.5753	38.5915
95.5988	37.7988
95.6224	37.0437
95.6459	36.3239
95.693	34.9813
95.7402	33.7542
95.7873	32.629
95.8178	31.9494
95.8483	31.3047
95.8788	30.6923
95.9092	30.1101
95.9397	29.5558
95.9702	29.0274
96.0312	28.0423
96.0922	27.1422
96.1531	26.317
96.2141	25.558
96.2751	24.8575
96.3416	24.1528
96.4081	23.5031
96.4746	22.9024
96.5411	22.3457
96.6077	21.8282
96.6742	21.3461
96.7407	20.8958
96.8072	20.4743
96.8682	20.1108
96.9292	19.7673
96.9901	19.4422
97.0511	19.1342
97.1121	18.8419
97.1731	18.5642
97.234	18.3
97.295	18.0484
97.356	17.8084
97.4169	17.5794
97.4779	17.3604
97.5389	17.151
97.6608	16.7581
97.7828	16.3964
97.9047	16.0622
98.0267	15.7524
98.1486	15.4643
98.2706	15.1956
98.3925	14.9443
98.5145	14.7086
98.6364	14.4871
98.7584	14.2784
98.9136	14.0298
99.0688	13.7978
99.224	13.5803
99.3792	13.3758
99.5344	13.1832
99.6896	13.0013
99.8448	12.8289
100	12.6652
100.191	12.4742
100.382	12.2935
100.597	12.1011
100.812	11.9188
101.027	11.7453
101.242	11.5792
101.457	11.4195
101.672	11.2652
101.887	11.1154
102.102	10.9692
102.281	10.8494
102.46	10.7311
102.64	10.6136
102.819	10.4965
102.998	10.3792
103.088	10.3203
103.177	10.2612
103.267	10.2017
103.356	10.1418
103.446	10.0813
103.535	10.0203
103.643	9.94612
103.75	9.87073
103.858	9.79395
103.965	9.71558
104.019	9.6757
104.073	9.63542
104.127	9.59456
104.18	9.55324
104.234	9.51129
104.288	9.46883
104.342	9.42576
104.395	9.38205
104.461	9.32768
104.527	9.27232
104.592	9.21596
104.625	9.18738
104.658	9.15866
104.691	9.12962
104.724	9.10047
104.757	9.07105
104.789	9.04157
104.822	9.01188
104.855	8.9822
104.888	8.95252
104.921	8.92289
104.957	8.89065
104.992	8.85883
105.028	8.82755
105.064	8.79706
105.1	8.76761
105.136	8.73979
105.154	8.72663
105.171	8.71408
105.189	8.70224
105.207	8.69123
105.224	8.68193
105.24	8.67361
105.257	8.66635
105.273	8.66034
105.289	8.65574
105.306	8.65282
105.322	8.65184
105.339	8.65315
105.355	8.6572
105.372	8.66451
105.388	8.67577
105.404	8.69188
105.421	8.71422
105.437	8.74408
105.454	8.78374
105.462	8.8081
105.47	8.83607
105.479	8.87152
105.488	8.91275
105.497	8.96071
105.506	9.01586
105.515	9.08073
105.524	9.15541
105.533	9.24337
105.542	9.34473
105.551	9.46423
105.56	9.60203
105.569	9.76452
105.578	9.95188
105.582	10.0581
105.587	10.1727
105.591	10.2965
105.596	10.4271
105.6	10.5712
105.605	10.7266
105.609	10.8943
105.613	11.071
105.618	11.2522
105.622	11.4418
105.626	11.6447
105.63	11.8619
105.634	12.0942
105.638	12.3426
105.642	12.6081
105.646	12.8918
105.65	13.1948
105.654	13.5182
105.659	13.8635
105.663	14.2317
105.667	14.6243
105.671	15.0427
105.675	15.4883
105.679	15.9627
105.683	16.4803
105.687	17.018
105.691	17.5895
105.696	18.1966
105.7	18.8411
105.704	19.5251
105.708	20.2504
105.712	21.0191
105.716	21.8333
105.72	22.6952
105.724	23.607
105.728	24.5709
105.733	25.5893
105.737	26.6646
105.741	27.7991
105.745	28.9955
105.751	30.8627
105.757	32.8755
105.763	35.0421
105.769	37.3304
105.775	39.8261
105.781	42.5001
105.787	45.3605
105.793	48.3629
105.799	51.6169
105.805	55.081
105.811	58.7625
105.817	62.6015
105.823	66.7346
105.828	71.1048
105.834	75.7176
105.84	80.4947
105.849	87.6272
105.857	95.154
105.865	103.163
105.873	111.654
105.882	120.624
105.89	130.065
105.898	139.966
105.906	150.308
105.914	161.068
105.922	172.219
105.931	183.727
105.939	195.552
105.955	219.972
105.972	245.059
106.002	290.842
106.018	314.941
106.022	320.192
106.03	331.521
106.038	342.491
106.046	352.637
106.055	362.387
106.063	371.304
106.071	379.443
106.079	386.743
106.087	393.22
106.096	398.608
106.104	403.081
106.112	406.532
106.123	409.418
106.13	410.407
106.132	410.534
106.138	410.452
106.144	409.815
106.157	406.501
106.17	400.455
106.183	391.93
106.193	384.19
106.203	375.38
106.216	361.42
106.229	345.838
106.242	328.699
106.255	310.572
106.268	291.499
106.281	272.08
106.308	232.939
106.321	213.599
106.334	194.962
106.347	176.934
106.36	159.943
106.37	147.41
106.38	135.646
106.391	124.449
106.401	114.055
106.411	104.266
106.416	99.6385
106.421	95.2731
106.426	90.994
106.431	86.8883
106.436	82.9536
106.441	79.2595
106.448	74.6262
106.455	70.2624
106.461	66.16
106.468	62.3669
106.474	58.7571
106.481	55.3813
106.488	52.2295
106.494	49.3345
106.501	46.5972
106.507	44.0532
106.514	41.6924
106.52	39.5364
106.527	37.5089
106.533	35.6619
106.54	33.9291
106.546	32.354
106.55	31.5346
106.554	30.7512
106.557	30.0022
106.561	29.2865
106.564	28.6027
106.568	27.9495
106.572	27.3257
106.575	26.7461
106.579	26.1767
106.582	25.633
106.586	25.1141
106.59	24.6189
106.593	24.1462
106.597	23.6952
106.604	22.8654
106.611	22.0986
106.618	21.4003
106.626	20.7642
106.633	20.1921
106.64	19.6626
106.647	19.1856
106.654	18.7433
106.661	18.344
106.668	18.0024
106.674	17.6866
106.681	17.3943
106.688	17.1273
106.694	16.8753
106.701	16.6408
106.707	16.4222
106.714	16.2211
106.72	16.0298
106.727	15.8503
106.734	15.6817
106.74	15.5252
106.747	15.3752
106.753	15.2354
106.766	14.975
106.779	14.7373
106.793	14.5223
106.806	14.3233
106.819	14.1408
106.832	13.9701
106.845	13.8119
106.858	13.6636
106.871	13.524
106.886	13.3796
106.9	13.2444
106.914	13.1158
106.929	12.9949
106.943	12.8792
106.957	12.7699
106.986	12.5661
107.015	12.379
107.044	12.207
107.072	12.048
107.101	11.9008
107.127	11.7743
107.153	11.6553
107.18	11.543
107.206	11.4372
107.232	11.3365
107.258	11.2407
107.285	11.1495
107.311	11.0627
107.337	10.9793
107.364	10.8993
107.416	10.749
107.469	10.609
107.521	10.4785
107.579	10.3447
107.636	10.219
107.693	10.0998
107.751	9.98655
107.808	9.87801
107.865	9.77383
107.923	9.67324
107.98	9.5757
108.033	9.48847
108.085	9.40314
108.138	9.31941
108.19	9.23721
108.243	9.15599
108.295	9.07586
108.348	8.99632
108.4	8.91751
108.453	8.83896
108.505	8.76085
108.558	8.68274
108.611	8.60479
108.663	8.52662
108.716	8.44841
108.768	8.36979
108.821	8.29096
108.883	8.19702
108.945	8.10256
109.007	8.00737
109.069	7.91142
109.131	7.81473
109.194	7.71736
109.256	7.61948
109.318	7.5213
109.37	7.43817
109.423	7.35555
109.475	7.27351
109.528	7.1929
109.581	7.11411
109.607	7.07573
109.633	7.03836
109.659	7.00186
109.686	6.96657
109.712	6.93269
109.738	6.90059
109.781	6.85221
109.824	6.81051
109.846	6.79272
109.867	6.77734
109.889	6.76469
109.91	6.75512
109.932	6.74904
109.953	6.74692
109.975	6.74928
109.996	6.75674
110.018	6.76999
110.039	6.78984
110.061	6.81721
110.082	6.85319
110.108	6.91075
110.135	6.98584
110.161	7.08185
110.187	7.20304
110.214	7.35474
110.227	7.44445
110.24	7.5438
110.253	7.65555
110.266	7.7794
110.279	7.91782
110.292	8.07275
110.305	8.23951
110.317	8.42463
110.33	8.63402
110.343	8.8679
110.355	9.13437
110.368	9.43442
110.38	9.77936
110.387	9.97024
110.393	10.1716
110.399	10.3911
110.405	10.627
110.412	10.8811
110.418	11.1505
110.424	11.4457
110.431	11.7649
110.437	12.1103
110.443	12.4784
110.449	12.884
110.456	13.3245
110.462	13.8035
110.468	14.3163
110.471	14.5984
110.474	14.8837
110.478	15.1814
110.481	15.4921
110.484	15.8273
110.487	16.1665
110.49	16.5207
110.493	16.8907
110.497	17.4185
110.501	17.9786
110.506	18.5732
110.51	19.1889
110.514	19.8582
110.518	20.5689
110.522	21.3237
110.526	22.1058
110.531	22.9562
110.535	23.8595
110.539	24.8191
110.543	25.8132
110.547	26.8942
110.552	28.0421
110.556	29.2612
110.56	30.5238
110.563	31.4955
110.566	32.5095
110.569	33.5675
110.572	34.6713
110.575	35.8228
110.578	37.0239
110.581	38.2765
110.584	39.5827
110.587	40.9445
110.59	42.3642
110.593	43.8439
110.596	45.3859
110.599	46.9925
110.602	48.6662
110.605	50.4094
110.608	52.1629
110.611	54.0502
110.614	56.0147
110.617	58.0592
110.62	60.114
110.624	63.0037
110.627	66.0443
110.631	69.2421
110.635	72.6041
110.639	76.137
110.643	79.848
110.647	83.7442
110.651	87.7257
110.656	93.3689
110.661	99.371
110.666	105.749
110.671	112.385
110.676	119.562
110.681	127.168
110.686	135.222
110.691	143.572
110.698	155.309
110.704	167.7
110.711	181.164
110.718	195.331
110.724	210.674
110.731	227.017
110.737	244.393
110.744	262.547
110.752	285.735
110.759	310.491
110.767	336.85
110.775	364.469
110.782	389.418
110.788	415.55
110.795	442.864
110.801	470.911
110.808	500.542
110.814	530.837
110.821	562.701
110.828	595.136
110.839	654.412
110.85	715.934
110.862	780.441
110.873	846.386
110.899	1004.78
110.925	1163.29
110.939	1240.73
110.952	1314.44
110.965	1384.36
110.978	1448.27
110.989	1498.17
111.001	1542.54
111.014	1586.56
111.027	1621.19
111.04	1646.75
111.049	1657.24
111.057	1663.49
111.06	1664.61
111.061	1665
111.066	1665.43
111.07	1664.6
111.08	1659.16
111.092	1643.62
111.104	1620.62
111.115	1592.81
111.125	1559.27
111.137	1515.9
111.149	1466.46
111.161	1411.72
111.173	1352.45
111.184	1289.47
111.196	1223.63
111.22	1087.27
111.243	947.942
111.255	879.684
111.267	812.988
111.283	725.444
111.291	683.22
111.299	642.864
111.307	603.46
111.315	566.056
111.323	530.215
111.331	495.978
111.337	471.774
111.343	448.464
111.349	426.052
111.355	404.536
111.361	383.912
111.367	364.172
111.373	345.306
111.379	327.302
111.384	310.143
111.39	293.813
111.396	278.291
111.402	263.558
111.408	249.591
111.414	236.366
111.42	223.859
111.426	212.044
111.432	200.896
111.438	190.388
111.443	180.494
111.449	171.187
111.455	162.442
111.461	154.23
111.467	146.527
111.473	139.307
111.479	132.544
111.485	126.214
111.491	120.294
111.496	114.759
111.502	109.588
111.508	104.758
111.514	100.25
111.52	96.0427
111.526	92.2461
111.531	88.7563
111.537	85.4335
111.543	82.3797
111.548	79.472
111.554	76.7994
111.56	74.297
111.565	71.9536
111.571	69.7204
111.576	67.6654
111.582	65.7388
111.588	63.9314
111.593	62.2057
111.599	60.6141
111.605	59.1182
111.61	57.711
111.616	56.3633
111.621	55.1163
111.627	53.9198
111.633	52.8104
111.638	51.7438
111.644	50.7528
111.65	49.8141
111.655	48.9239
111.667	47.2616
111.678	45.7702
111.689	44.4017
111.7	43.1622
111.712	41.9656
111.724	40.8662
111.736	39.8515
111.747	38.911
111.759	38.0357
111.771	37.2181
111.783	36.4519
111.795	35.7315
111.806	35.0525
111.818	34.4108
111.83	33.803
111.842	33.2263
111.854	32.6779
111.865	32.1557
111.889	31.1819
111.905	30.5662
111.921	29.9856
111.937	29.4372
111.953	28.9182
111.97	28.4263
111.986	27.9593
112.002	27.5154
112.018	27.0954
112.034	26.6926
112.05	26.3082
112.082	25.59
112.114	24.932
112.147	24.3288
112.17	23.9153
112.194	23.5248
112.217	23.1555
112.241	22.8057
112.264	22.4739
112.288	22.1587
112.312	21.8589
112.335	21.5735
112.359	21.3014
112.383	21.0417
112.43	20.5564
112.477	20.1117
112.524	19.7028
112.571	19.3254
112.619	18.9762
112.666	18.6521
112.713	18.3504
112.76	18.069
112.807	17.8058
112.855	17.5591
112.902	17.3274
112.947	17.1188
112.992	16.9221
113.037	16.7354
113.082	16.5587
113.127	16.3905
113.172	16.2309
113.217	16.0786
113.262	15.9337
113.307	15.7951
113.352	15.6629
113.397	15.5362
113.442	15.4152
113.532	15.1876
113.623	14.9777
113.717	14.7746
113.811	14.5867
113.906	14.4123
114	14.2499
114.094	14.0984
114.189	13.9565
114.283	13.8234
114.378	13.6983
114.446	13.6118
114.515	13.5289
114.584	13.4493
114.652	13.3729
114.789	13.2287
114.927	13.0949
115.064	12.9701
115.201	12.8534
115.339	12.7441
115.476	12.6415
115.57	12.5744
115.665	12.51
115.759	12.448
115.853	12.3883
116.042	12.2754
116.231	12.1701
116.42	12.0717
116.609	11.9793
116.797	11.8925
116.986	11.8106
117.175	11.7331
117.364	11.6596
117.553	11.5898
117.741	11.5233
117.93	11.46
118.119	11.3994
118.308	11.3414
118.497	11.2859
118.685	11.2326
118.874	11.1812
119.063	11.1317
119.252	11.0839
119.441	11.0378
119.629	10.9931
120.007	10.9081
120.384	10.8281
120.762	10.7524
121.139	10.6807
121.517	10.6123
121.895	10.5471
122.272	10.4845
122.65	10.4245
123.027	10.3666
123.405	10.3108
123.782	10.2567
124.16	10.2042
124.538	10.1532
125.19	10.0683
125.842	9.98634
126.494	9.90711
127.146	9.8301
127.798	9.75481
128.451	9.68086
129.103	9.60784
129.755	9.53544
130.51	9.45188
131.265	9.36813
132.02	9.28363
132.398	9.24091
132.775	9.19779
133.153	9.1542
133.531	9.11003
133.908	9.06516
134.286	9.01958
134.663	8.97314
135.041	8.92568
135.418	8.87714
135.796	8.82748
136.173	8.7764
136.551	8.72368
136.929	8.66921
137.306	8.61278
137.684	8.55412
138.061	8.49298
138.439	8.429
138.628	8.39583
138.816	8.36182
139.091	8.31069
139.366	8.25742
139.64	8.20179
139.915	8.14355
140.189	8.08249
140.327	8.05077
140.464	8.01817
140.601	7.98463
140.739	7.95011
140.876	7.91456
141.013	7.87791
141.202	7.82559
141.391	7.77085
141.58	7.71346
141.768	7.65318
141.863	7.62183
141.957	7.58965
142.052	7.55657
142.146	7.52255
142.24	7.48754
142.335	7.45149
142.429	7.41434
142.523	7.37607
142.644	7.3255
142.764	7.27284
142.884	7.21785
143.004	7.16043
143.124	7.10025
143.244	7.0372
143.304	7.00447
143.364	6.97098
143.424	6.93658
143.484	6.90136
143.579	6.84406
143.673	6.78435
143.768	6.72207
143.815	6.68991
143.862	6.65706
143.909	6.6235
143.957	6.58919
144.004	6.55414
144.051	6.51831
144.098	6.48169
144.145	6.44427
144.192	6.40605
144.24	6.36708
144.3	6.31618
144.36	6.26395
144.42	6.21042
144.48	6.15573
144.54	6.09979
144.6	6.04293
144.63	6.01408
144.66	5.98516
144.69	5.95611
144.72	5.92698
144.767	5.88114
144.815	5.83554
144.862	5.79056
144.909	5.74668
144.933	5.72534
144.956	5.70454
144.98	5.68439
145.003	5.66501
145.027	5.64656
145.05	5.6292
145.074	5.61314
145.098	5.59862
145.117	5.58802
145.136	5.57886
145.156	5.57127
145.175	5.56549
145.194	5.56176
145.214	5.5604
145.233	5.56175
145.252	5.56625
145.272	5.57435
145.291	5.58664
145.31	5.60384
145.329	5.6268
145.349	5.6566
145.368	5.69461
145.387	5.74257
145.407	5.80274
145.418	5.84718
145.43	5.89778
145.442	5.95591
145.454	6.02277
145.466	6.09981
145.478	6.18876
145.489	6.29169
145.501	6.4111
145.513	6.54997
145.525	6.71187
145.536	6.90104
145.548	7.12258
145.56	7.38251
145.572	7.68799
145.578	7.8604
145.584	8.04748
145.59	8.25051
145.595	8.47091
145.601	8.71018
145.607	8.96996
145.613	9.25201
145.619	9.55825
145.625	9.89071
145.631	10.2516
145.637	10.6433
145.643	11.0684
145.649	11.5295
145.655	12.0296
145.66	12.5718
145.666	13.1594
145.672	13.7961
145.678	14.4854
145.684	15.2315
145.69	16.0386
145.696	16.9113
145.702	17.8542
145.708	18.8723
145.713	19.9711
145.719	21.1561
145.725	22.4331
145.731	23.8083
145.737	25.288
145.743	26.8791
145.749	28.5885
145.755	30.4234
145.761	32.3915
145.767	34.5006
145.773	36.7587
145.778	39.1742
145.784	41.7105
145.789	43.9844
145.794	46.3336
145.799	48.8611
145.804	51.4689
145.808	54.2709
145.813	57.158
145.818	60.191
145.823	63.3752
145.828	66.787
145.833	70.2925
145.837	73.965
145.842	77.8095
145.847	81.9169
145.852	86.1248
145.857	90.5202
145.862	95.1079
145.867	101.018
145.873	107.234
145.879	113.765
145.885	120.619
145.891	127.803
145.897	135.323
145.903	143.187
145.909	151.4
145.917	164.006
145.926	177.214
145.937	195.082
145.947	213.987
145.956	230.044
145.965	246.859
145.973	264.417
145.982	282.478
145.994	308.889
146.005	336.289
146.017	364.772
146.029	393.942
146.053	455.154
146.076	517.271
146.1	579.127
146.123	638.279
146.135	666.127
146.147	692.439
146.159	716.938
146.17	739.178
146.181	757.681
146.192	773.92
146.204	789.227
146.215	801.638
146.227	811.008
146.242	818.138
146.25	820.136
146.251	820.293
146.255	820.529
146.259	820.391
146.267	818.998
146.283	812.162
146.299	799.618
146.314	781.89
146.325	766.848
146.336	749.828
146.352	721.199
146.367	689.149
146.383	653.909
146.399	616.342
146.414	578.89
146.429	540.773
146.459	463.963
146.475	424.262
146.49	385.962
146.506	348.979
146.522	314.106
146.532	292.78
146.542	272.579
146.552	253.139
146.562	234.869
146.572	217.419
146.582	201.141
146.592	185.853
146.602	171.545
146.61	160.922
146.618	150.887
146.626	141.427
146.634	132.633
146.642	124.266
146.65	116.42
146.657	109.078
146.665	102.303
146.673	95.899
146.681	89.9355
146.689	84.3905
146.697	79.3051
146.705	74.5272
146.713	70.1033
146.72	66.0123
146.728	62.2795
146.736	58.7893
146.744	55.5724
146.752	52.6099
146.76	49.8839
146.768	47.3775
146.776	45.0742
146.784	42.9587
146.791	41.0399
146.799	39.2551
146.807	37.6169
146.815	36.1133
146.823	34.733
146.831	33.4655
146.839	32.301
146.847	31.2307
146.854	30.2579
146.862	29.3835
146.869	28.5852
146.877	27.8457
146.885	27.1598
146.892	26.5146
146.9	25.9227
146.907	25.3715
146.915	24.8572
146.922	24.3705
146.93	23.9212
146.937	23.4998
146.945	23.104
146.952	22.7316
146.96	22.3804
146.967	22.0487
146.975	21.7349
146.982	21.4335
146.99	21.1511
147.005	20.6265
147.02	20.1455
147.035	19.7076
147.05	19.3012
147.065	18.9271
147.08	18.5788
147.095	18.2531
147.111	17.9318
147.127	17.6302
147.142	17.3463
147.158	17.0799
147.174	16.8262
147.19	16.5872
147.205	16.3585
147.221	16.1423
147.237	15.9349
147.253	15.7368
147.284	15.3676
147.316	15.0286
147.347	14.7161
147.372	14.4902
147.396	14.2779
147.42	14.0763
147.445	13.8862
147.469	13.705
147.493	13.5335
147.518	13.3697
147.542	13.2141
147.566	13.065
147.591	12.9231
147.639	12.6567
147.688	12.4115
147.737	12.185
147.768	12.047
147.8	11.9157
147.831	11.7902
147.863	11.6701
147.895	11.5547
147.926	11.4443
147.989	11.2362
148.052	11.0429
148.115	10.863
148.178	10.6944
148.241	10.5363
148.29	10.42
148.339	10.3088
148.387	10.202
148.436	10.0993
148.485	10.0002
148.534	9.90449
148.582	9.81184
148.631	9.72198
148.728	9.54951
148.826	9.38573
148.923	9.22901
149.021	9.0781
149.112	8.94036
149.204	8.80611
149.307	8.65796
149.41	8.51217
149.513	8.36787
149.565	8.29603
149.617	8.2244
149.668	8.15262
149.72	8.08074
149.771	8.00867
149.823	7.93648
149.874	7.86379
149.926	7.79069
149.978	7.7171
150.029	7.64309
150.092	7.55157
150.155	7.45918
150.218	7.36558
150.281	7.271
150.344	7.17515
150.407	7.0784
150.471	6.98055
150.502	6.93142
150.534	6.88215
150.591	6.79233
150.62	6.74736
150.648	6.70262
150.677	6.65791
150.706	6.6136
150.734	6.56951
150.763	6.52608
150.792	6.48314
150.82	6.4412
150.849	6.40016
150.877	6.36057
150.906	6.32247
150.935	6.28647
150.963	6.25278
150.992	6.22214
151.024	6.19246
151.055	6.16823
151.087	6.15065
151.118	6.14134
151.15	6.14244
151.165	6.14772
151.181	6.15664
151.197	6.16979
151.213	6.18759
151.228	6.21095
151.244	6.24039
151.26	6.27727
151.276	6.32232
151.291	6.37761
151.307	6.44424
151.323	6.52535
151.339	6.62275
151.355	6.74127
151.37	6.88391
151.386	7.05821
151.402	7.26912
151.417	7.52847
151.425	7.67935
151.433	7.84435
151.441	8.02959
151.449	8.2352
151.457	8.46356
151.465	8.71395
151.473	8.9957
151.48	9.30908
151.488	9.65774
151.496	10.0406
151.501	10.2915
151.506	10.559
151.51	10.8441
151.515	11.1412
151.52	11.4645
151.524	11.8015
151.529	12.168
151.534	12.55
151.538	12.9655
151.543	13.4081
151.548	13.8793
151.552	14.3701
151.557	14.9036
151.561	15.4589
151.566	16.0622
151.571	16.6899
151.576	17.3715
151.58	18.0962
151.585	18.8665
151.589	19.667
151.594	20.5351
151.599	21.4367
151.603	22.4139
151.608	23.4279
151.613	24.5261
151.617	25.6649
151.622	26.8972
151.627	28.174
151.631	29.5544
151.636	30.9834
151.641	32.5269
151.645	34.1233
151.65	35.9971
151.655	37.9455
151.66	40.0094
151.665	42.1945
151.67	44.5066
151.675	46.9514
151.68	49.535
151.685	52.2636
151.69	55.2025
151.696	58.2431
151.701	61.4479
151.706	64.8236
151.71	68.3768
151.715	72.1142
151.72	76.0428
151.725	80.1692
151.731	85.0342
151.737	90.0717
151.742	95.4744
151.748	101.058
151.753	107.036
151.759	113.203
151.764	119.792
151.77	126.577
151.774	132.103
151.78	139.871
151.786	147.866
151.792	156.377
151.797	165.116
151.805	177.857
151.813	191.342
151.821	205.585
151.829	220.401
151.837	236.177
151.845	252.731
151.852	270.061
151.86	287.93
151.868	306.784
151.876	326.386
151.884	346.717
151.892	367.75
151.908	411.799
151.923	457.923
151.939	506
151.955	555.55
151.986	657.707
152.002	707.993
152.018	757.084
152.034	804.494
152.049	848.827
152.062	882.632
152.075	913.629
152.091	947.003
152.107	975.168
152.122	997.346
152.138	1012.94
152.155	1022.3
152.16	1023.75
152.161	1023.98
152.166	1024.37
152.17	1024.19
152.179	1022.19
152.195	1013.13
152.211	997.135
152.228	974.602
152.241	950.272
152.255	921.833
152.271	884.344
152.287	842.969
152.305	793.665
152.322	741.748
152.355	642.218
152.387	542.675
152.403	494.56
152.419	448.269
152.435	404.229
152.443	383.289
152.451	363.02
152.464	331.11
152.478	301.184
152.484	286.983
152.491	273.293
152.497	260.117
152.504	247.641
152.511	235.48
152.517	223.824
152.524	212.668
152.53	202.163
152.537	191.977
152.543	182.267
152.55	173.021
152.556	164.359
152.565	154.162
152.573	144.72
152.581	135.773
152.589	127.515
152.597	119.715
152.605	112.539
152.613	105.781
152.621	99.5805
152.629	93.7565
152.637	88.4269
152.645	83.4328
152.653	78.8728
152.661	74.6086
152.669	70.7223
152.677	67.0941
152.685	63.7924
152.69	61.9373
152.695	60.1714
152.7	58.4909
152.704	56.9241
152.709	55.4008
152.714	53.981
152.719	52.6006
152.723	51.3141
152.728	50.0634
152.733	48.8977
152.738	47.7643
152.742	46.7078
152.747	45.6803
152.752	44.7222
152.757	43.7903
152.761	42.9209
152.771	41.2852
152.78	39.7982
152.79	38.4446
152.799	37.2106
152.809	36.0835
152.818	35.0522
152.828	34.1064
152.837	33.237
152.846	32.5501
152.853	31.9159
152.862	31.3146
152.87	30.7575
152.878	30.2272
152.886	29.734
152.894	29.2627
152.902	28.8226
152.91	28.4005
152.918	28.0049
152.934	27.2659
152.95	26.5935
152.966	25.9776
152.982	25.4104
152.998	24.8853
153.014	24.3968
153.031	23.9407
153.047	23.5132
153.063	23.1113
153.079	22.7324
153.095	22.3765
153.111	22.0372
153.127	21.7153
153.143	21.4093
153.159	21.1179
153.175	20.8401
153.192	20.5749
153.224	20.0802
153.256	19.6248
153.288	19.2052
153.32	18.8173
153.352	18.4586
153.382	18.153
153.411	17.8663
153.44	17.5966
153.469	17.3434
153.499	17.1036
153.528	16.8776
153.557	16.6627
153.586	16.4597
153.616	16.2661
153.645	16.0826
153.674	15.9072
153.703	15.7405
153.733	15.5808
153.762	15.4287
153.791	15.2827
153.82	15.1433
153.853	14.9962
153.885	14.8556
153.917	14.7211
153.949	14.5927
154.013	14.3506
154.078	14.1277
154.142	13.921
154.207	13.7293
154.271	13.5505
154.335	13.3837
154.382	13.2688
154.429	13.1594
154.476	13.0549
154.522	12.9548
154.569	12.859
154.616	12.767
154.71	12.594
154.803	12.4339
154.897	12.2852
154.991	12.1466
155.084	12.017
155.149	11.9327
155.213	11.8519
155.277	11.7745
155.342	11.7003
155.406	11.6288
155.47	11.5601
155.599	11.4302
155.728	11.3092
155.857	11.1962
155.985	11.0903
156.114	10.9907
156.219	10.9133
156.325	10.8396
156.43	10.7691
156.535	10.7015
156.641	10.6366
156.746	10.5741
156.851	10.514
156.956	10.456
157.167	10.3457
157.378	10.2426
157.588	10.1455
157.799	10.0537
158.01	9.9666
158.22	9.88369
158.431	9.80441
158.642	9.72844
158.852	9.65535
159.063	9.58488
159.274	9.51673
159.484	9.45068
159.835	9.34472
160.186	9.24285
160.537	9.1444
160.888	9.04886
161.239	8.9556
161.59	8.86419
161.942	8.77415
162.293	8.68512
162.807	8.55557
163.322	8.42634
163.837	8.29645
164.352	8.16501
164.867	8.03105
165.124	7.96282
165.382	7.89365
165.639	7.82335
165.897	7.75185
166.154	7.679
166.411	7.60464
166.763	7.50054
167.114	7.393
167.465	7.28154
167.816	7.16585
168.167	7.04536
168.518	6.91923
168.693	6.85384
168.869	6.78687
169.044	6.71817
169.22	6.64763
169.477	6.54059
169.735	6.42903
169.992	6.31243
170.25	6.19041
170.379	6.12715
170.507	6.06236
170.636	5.99594
170.765	5.92779
170.893	5.85778
171.022	5.78593
171.151	5.7121
171.279	5.63618
171.432	5.54359
171.584	5.44787
171.736	5.34876
171.888	5.24599
172.04	5.13927
172.192	5.02855
172.344	4.91357
172.496	4.79412
172.625	4.68933
172.754	4.58119
172.883	4.46953
172.947	4.41233
173.011	4.35433
173.076	4.29536
173.14	4.23561
173.204	4.17491
173.269	4.11348
173.333	4.05115
173.398	3.98818
173.462	3.92441
173.526	3.86013
173.608	3.77742
173.69	3.69424
173.772	3.61082
173.854	3.52762
173.936	3.44523
174.018	3.36444
174.059	3.32491
174.1	3.28627
174.141	3.24853
174.181	3.21207
174.246	3.15765
174.31	3.10789
174.375	3.06417
174.439	3.02829
174.471	3.01391
174.503	3.00236
174.536	2.99401
174.568	2.98929
174.6	2.98866
174.632	2.99268
174.664	3.002
174.696	3.01726
174.737	3.04676
174.778	3.08926
174.819	3.1474
174.86	3.22385
174.881	3.2702
174.901	3.3226
174.922	3.38163
174.942	3.44761
174.963	3.52192
174.983	3.60508
175.004	3.698
175.024	3.80121
175.04	3.89099
175.056	3.98884
175.072	4.09546
175.088	4.21168
175.105	4.33837
175.121	4.47658
175.137	4.62745
175.153	4.79124
175.169	4.97151
175.185	5.16904
175.201	5.38586
175.209	5.50297
175.217	5.62436
175.23	5.83803
175.232	5.87537
175.238	5.96391
175.246	6.12357
175.255	6.29052
175.263	6.44639
175.27	6.61043
175.278	6.78323
175.286	6.96298
175.294	7.15511
175.301	7.35809
175.309	7.57275
175.316	7.79698
175.325	8.05059
175.333	8.31711
175.341	8.60463
175.349	8.90761
175.357	9.23535
175.365	9.58165
175.373	9.95728
175.381	10.3553
175.389	10.7882
175.397	11.2481
175.401	11.4973
175.405	11.7498
175.409	12.0119
175.413	12.2841
175.417	12.5741
175.421	12.8683
175.425	13.1742
175.429	13.4922
175.433	13.8315
175.437	14.176
175.441	14.5345
175.445	14.9077
175.45	15.376
175.455	15.8676
175.46	16.384
175.464	16.915
175.469	17.4846
175.474	18.0706
175.479	18.6996
175.483	19.347
175.488	20.0421
175.493	20.7579
175.498	21.5267
175.502	22.3185
175.507	23.1693
175.512	24.0458
175.517	24.9877
175.521	25.9582
175.525	26.8457
175.529	27.7502
175.534	28.6943
175.537	29.68
175.542	30.7352
175.546	31.8105
175.55	32.9329
175.554	34.1044
175.558	35.3585
175.562	36.636
175.566	37.9693
175.57	39.3605
175.574	40.8121
175.578	42.3265
175.582	43.9062
175.586	45.5539
175.59	47.3161
175.594	49.1098
175.598	50.9797
175.602	52.9288
175.606	55.0121
175.61	57.1309
175.618	61.6377
175.626	66.5886
175.634	71.8894
175.642	77.702
175.65	83.9132
175.658	90.7102
175.666	97.9576
175.674	105.871
175.682	114.288
175.69	123.456
175.698	133.183
175.706	143.615
175.714	154.787
175.722	166.889
175.731	179.659
175.739	193.452
175.747	207.962
175.755	223.586
175.763	239.971
175.771	257.557
175.779	275.938
175.787	295.602
175.795	316.085
175.803	337.921
175.811	360.588
175.819	384.664
175.827	409.564
175.835	435.582
175.843	462.717
175.851	491.323
175.859	520.681
175.867	551.507
175.875	583.014
175.891	649.49
175.907	719.774
175.924	793.415
175.94	869.848
175.972	1027.76
175.997	1151.78
176.022	1273.16
176.038	1348.38
176.054	1419.3
176.07	1485.72
176.086	1546.12
176.101	1595.17
176.115	1637.42
176.131	1675.82
176.147	1704.85
176.161	1721.79
176.174	1731.74
176.18	1733.96
176.182	1734.4
176.189	1734.65
176.195	1733.16
176.209	1724.98
176.227	1703.4
176.236	1686.29
176.246	1665.69
176.263	1623.15
176.28	1572.15
176.297	1513.06
176.313	1447.27
176.333	1362.74
176.353	1272.54
176.42	951.473
176.437	872.679
176.454	796.374
176.47	723.247
176.487	654.253
176.502	597.663
176.516	544.362
176.531	494.476
176.538	470.997
176.545	448.38
176.552	426.327
176.559	405.441
176.567	385.406
176.574	366.213
176.581	347.602
176.588	330.069
176.596	313.337
176.603	297.39
176.611	279.752
176.62	263.125
176.628	247.473
176.636	232.762
176.645	218.955
176.653	206.013
176.662	193.898
176.67	182.701
176.678	172.115
176.687	162.239
176.695	153.037
176.703	144.568
176.712	136.592
176.72	129.179
176.729	122.294
176.737	115.977
176.747	109.031
176.757	102.677
176.767	96.8673
176.776	91.5573
176.786	86.7043
176.796	82.2689
176.806	78.2143
176.816	74.5062
176.826	71.113
176.836	68.0056
176.846	65.1572
176.856	62.5434
176.866	60.1417
176.876	57.9317
176.885	55.8949
176.895	54.0145
176.904	52.5303
176.912	51.1392
176.92	49.8335
176.929	48.6062
176.937	47.4508
176.946	46.3613
176.954	45.3325
176.962	44.3707
176.979	42.5731
176.996	40.9501
177.013	39.4759
177.029	38.1371
177.046	36.9001
177.063	35.7587
177.08	34.7009
177.097	33.7223
177.113	32.8028
177.13	31.9462
177.147	31.1364
177.164	30.378
177.18	29.6574
177.197	28.9755
177.214	28.329
177.231	27.7186
177.264	26.5811
177.298	25.5458
177.331	24.599
177.365	23.7293
177.398	22.9274
177.432	22.1853
177.465	21.4945
177.499	20.8533
177.532	20.2546
177.566	19.6943
177.599	19.167
177.633	18.6727
177.666	18.2069
177.7	17.767
177.733	17.3496
177.767	16.9553
177.8	16.5809
177.834	16.2249
177.867	15.8858
177.901	15.5625
177.934	15.2536
177.968	14.9581
178.035	14.403
178.102	13.892
178.169	13.4181
178.236	12.9779
178.303	12.5662
178.37	12.1807
178.437	11.8179
178.504	11.4752
178.584	11.0926
178.663	10.7323
178.742	10.3911
178.821	10.0668
178.9	9.75682
178.98	9.46037
179.059	9.1755
179.138	8.90089
179.236	8.57517
179.351	8.20356
179.467	7.84594
179.583	7.50007
179.641	7.33095
179.699	7.16411
179.757	6.99938
179.815	6.83663
179.873	6.67575
179.93	6.51665
179.988	6.35928
180.046	6.20363
180.104	6.04973
180.162	5.89765
180.229	5.72384
180.296	5.55319
180.363	5.38561
180.43	5.2222
180.497	5.06327
180.564	4.91035
180.631	4.76461
180.698	4.62787
180.762	4.50784
180.794	4.45253
180.826	4.40089
180.858	4.35337
180.89	4.31051
180.922	4.27292
180.954	4.24128
180.986	4.21641
181.018	4.19921
181.05	4.19076
181.082	4.19229
181.114	4.20523
181.146	4.23128
181.178	4.27239
181.21	4.33089
181.235	4.38886
181.259	4.45996
181.284	4.5458
181.308	4.64782
181.32	4.70593
181.332	4.76904
181.344	4.83748
181.357	4.91163
181.369	4.99186
181.381	5.0786
181.393	5.17231
181.405	5.27264
181.421	5.41087
181.436	5.56192
181.451	5.72916
181.466	5.91196
181.482	6.11452
181.489	6.2227
181.497	6.33627
181.504	6.45553
181.512	6.58082
181.52	6.7125
181.527	6.85095
181.536	7.02028
181.545	7.19996
181.554	7.39077
181.562	7.59121
181.565	7.66564
181.577	7.95388
181.588	8.26398
181.597	8.53623
181.606	8.82468
181.616	9.13746
181.625	9.46974
181.634	9.83105
181.643	10.216
181.648	10.4218
181.652	10.6357
181.657	10.8581
181.661	11.0843
181.668	11.4268
181.674	11.7894
181.681	12.1733
181.687	12.5738
181.694	13.0051
181.7	13.4629
181.707	13.9491
181.713	14.4578
181.72	15.0071
181.726	15.5917
181.733	16.2143
181.739	16.8673
181.746	17.5741
181.752	18.3281
181.758	19.1329
181.765	19.9786
181.769	20.5643
181.773	21.1755
181.778	21.8137
181.782	22.4799
181.786	23.1756
181.79	23.9022
181.794	24.661
181.798	25.4344
181.803	26.2615
181.807	27.1256
181.811	28.0284
181.815	28.9717
181.819	29.9572
181.824	30.9869
181.828	32.0629
181.832	33.1598
181.836	34.3332
181.84	35.5593
181.845	36.8403
181.849	38.1787
181.853	39.5768
181.857	41.0374
181.861	42.563
181.865	44.1176
181.87	45.78
181.874	47.5159
181.878	49.3283
181.882	51.2205
181.886	53.1956
181.891	55.2569
181.895	57.4079
181.899	59.5975
181.903	61.9362
181.907	64.3752
181.911	66.9186
181.916	69.5701
181.924	75.2137
181.932	81.2636
181.941	87.8998
181.949	95.0887
181.958	102.868
181.966	111.172
181.974	120.242
181.983	130.021
181.991	140.553
182	151.879
182.008	164.042
182.016	177.087
182.025	191.057
182.033	205.811
182.041	221.746
182.05	238.732
182.058	256.809
182.066	275.781
182.075	296.139
182.083	317.696
182.092	340.482
182.1	364.232
182.108	389.539
182.117	416.143
182.125	444.059
182.133	472.939
182.142	503.481
182.15	535.341
182.159	568.508
182.167	602.546
182.175	638.251
182.184	675.186
182.201	752.574
182.217	834.272
182.234	919.187
182.251	1007.62
182.268	1097.68
182.301	1280.79
182.318	1371.57
182.335	1460
182.351	1544.27
182.368	1623.63
182.385	1697.22
182.402	1763.33
182.417	1816.04
182.432	1860.57
182.449	1899.69
182.462	1922.02
182.474	1937.8
182.49	1948.51
182.492	1949.16
182.5	1949.74
182.507	1947.99
182.522	1937.51
182.535	1920.59
182.548	1896.71
182.562	1865.93
182.575	1829.08
182.588	1786.04
182.602	1737.57
182.625	1642.58
182.648	1536.13
182.674	1403.03
182.701	1264.05
182.73	1111.42
182.759	962.911
182.772	896.94
182.785	833.62
182.799	772.739
182.812	714.532
182.825	659.18
182.839	606.818
182.852	557.528
182.865	511.355
182.879	468.298
182.892	428.327
182.899	409.34
182.905	391.376
182.912	373.878
182.918	357.356
182.925	341.294
182.932	326.156
182.939	311.466
182.945	297.646
182.952	284.259
182.958	271.686
182.965	259.527
182.972	248.124
182.983	230.493
182.994	214.279
183.004	199.396
183.01	192.363
183.015	185.755
183.021	179.317
183.026	173.272
183.032	167.386
183.037	161.863
183.043	156.489
183.048	151.448
183.059	142.032
183.064	137.559
183.07	133.368
183.081	125.476
183.091	118.29
183.102	111.807
183.113	105.847
183.124	100.421
183.135	95.4773
183.146	91.0102
183.153	88.4363
183.159	86.0024
183.166	83.6998
183.173	81.5521
183.179	79.4865
183.186	77.5577
183.192	75.7004
183.199	73.9639
183.212	70.7218
183.226	67.7882
183.239	65.1254
183.252	62.7002
183.266	60.4837
183.279	58.4507
183.292	56.5795
183.305	54.8509
183.319	53.2486
183.332	51.7584
183.345	50.3679
183.359	49.0665
183.374	47.6235
183.39	46.2881
183.406	45.0398
183.422	43.8692
183.437	42.7615
183.453	41.7238
183.469	40.7429
183.484	39.8138
183.5	38.9264
183.516	38.088
183.547	36.5278
183.579	35.1041
183.61	33.7985
183.637	32.7698
183.663	31.8113
183.69	30.9124
183.717	30.0672
183.743	29.271
183.77	28.5192
183.796	27.808
183.823	27.134
183.85	26.4941
183.876	25.8857
183.903	25.3063
183.929	24.7537
183.983	23.721
184.036	22.774
184.089	21.8997
184.142	21.0919
184.196	20.3409
184.249	19.6399
184.302	18.983
184.355	18.3654
184.408	17.7828
184.462	17.2312
184.52	16.6606
184.578	16.1205
184.636	15.6056
184.694	15.1149
184.752	14.6443
184.81	14.1932
184.868	13.7581
184.926	13.3388
184.974	12.9993
185.023	12.6684
185.071	12.3455
185.12	12.0306
185.168	11.7217
185.216	11.4191
185.265	11.1223
185.313	10.8315
185.361	10.5452
185.41	10.2637
185.458	9.98696
185.507	9.71537
185.555	9.44779
185.603	9.18544
185.652	8.92743
185.7	8.67517
185.753	8.40345
185.806	8.14011
185.86	7.88591
185.913	7.64258
185.966	7.41239
186.019	7.19831
186.072	7.00426
186.099	6.9163
186.126	6.8354
186.172	6.71486
186.218	6.62408
186.24	6.59189
186.263	6.57002
186.287	6.55975
186.309	6.5625
186.332	6.57999
186.355	6.61421
186.378	6.66747
186.401	6.74209
186.424	6.84187
186.447	6.97037
186.459	7.04679
186.47	7.13217
186.482	7.22726
186.493	7.33191
186.509	7.4957
186.517	7.58651
186.525	7.68247
186.533	7.78645
186.54	7.89625
186.548	8.01515
186.556	8.14065
186.564	8.27653
186.572	8.42184
186.58	8.57725
186.588	8.74133
186.595	8.91907
186.603	9.10683
186.611	9.31036
186.619	9.52552
186.624	9.68633
186.63	9.85199
186.635	10.0291
186.641	10.2116
186.646	10.4068
186.652	10.6081
186.657	10.8196
186.662	11.0418
186.668	11.2797
186.673	11.5254
186.679	11.7888
186.684	12.0609
186.69	12.3527
186.695	12.6545
186.701	12.9724
186.706	13.3073
186.713	13.7889
186.721	14.3062
186.726	14.7214
186.731	15.1517
186.737	15.6146
186.742	16.0946
186.748	16.6113
186.753	17.1475
186.759	17.714
186.764	18.3128
186.77	19.0306
186.776	19.7821
186.782	20.5958
186.788	21.4482
186.794	22.3713
186.8	23.3388
186.806	24.3869
186.812	25.4856
186.819	26.6762
186.825	27.9243
186.831	29.2769
186.837	30.6949
186.843	32.2315
186.849	33.8424
186.855	35.5581
186.861	37.3855
186.868	39.7693
186.875	42.3418
186.883	45.1172
186.89	48.0678
186.897	51.2912
186.904	54.7153
186.912	58.4526
186.919	62.4187
186.926	66.3753
186.932	70.5394
186.939	75.0531
186.946	79.7982
186.952	84.9358
186.959	90.3302
186.965	96.1635
186.972	102.28
186.979	108.886
186.985	115.803
186.992	123.261
186.999	131.06
187.005	139.456
187.012	148.221
187.019	157.643
187.025	167.462
187.032	177.998
187.039	189.13
187.045	200.881
187.052	213.083
187.059	226.13
187.065	239.653
187.072	254.083
187.079	269.01
187.085	284.908
187.092	301.32
187.099	318.763
187.105	336.734
187.112	355.792
187.118	375.385
187.125	395.803
187.132	417.057
187.138	439.5
187.145	462.824
187.158	511.755
187.172	564.196
187.185	620.128
187.198	679.485
187.212	742.152
187.225	807.961
187.238	876.693
187.251	948.07
187.265	1021.76
187.291	1174.45
187.345	1486.91
187.368	1617.29
187.391	1739.92
187.404	1805.93
187.417	1867.53
187.43	1924.1
187.444	1975.04
187.457	2019.83
187.47	2057.72
187.485	2092.14
187.5	2117.14
187.51	2128.68
187.52	2135.82
187.523	2136.95
187.531	2138.55
187.539	2137.2
187.555	2125.83
187.573	2100.81
187.59	2063.36
187.608	2011.64
187.626	1948.22
187.645	1874.45
187.663	1792.3
187.684	1685.05
187.706	1570.97
187.779	1166.17
187.797	1067.96
187.815	973.289
187.833	883.032
187.851	797.861
187.866	732.265
187.881	670.589
187.896	612.937
187.904	585.456
187.911	559.351
187.918	533.912
187.926	509.81
187.933	486.383
187.941	464.243
187.948	442.774
187.956	422.532
187.963	403.205
187.971	384.771
187.98	363.292
187.989	343.084
187.998	324.099
188.007	306.287
188.016	289.599
188.025	273.983
188.034	259.386
188.043	245.757
188.052	233.044
188.061	221.197
188.071	210.166
188.08	199.901
188.089	190.357
188.098	181.486
188.107	173.244
188.116	165.591
188.126	157.81
188.136	150.707
188.146	144.092
188.156	138.053
188.166	132.425
188.176	127.282
188.186	122.531
188.196	118.138
188.206	114.033
188.215	110.269
188.225	106.778
188.235	103.536
188.245	100.491
188.255	97.6846
188.265	95.0665
188.275	92.6201
188.284	90.5098
188.293	88.521
188.302	86.644
188.311	84.8699
188.32	83.1903
188.33	81.598
188.348	78.6484
188.366	75.9739
188.384	73.5352
188.402	71.2998
188.421	69.2408
188.439	67.3359
188.457	65.5663
188.475	63.9165
188.493	62.3731
188.512	60.9252
188.53	59.5631
188.548	58.2786
188.566	57.0713
188.584	55.9217
188.602	54.8312
188.621	53.7951
188.639	52.8093
188.657	51.8699
188.675	50.9737
188.712	49.2989
188.748	47.7642
188.785	46.3522
188.821	45.0485
188.857	43.841
188.889	42.8656
188.92	41.9513
188.952	41.0873
188.983	40.2744
189.015	39.5036
189.046	38.7759
189.077	38.0859
189.109	37.4305
189.14	36.8053
189.172	36.2119
189.203	35.6462
189.234	35.1062
189.266	34.5886
189.297	34.0952
189.36	33.1699
189.397	32.6666
189.433	32.1879
189.47	31.7306
189.506	31.2933
189.579	30.4739
189.651	29.7204
189.724	29.0251
189.797	28.3813
189.87	27.7834
189.943	27.2267
189.999	26.8216
190.055	26.4376
190.112	26.0718
190.168	25.724
190.224	25.3917
190.28	25.075
190.337	24.7717
190.393	24.4819
190.449	24.2037
190.505	23.9373
190.618	23.4354
190.73	22.9711
190.843	22.5407
190.915	22.278
190.988	22.0269
191.061	21.7866
191.134	21.5564
191.207	21.3356
191.279	21.1236
191.425	20.7238
191.571	20.3531
191.716	20.0082
191.862	19.6861
192.007	19.3845
192.153	19.1008
192.298	18.8333
192.444	18.5802
192.59	18.34
192.735	18.1111
192.808	18.0004
192.881	17.8921
192.954	17.7858
193.026	17.6816
193.099	17.579
193.172	17.4781
193.238	17.3876
193.304	17.2982
193.338	17.2539
193.371	17.21
193.404	17.1665
193.437	17.1237
193.47	17.0816
193.503	17.0411
193.536	17.0029
193.553	16.9851
193.569	16.9686
193.586	16.9537
193.602	16.9409
193.619	16.9305
193.635	16.9234
193.652	16.9202
193.669	16.922
193.685	16.9298
193.701	16.9449
193.717	16.9678
193.725	16.9828
193.733	17.0001
193.741	17.0206
193.749	17.0439
193.757	17.0709
193.764	17.1011
193.772	17.1357
193.78	17.1745
193.788	17.2179
193.796	17.2656
193.804	17.3192
193.812	17.3776
193.82	17.4427
193.827	17.5134
193.835	17.5917
193.843	17.6772
193.851	17.7704
193.859	17.8703
193.867	17.98
193.875	18.097
193.882	18.2249
193.89	18.3608
193.898	18.5086
193.906	18.665
193.914	18.8344
193.922	19.0129
193.929	19.2056
193.937	19.4077
193.945	19.6249
193.953	19.852
193.962	20.1332
193.971	20.4321
193.98	20.7491
193.989	21.0844
193.999	21.438
194.008	21.8101
194.017	22.2005
194.026	22.6089
194.035	23.0352
194.044	23.4788
194.062	24.4155
194.08	25.4127
194.099	26.4618
194.135	28.6702
194.171	30.9289
194.198	32.5261
194.216	33.5657
194.234	34.5362
194.251	35.3405
194.267	36.0593
194.285	36.7383
194.304	37.2842
194.316	37.5737
194.325	37.7417
194.333	37.8499
194.341	37.9412
194.349	37.9976
194.35	38.0014
194.352	38.0098
194.354	38.0161
194.358	38.0223
194.361	38.0219
194.369	38.0005
194.376	37.9515
194.388	37.8223
194.403	37.561
194.418	37.1974
194.432	36.7803
194.446	36.2917
194.461	35.67
194.476	34.9736
194.491	34.2488
194.505	33.4798
194.534	31.832
194.573	29.5034
194.603	27.6767
194.618	26.7908
194.633	25.9307
194.648	25.097
194.663	24.3057
194.679	23.555
194.694	22.8477
194.707	22.2411
194.721	21.6732
194.728	21.404
194.735	21.1444
194.742	20.8946
194.749	20.6579
194.756	20.4271
194.762	20.2058
194.769	19.9937
194.776	19.7907
194.783	19.5967
194.79	19.4114
194.797	19.2347
194.804	19.0686
194.811	18.9081
194.818	18.7554
194.825	18.6103
194.831	18.4725
194.838	18.3417
194.845	18.2178
194.852	18.1004
194.859	17.9909
194.866	17.8857
194.873	17.7862
194.88	17.6923
194.886	17.6048
194.893	17.521
194.9	17.4419
194.907	17.3674
194.914	17.2981
194.926	17.1879
194.937	17.0884
194.949	16.9984
194.961	16.9171
194.972	16.8435
194.984	16.7769
194.996	16.7166
195.007	16.6618
195.019	16.612
195.031	16.5665
195.043	16.5249
195.054	16.4868
195.066	16.4517
195.078	16.4193
195.101	16.3611
195.125	16.3103
195.148	16.2651
195.171	16.2242
195.195	16.1868
195.218	16.1521
195.242	16.1195
195.288	16.0594
195.335	16.0041
195.382	15.9524
195.429	15.9035
195.475	15.8569
195.522	15.8124
195.569	15.7695
195.662	15.6881
195.756	15.6114
195.85	15.5385
195.943	15.4689
196.037	15.4023
196.152	15.3232
196.268	15.2474
196.384	15.1744
196.499	15.1039
196.615	15.0357
196.73	14.9696
196.962	14.8431
197.193	14.7232
197.424	14.6093
197.655	14.5005
197.886	14.3967
198.151	14.2831
198.415	14.1743
198.679	14.0699
198.943	13.9697
199.207	13.8731
199.472	13.7799
199.736	13.6899
200	13.6025
200.295	13.5081
200.59	13.4166
200.884	13.3276
201.179	13.2409
201.474	13.1561
201.769	13.0729
202.063	12.991
202.358	12.9102
202.62	12.8389
202.882	12.7678
203.144	12.6968
203.406	12.6254
203.668	12.5534
203.93	12.4804
204.192	12.4058
204.323	12.3677
204.454	12.329
204.585	12.2896
204.716	12.2493
204.855	12.2055
204.995	12.1605
205.134	12.114
205.273	12.0659
205.412	12.016
205.551	11.9639
205.691	11.9093
205.83	11.8519
205.92	11.8129
206.01	11.7723
206.1	11.73
206.19	11.6858
206.28	11.6394
206.37	11.5907
206.46	11.5393
206.505	11.5125
206.55	11.485
206.608	11.4486
206.665	11.4109
206.722	11.3716
206.779	11.3306
206.837	11.2878
206.894	11.243
206.951	11.1962
207.009	11.1472
207.054	11.107
207.099	11.0654
207.144	11.0222
207.189	10.9776
207.212	10.9546
207.234	10.9314
207.256	10.9078
207.279	10.884
207.302	10.86
207.324	10.8358
207.346	10.8117
207.369	10.7877
207.385	10.7705
207.402	10.7537
207.418	10.7374
207.435	10.722
207.451	10.7077
207.467	10.6948
207.484	10.684
207.5	10.6759
207.516	10.6712
207.533	10.6711
207.549	10.677
207.566	10.6903
207.574	10.7005
207.582	10.7133
207.59	10.7293
207.598	10.7487
207.607	10.7719
207.615	10.7995
207.623	10.8319
207.631	10.8692
207.642	10.9312
207.654	11.0065
207.659	11.0502
207.665	11.0972
207.671	11.1485
207.676	11.2045
207.682	11.2666
207.687	11.3329
207.693	11.405
207.699	11.4832
207.704	11.5695
207.71	11.6613
207.716	11.7605
207.721	11.8676
207.727	11.9853
207.732	12.1099
207.738	12.2441
207.744	12.3884
207.749	12.5463
207.755	12.7128
207.761	12.8915
207.766	13.0829
207.772	13.2916
207.777	13.511
207.783	13.7455
207.789	13.9959
207.794	14.268
207.8	14.5531
207.805	14.8568
207.811	15.1801
207.816	15.4986
207.821	15.8289
207.826	16.1778
207.832	16.5461
207.837	16.9423
207.842	17.3523
207.847	17.7841
207.852	18.2387
207.857	18.7266
207.862	19.23
207.867	19.7589
207.873	20.3142
207.878	20.8969
207.883	21.508
207.888	22.1484
207.893	22.8191
207.903	24.2699
207.913	25.8401
207.924	27.5686
207.934	29.4294
207.944	31.4667
207.954	33.6483
207.965	36
207.975	38.5283
207.986	41.5423
207.997	44.7572
208.009	48.2361
208.02	51.9217
208.031	55.8824
208.042	60.0489
208.054	64.4947
208.065	69.1379
208.076	74.056
208.088	79.2006
208.099	84.5613
208.11	90.0749
208.121	95.8242
208.133	101.689
208.155	113.887
208.184	129.976
208.212	146.134
208.235	158.565
208.257	170.422
208.275	179.054
208.292	186.971
208.305	192.094
208.308	193.318
208.319	197.458
208.33	201.264
208.34	204.35
208.351	207.269
208.363	209.73
208.372	211.364
208.378	212.273
208.384	213.002
208.395	213.947
208.4	214.21
208.403	214.322
208.415	214.393
208.423	214.075
208.433	213.404
208.448	211.512
208.465	208.388
208.483	203.764
208.5	198.496
208.516	192.384
208.533	185.458
208.55	177.915
208.574	165.959
208.599	153.285
208.632	135.235
208.666	117.315
208.682	108.617
208.699	100.267
208.716	92.2285
208.733	84.6482
208.741	81.0027
208.749	77.4743
208.758	74.0661
208.766	70.8189
208.775	67.6559
208.783	64.6181
208.791	61.7058
208.8	58.9514
208.808	56.2878
208.816	53.7477
208.825	51.3296
208.833	49.0581
208.841	46.876
208.85	44.8088
208.858	42.8535
208.867	41.0282
208.875	39.2855
208.883	37.6444
208.892	36.1012
208.9	34.6689
208.909	33.3089
208.917	32.0351
208.925	30.8436
208.934	29.7431
208.942	28.7033
208.95	27.734
208.959	26.8313
208.967	26.0012
208.976	25.2199
208.984	24.5027
208.992	23.8289
209	23.2112
209.007	22.7319
209.014	22.2881
209.021	21.8652
209.028	21.4739
209.035	21.1013
209.042	20.7566
209.048	20.4284
209.055	20.125
209.062	19.8361
209.069	19.569
209.076	19.3146
209.083	19.0794
209.09	18.8554
209.096	18.648
209.103	18.4504
209.11	18.2674
209.117	18.0929
209.124	17.9311
209.131	17.7766
209.138	17.6332
209.144	17.496
209.151	17.3686
209.158	17.2465
209.165	17.1328
209.172	17.0237
209.179	16.9219
209.186	16.8241
209.192	16.7326
209.206	16.5619
209.22	16.4072
209.228	16.3194
209.237	16.2364
209.253	16.0839
209.27	15.9452
209.287	15.8197
209.303	15.7039
209.32	15.5979
209.337	15.4989
209.354	15.4072
209.37	15.3209
209.387	15.2402
209.404	15.1635
209.421	15.0914
209.438	15.0226
209.454	14.9575
209.488	14.836
209.509	14.7636
209.53	14.6953
209.552	14.6305
209.573	14.5687
209.615	14.4537
209.658	14.3486
209.701	14.2518
209.743	14.1626
209.786	14.0801
209.829	14.0033
209.862	13.9466
209.896	13.8929
209.929	13.8418
209.963	13.7932
210.03	13.7026
210.097	13.6199
210.164	13.544
210.231	13.474
210.298	13.4092
210.364	13.349
210.45	13.278
210.535	13.2129
210.62	13.1525
210.706	13.0966
210.791	13.0444
210.876	12.9956
210.961	12.9497
211.047	12.9066
211.18	12.8435
211.315	12.7854
211.448	12.7317
211.582	12.6818
211.716	12.6351
211.85	12.5913
211.984	12.5501
212.118	12.5111
212.338	12.4515
212.557	12.3965
212.776	12.3453
212.995	12.2973
213.214	12.2521
213.434	12.2094
213.653	12.1688
213.872	12.13
214.213	12.073
214.554	12.0194
214.895	11.9686
215.236	11.9202
215.577	11.8739
215.918	11.8293
216.259	11.786
216.6	11.744
216.99	11.6971
217.379	11.6511
217.672	11.617
217.964	11.583
218.256	11.5488
218.549	11.5142
218.695	11.4966
218.841	11.4788
218.987	11.4606
219.133	11.4419
219.279	11.4226
219.425	11.4026
219.572	11.3817
219.645	11.3708
219.718	11.3596
219.815	11.3442
219.864	11.3364
219.913	11.3287
219.974	11.3197
220.004	11.3159
220.034	11.3131
220.065	11.3117
220.095	11.3127
220.126	11.3173
220.141	11.3214
220.156	11.3272
220.172	11.335
220.187	11.345
220.202	11.3579
220.217	11.374
220.232	11.3942
220.248	11.4189
220.263	11.4488
220.278	11.4848
220.293	11.5283
220.309	11.5795
220.324	11.6399
220.339	11.7107
220.346	11.7503
220.354	11.793
220.362	11.8389
220.369	11.8882
220.377	11.9411
220.385	11.9977
220.392	12.0581
220.4	12.1227
220.407	12.185
220.413	12.2509
220.42	12.3206
220.427	12.3931
220.434	12.4706
220.441	12.551
220.448	12.6368
220.455	12.7257
220.462	12.8202
220.468	12.9178
220.475	13.0214
220.482	13.1281
220.489	13.2412
220.496	13.3573
220.509	13.6058
220.523	13.8739
220.537	14.1617
220.55	14.4689
220.564	14.7953
220.578	15.1401
220.592	15.5025
220.605	15.8811
220.619	16.2745
220.646	17.0978
220.674	17.954
220.701	18.8205
220.729	19.6711
220.744	20.1257
220.759	20.5616
220.774	20.9738
220.789	21.3574
220.806	21.7426
220.823	22.0814
220.834	22.2688
220.844	22.4345
220.861	22.65
220.871	22.7496
220.879	22.8156
220.884	22.8449
220.893	22.8891
220.9	22.9125
220.908	22.9239
220.912	22.924
220.92	22.914
220.927	22.8901
220.939	22.8312
220.954	22.7043
220.965	22.5878
220.975	22.448
220.991	22.2039
221.006	21.9157
221.021	21.6032
221.036	21.2581
221.051	20.8846
221.066	20.4872
221.092	19.7209
221.119	18.9175
221.146	18.1023
221.173	17.3014
221.186	16.9101
221.2	16.5286
221.213	16.159
221.226	15.8027
221.24	15.4612
221.253	15.1353
221.267	14.826
221.28	14.5359
221.293	14.2609
221.307	14.0035
221.32	13.7634
221.327	13.6499
221.333	13.5406
221.34	13.4356
221.347	13.3347
221.353	13.2378
221.36	13.1449
221.367	13.056
221.374	12.9709
221.38	12.8895
221.387	12.813
221.4	12.668
221.414	12.5363
221.427	12.4172
221.441	12.3098
221.454	12.2131
221.467	12.1264
221.481	12.0488
221.494	11.98
221.507	11.9182
221.521	11.8632
221.534	11.8143
221.548	11.7709
221.561	11.7324
221.574	11.6983
221.588	11.668
221.601	11.6412
221.614	11.6173
221.628	11.596
221.641	11.5769
221.655	11.5599
221.681	11.5308
221.708	11.5072
221.735	11.4873
221.762	11.4705
221.789	11.456
221.815	11.4432
221.86	11.4244
221.906	11.408
221.973	11.3867
222.041	11.368
222.108	11.351
222.176	11.3355
222.311	11.3075
222.447	11.2824
222.605	11.2555
222.762	11.2304
222.92	11.2065
223.078	11.1833
223.247	11.1588
223.416	11.1346
223.586	11.1103
223.755	11.0857
223.924	11.0605
224.093	11.0344
224.262	11.0073
224.431	10.9787
224.533	10.9607
224.634	10.9419
224.736	10.9223
224.837	10.9017
224.939	10.8798
225.04	10.8567
225.142	10.8319
225.192	10.8189
225.243	10.8054
225.305	10.7881
225.367	10.77
225.429	10.7511
225.491	10.7311
225.553	10.7103
225.584	10.6995
225.615	10.6887
225.646	10.6778
225.677	10.667
225.708	10.6567
225.739	10.6474
225.759	10.6422
225.779	10.6381
225.798	10.6353
225.818	10.6344
225.838	10.636
225.858	10.6411
225.877	10.6507
225.897	10.6663
225.907	10.6769
225.917	10.6898
225.927	10.7051
225.936	10.7231
225.946	10.7445
225.956	10.7692
225.966	10.7982
225.976	10.8314
225.986	10.8699
225.996	10.9142
226.006	10.9648
226.015	11.0218
226.025	11.0871
226.035	11.1601
226.045	11.2434
226.055	11.336
226.062	11.4058
226.068	11.481
226.075	11.5622
226.082	11.6496
226.088	11.7437
226.095	11.8448
226.102	11.9533
226.108	12.0696
226.115	12.1942
226.122	12.3275
226.129	12.4699
226.135	12.6219
226.142	12.784
226.149	12.9567
226.155	13.1404
226.162	13.3356
226.169	13.5429
226.175	13.7627
226.182	13.9956
226.189	14.242
226.196	14.5025
226.202	14.7776
226.209	15.0678
226.216	15.3735
226.222	15.6953
226.229	16.0336
226.236	16.3889
226.242	16.7617
226.249	17.1523
226.256	17.5612
226.263	17.9888
226.269	18.4286
226.277	18.9725
226.285	19.5355
226.292	20.1327
226.3	20.7491
226.308	21.4009
226.316	22.0714
226.331	23.5033
226.347	25.044
226.362	26.691
226.378	28.4401
226.393	30.2848
226.413	32.7671
226.433	35.3559
226.472	40.7743
226.503	45.1237
226.534	49.3444
226.554	51.8854
226.573	54.261
226.589	55.984
226.605	57.555
226.618	58.7753
226.631	59.8557
226.647	60.9171
226.662	61.7634
226.668	62.0183
226.675	62.2782
226.678	62.4063
226.682	62.5231
226.686	62.6226
226.691	62.7279
226.699	62.8502
226.7	62.8636
226.703	62.8917
226.706	62.9097
226.715	62.9094
226.723	62.8471
226.731	62.7171
226.745	62.3342
226.76	61.7301
226.779	60.6675
226.794	59.6136
226.809	58.3838
226.823	56.9938
226.838	55.4715
226.865	52.3783
226.892	49.0021
226.922	45.0891
226.952	41.1122
226.979	37.5419
226.992	35.8129
227.006	34.1292
227.019	32.4989
227.033	30.9287
227.046	29.4242
227.06	27.9897
227.069	27.0241
227.079	26.0958
227.088	25.2053
227.098	24.3618
227.107	23.5474
227.117	22.7793
227.126	22.0409
227.136	21.3473
227.145	20.6833
227.155	20.0555
227.164	19.4633
227.173	18.9113
227.183	18.3868
227.192	17.8997
227.202	17.4384
227.211	17.0115
227.219	16.6912
227.226	16.392
227.234	16.1053
227.241	15.838
227.249	15.5824
227.256	15.3445
227.263	15.1204
227.271	14.9092
227.278	14.7079
227.286	14.5212
227.293	14.3435
227.3	14.1789
227.308	14.0224
227.315	13.8776
227.323	13.742
227.33	13.6148
227.338	13.4942
227.345	13.3829
227.353	13.2773
227.36	13.1799
227.368	13.0876
227.375	13.0025
227.382	12.9229
227.39	12.8485
227.397	12.778
227.405	12.713
227.412	12.6522
227.419	12.5954
227.434	12.4917
227.449	12.4014
227.463	12.3281
227.476	12.2632
227.49	12.2053
227.503	12.1533
227.517	12.1063
227.53	12.0641
227.544	12.0258
227.557	11.9909
227.571	11.9587
227.584	11.9293
227.611	11.877
227.638	11.8316
227.665	11.7915
227.692	11.7554
227.719	11.7229
227.746	11.6932
227.773	11.6657
227.828	11.6163
227.882	11.5729
227.952	11.5234
228.022	11.4799
228.093	11.4415
228.163	11.407
228.233	11.3758
228.303	11.3473
228.374	11.3212
228.444	11.2971
228.563	11.2599
228.682	11.2267
228.8	11.1966
228.919	11.169
229.038	11.1435
229.157	11.1198
229.276	11.0975
229.395	11.0765
229.622	11.0392
229.849	11.0048
230.076	10.9726
230.303	10.942
230.53	10.9127
230.757	10.8844
230.984	10.8567
231.211	10.8295
231.557	10.7884
231.903	10.7474
232.141	10.7189
232.379	10.6899
232.617	10.6603
232.855	10.6299
233.093	10.5984
233.33	10.5656
233.568	10.5312
233.806	10.4949
234.044	10.4562
234.282	10.4146
234.401	10.3925
234.52	10.3695
234.638	10.3453
234.757	10.32
234.871	10.2946
234.984	10.2678
235.098	10.2395
235.212	10.2095
235.325	10.1776
235.439	10.1435
235.552	10.1071
235.666	10.0679
235.725	10.0461
235.785	10.0233
235.844	9.99962
235.903	9.97487
235.963	9.94893
236.022	9.92179
236.082	9.89327
236.141	9.86336
236.201	9.83185
236.26	9.79867
236.32	9.76371
236.379	9.7269
236.439	9.68802
236.468	9.66782
236.498	9.6471
236.528	9.62578
236.558	9.60401
236.587	9.58174
236.617	9.55902
236.652	9.53164
236.687	9.50407
236.722	9.47661
236.74	9.46317
236.757	9.45019
236.775	9.43771
236.793	9.42605
236.81	9.41553
236.828	9.40661
236.845	9.39973
236.863	9.39565
236.881	9.39519
236.898	9.39944
236.913	9.40778
236.928	9.42153
236.943	9.44196
236.957	9.47031
236.972	9.50874
236.987	9.55878
236.995	9.58941
237.002	9.62356
237.01	9.66197
237.017	9.70506
237.024	9.75392
237.032	9.80772
237.039	9.86842
237.047	9.93495
237.054	10.0097
237.062	10.0912
237.069	10.1812
237.076	10.2803
237.084	10.3908
237.091	10.5106
237.099	10.6418
237.106	10.7854
237.114	10.9445
237.121	11.1158
237.128	11.3026
237.136	11.5057
237.141	11.6559
237.146	11.8148
237.151	11.9829
237.156	12.1569
237.161	12.3443
237.166	12.5421
237.171	12.7509
237.176	12.9665
237.181	13.1981
237.187	13.4421
237.192	13.6988
237.197	13.9634
237.202	14.2471
237.207	14.5391
237.217	15.1731
237.227	15.8772
237.237	16.6419
237.247	17.4872
237.257	18.4012
237.268	19.4068
237.278	20.4891
237.288	21.6623
237.298	22.9312
237.305	23.938
237.313	24.9875
237.32	26.1096
237.328	27.2763
237.335	28.5207
237.343	29.8111
237.35	31.1651
237.358	32.5842
237.365	34.0899
237.372	35.6433
237.38	37.2648
237.387	38.9554
237.402	42.5707
237.417	46.4434
237.43	50.0473
237.443	53.8308
237.456	57.8479
237.468	62.0289
237.481	66.4293
237.494	70.9683
237.507	75.6643
237.52	80.4998
237.535	86.277
237.549	92.1793
237.579	104.152
237.609	116.128
237.639	127.613
237.657	134.487
237.676	140.889
237.689	144.72
237.701	148.252
237.714	151.847
237.728	155.2
237.737	156.904
237.744	158.321
237.751	159.617
237.759	160.753
237.766	161.746
237.774	162.592
237.781	163.298
237.789	163.891
237.8	164.384
237.803	164.465
237.815	164.537
237.826	164.255
237.837	163.629
237.848	162.676
237.868	160.087
237.89	156.076
237.903	153.161
237.916	149.879
237.938	143.595
237.96	136.546
237.983	128.804
238.005	120.645
238.043	105.992
238.081	91.3565
238.103	83.1456
238.125	75.3282
238.136	71.5645
238.148	67.9542
238.159	64.4392
238.17	61.0889
238.184	56.9955
238.198	53.1344
238.212	49.5095
238.226	46.145
238.233	44.5276
238.24	42.9912
238.247	41.512
238.254	40.0893
238.261	38.7033
238.268	37.392
238.275	36.1346
238.282	34.9302
238.293	33.1258
238.304	31.4467
238.315	29.8878
238.326	28.4562
238.332	27.7688
238.338	27.1201
238.343	26.4968
238.349	25.8983
238.354	25.3135
238.36	24.7626
238.365	24.2343
238.371	23.7279
238.376	23.234
238.382	22.7697
238.387	22.3251
238.393	21.8997
238.398	21.4855
238.404	21.0966
238.409	20.7249
238.415	20.3697
238.42	20.0244
238.426	19.7006
238.431	19.3915
238.437	19.0965
238.443	18.8101
238.448	18.5418
238.453	18.2859
238.459	18.0419
238.465	17.8052
238.47	17.5837
238.476	17.3688
238.481	17.1678
238.487	16.9729
238.492	16.7906
238.498	16.6169
238.503	16.4514
238.509	16.291
238.514	16.1409
238.52	15.9979
238.525	15.8617
238.531	15.7296
238.536	15.606
238.548	15.3758
238.559	15.1647
238.57	14.9728
238.581	14.798
238.592	14.64
238.603	14.4943
238.614	14.362
238.625	14.2397
238.636	14.1281
238.646	14.038
238.655	13.9546
238.665	13.8758
238.674	13.8028
238.684	13.7334
238.693	13.6688
238.712	13.5495
238.732	13.4426
238.751	13.3458
238.77	13.2577
238.789	13.1767
238.808	13.102
238.827	13.0325
238.846	12.9677
238.865	12.9069
238.884	12.8496
238.903	12.7955
238.942	12.6955
238.986	12.5912
239.03	12.4974
239.074	12.4122
239.119	12.3345
239.163	12.263
239.207	12.1972
239.251	12.1363
239.295	12.0798
239.36	12.0043
239.424	11.9358
239.489	11.8733
239.553	11.816
239.617	11.7633
239.681	11.7145
239.746	11.6693
239.81	11.6272
239.899	11.5737
239.987	11.5248
240.076	11.4798
240.164	11.4383
240.252	11.3998
240.341	11.364
240.429	11.3305
240.518	11.2991
240.647	11.2568
240.775	11.2179
240.904	11.1819
241.032	11.1486
241.161	11.1175
241.29	11.0883
241.419	11.0609
241.547	11.0351
241.805	10.9874
242.062	10.9442
242.271	10.9118
242.48	10.8815
242.689	10.853
242.898	10.826
243.107	10.8004
243.316	10.776
243.735	10.73
244.089	10.6935
244.442	10.659
244.796	10.6259
245.15	10.594
245.504	10.5631
245.858	10.5329
246.212	10.5033
246.565	10.474
246.952	10.4424
247.338	10.4109
247.724	10.3792
248.11	10.3473
248.496	10.3148
248.882	10.2815
249.268	10.2473
249.654	10.2117
250.008	10.1776
250.362	10.1416
250.715	10.1032
250.892	10.083
251.069	10.0619
251.222	10.0429
251.375	10.0231
251.528	10.0023
251.68	9.98052
251.833	9.95751
251.986	9.93311
252.139	9.90708
252.292	9.87913
252.38	9.86193
252.469	9.84388
252.557	9.8249
252.646	9.80489
252.734	9.7837
252.822	9.76123
252.911	9.7373
252.999	9.71182
253.06	9.69347
253.12	9.67443
253.18	9.65489
253.21	9.6451
253.241	9.63552
253.271	9.62636
253.301	9.61805
253.331	9.61122
253.361	9.60682
253.392	9.60624
253.407	9.608
253.422	9.61152
253.437	9.61726
253.452	9.62566
253.467	9.63728
253.482	9.65266
253.501	9.67899
253.52	9.71458
253.53	9.73665
253.539	9.76163
253.549	9.79041
253.558	9.82274
253.568	9.8597
253.577	9.90096
253.587	9.94783
253.596	9.99984
253.606	10.0586
253.616	10.1235
253.625	10.1964
253.635	10.2765
253.644	10.3661
253.654	10.4641
253.663	10.5732
253.673	10.692
253.682	10.8238
253.692	10.9667
253.702	11.1246
253.711	11.295
253.721	11.4825
253.73	11.6841
253.74	11.905
253.749	12.1416
253.759	12.3999
253.768	12.6754
253.778	12.9717
253.787	13.2897
253.799	13.69
253.81	14.1226
253.821	14.5889
253.832	15.0855
253.843	15.6224
253.854	16.1911
253.865	16.8028
253.876	17.447
253.887	18.136
253.898	18.8576
253.909	19.625
253.92	20.4242
253.931	21.269
253.942	22.1436
253.953	23.0627
253.964	24.0083
253.987	26.0149
254.009	28.127
254.031	30.3299
254.053	32.5946
254.087	36.1413
254.121	39.6106
254.143	41.7374
254.165	43.7222
254.183	45.1333
254.2	46.4147
254.222	47.8446
254.244	49.0073
254.258	49.5867
254.269	49.9485
254.27	49.9774
254.273	50.0546
254.275	50.1241
254.281	50.2502
254.286	50.3555
254.291	50.4317
254.3	50.5257
254.307	50.5633
254.317	50.5563
254.328	50.4715
254.339	50.3075
254.351	50.0143
254.372	49.2802
254.394	48.2629
254.41	47.2956
254.427	46.1935
254.448	44.5695
254.469	42.7768
254.5	39.9308
254.531	36.9096
254.574	32.6688
254.595	30.5828
254.617	28.5703
254.637	26.7234
254.657	24.9804
254.668	24.1442
254.678	23.3362
254.688	22.5574
254.698	21.8156
254.708	21.0969
254.718	20.4089
254.729	19.752
254.739	19.132
254.749	18.5365
254.759	17.9769
254.769	17.4417
254.779	16.9408
254.788	16.5274
254.797	16.1393
254.806	15.7711
254.814	15.4225
254.823	15.0889
254.832	14.7775
254.84	14.4836
254.849	14.2066
254.858	13.943
254.867	13.6981
254.875	13.4681
254.884	13.2523
254.893	13.0479
254.902	12.8587
254.91	12.6817
254.919	12.5164
254.928	12.3603
254.936	12.2164
254.945	12.0822
254.954	11.9572
254.963	11.8395
254.971	11.7313
254.98	11.6306
254.989	11.537
254.998	11.449
255.006	11.3682
255.015	11.2932
255.024	11.2234
255.032	11.1586
255.041	11.0983
255.05	11.0423
255.059	10.9903
255.072	10.916
255.086	10.8496
255.099	10.79
255.113	10.7368
255.126	10.6886
255.14	10.645
255.154	10.6054
255.167	10.5696
255.181	10.5367
255.194	10.5064
255.221	10.4528
255.248	10.4064
255.276	10.3656
255.303	10.3288
255.33	10.2956
255.357	10.2649
255.384	10.2365
255.438	10.1846
255.493	10.1378
255.531	10.1066
255.57	10.0771
255.648	10.0218
255.725	9.97046
255.803	9.92188
255.857	9.88908
255.911	9.85703
255.966	9.82554
256.02	9.7945
256.074	9.76363
256.129	9.73286
256.183	9.70205
256.237	9.67114
256.311	9.62864
256.384	9.58535
256.458	9.541
256.532	9.49536
256.605	9.44804
256.679	9.3988
256.716	9.37335
256.753	9.34737
256.79	9.32077
256.826	9.29351
256.869	9.26102
256.912	9.22762
256.954	9.19315
256.997	9.15774
257.04	9.12125
257.082	9.08397
257.125	9.04606
257.146	9.02702
257.168	9.00805
257.189	8.98922
257.21	8.97092
257.232	8.95333
257.253	8.93686
257.274	8.92197
257.296	8.90952
257.317	8.90041
257.338	8.89592
257.359	8.89776
257.37	8.90175
257.381	8.90814
257.392	8.91745
257.402	8.92993
257.413	8.9463
257.423	8.96681
257.434	8.99246
257.445	9.02348
257.455	9.06122
257.466	9.10585
257.477	9.1592
257.487	9.22133
257.498	9.29463
257.509	9.37904
257.52	9.48758
257.532	9.61316
257.538	9.68463
257.544	9.76029
257.549	9.84164
257.555	9.92902
257.561	10.0245
257.567	10.1251
257.573	10.2329
257.579	10.3482
257.584	10.4715
257.59	10.6033
257.596	10.7439
257.602	10.8939
257.608	11.0565
257.613	11.2269
257.619	11.4082
257.625	11.601
257.631	11.8057
257.637	12.0231
257.642	12.2537
257.648	12.4982
257.654	12.7617
257.66	13.0361
257.666	13.3263
257.672	13.633
257.677	13.957
257.683	14.299
257.689	14.6597
257.695	15.0399
257.705	15.795
257.716	16.624
257.727	17.532
257.737	18.5144
257.748	19.595
257.759	20.7587
257.769	22.0327
257.78	23.3982
257.791	24.8861
257.801	26.4889
257.812	28.2112
257.823	30.0397
257.833	32.0128
257.844	34.0974
257.855	36.3359
257.865	38.689
257.877	41.4455
257.889	44.345
257.9	47.4108
257.912	50.6427
257.924	54.0689
257.935	57.6279
257.947	61.3437
257.958	65.2106
257.98	72.7148
258.001	80.6089
258.022	88.8497
258.044	97.3423
258.077	110.733
258.11	123.98
258.131	132.204
258.152	139.996
258.169	145.64
258.185	150.867
258.201	155.341
258.214	158.853
258.225	161.362
258.236	163.593
258.246	165.576
258.257	167.264
258.268	168.679
258.278	169.797
258.288	170.554
258.299	171.098
258.3	171.131
258.303	171.217
258.31	171.313
258.316	171.294
258.328	170.945
258.341	170.2
258.353	169.062
258.364	167.612
258.376	165.837
258.388	163.624
258.401	161.072
258.416	157.371
258.432	153.199
258.456	145.764
258.48	137.52
258.505	128.655
258.529	119.43
258.574	102.232
258.596	93.7635
258.618	85.5827
258.63	81.2106
258.642	76.9595
258.654	72.8418
258.667	68.868
258.679	65.0467
258.691	61.3849
258.703	57.8879
258.715	54.5592
258.724	52.3664
258.732	50.2794
258.74	48.2715
258.749	46.3426
258.757	44.4703
258.765	42.6983
258.774	41.003
258.782	39.3832
258.79	37.8193
258.799	36.347
258.807	34.9456
258.815	33.6133
258.824	32.3483
258.832	31.1485
258.84	30.0119
258.849	28.9363
258.855	28.1835
258.861	27.4617
258.867	26.7698
258.873	26.1072
258.879	25.4728
258.885	24.8659
258.891	24.2854
258.897	23.7305
258.903	23.2004
258.909	22.6942
258.916	22.2111
258.922	21.7501
258.928	21.3104
258.934	20.8913
258.94	20.492
258.946	20.1115
258.952	19.7493
258.958	19.4044
258.964	19.0763
258.97	18.7641
258.977	18.4671
258.983	18.1848
258.989	17.9164
258.995	17.6613
259.001	17.4189
259.007	17.1885
259.013	16.9697
259.019	16.7618
259.025	16.5644
259.031	16.3768
259.038	16.1987
259.044	16.0294
259.05	15.8687
259.056	15.716
259.062	15.5709
259.068	15.4331
259.074	15.302
259.08	15.1775
259.092	14.9464
259.105	14.7372
259.117	14.5476
259.129	14.3754
259.141	14.2188
259.154	14.0759
259.166	13.9453
259.178	13.8256
259.19	13.7156
259.202	13.6142
259.215	13.5205
259.227	13.4335
259.239	13.3533
259.25	13.2844
259.261	13.2195
259.283	13.1003
259.305	12.993
259.327	12.8961
259.35	12.807
259.372	12.7249
259.394	12.6488
259.416	12.5781
259.438	12.5116
259.461	12.449
259.483	12.39
259.505	12.3344
259.549	12.2309
259.594	12.1373
259.642	12.0435
259.691	11.9581
259.74	11.8799
259.789	11.808
259.838	11.7415
259.886	11.6799
259.935	11.6227
259.984	11.5692
260.059	11.4933
260.135	11.4243
260.21	11.3614
260.286	11.3037
260.361	11.2505
260.436	11.2013
260.512	11.1556
260.587	11.113
260.685	11.062
260.782	11.0149
260.88	10.9714
260.978	10.931
261.075	10.8933
261.173	10.858
261.27	10.8249
261.368	10.7938
261.519	10.749
261.67	10.7077
261.82	10.6696
261.971	10.634
262.122	10.6008
262.273	10.5696
262.424	10.5401
262.574	10.5123
262.769	10.4783
262.965	10.4463
263.16	10.4161
263.355	10.3875
263.745	10.334
264.136	10.2848
264.544	10.2369
264.952	10.1917
265.36	10.1487
265.768	10.1073
266.176	10.0672
266.584	10.028
266.992	9.98939
267.4	9.95107
267.968	9.89777
268.536	9.84392
268.89	9.80967
269.245	9.77474
269.6	9.73894
269.955	9.70205
270.31	9.6638
270.665	9.62393
271.02	9.58207
271.374	9.53782
271.57	9.51223
271.765	9.48563
271.96	9.45789
272.155	9.4289
272.35	9.39845
272.545	9.36638
272.741	9.33242
272.936	9.29634
273.166	9.25045
273.282	9.22599
273.397	9.20041
273.512	9.17354
273.628	9.14529
273.743	9.1155
273.858	9.08398
273.956	9.0558
274.054	9.02611
274.151	8.99473
274.249	8.96153
274.346	8.92622
274.444	8.88859
274.541	8.84839
274.639	8.80532
274.697	8.77833
274.754	8.75011
274.812	8.72058
274.87	8.6897
274.927	8.65727
274.985	8.62328
275.043	8.58753
275.1	8.55006
275.149	8.51689
275.198	8.48242
275.247	8.44675
275.296	8.41017
275.32	8.39174
275.344	8.37339
275.369	8.35533
275.393	8.33787
275.417	8.32144
275.442	8.30665
275.466	8.29437
275.491	8.28579
275.508	8.28274
275.526	8.28329
275.544	8.28847
275.562	8.29946
275.579	8.3179
275.597	8.34544
275.615	8.38466
275.624	8.40944
275.633	8.43782
275.642	8.47088
275.65	8.50878
275.659	8.55202
275.668	8.60058
275.677	8.65615
275.686	8.71885
275.695	8.78938
275.704	8.86756
275.713	8.95598
275.721	9.05465
275.73	9.16452
275.739	9.28515
275.748	9.42033
275.757	9.56815
275.766	9.73315
275.774	9.91289
275.781	10.0479
275.787	10.1918
275.793	10.3453
275.799	10.5088
275.805	10.6827
275.811	10.8677
275.817	11.0643
275.823	11.273
275.829	11.4944
275.836	11.7291
275.842	11.9778
275.848	12.241
275.854	12.5194
275.86	12.8136
275.866	13.1244
275.872	13.4524
275.878	13.7983
275.884	14.1629
275.89	14.5468
275.897	14.9508
275.903	15.3756
275.909	15.822
275.915	16.2907
275.921	16.7825
275.927	17.2982
275.933	17.8384
275.939	18.4041
275.945	18.9959
275.958	20.261
275.97	21.6397
275.978	22.5834
275.985	23.5773
275.993	24.6228
276.001	25.707
276.009	26.8592
276.016	28.0511
276.024	29.3147
276.032	30.6186
276.04	31.9975
276.047	33.4357
276.063	36.4722
276.078	39.7487
276.094	43.2661
276.106	46.2029
276.118	49.2857
276.13	52.5107
276.143	55.8733
276.155	59.3672
276.167	62.9846
276.192	70.5523
276.212	77.033
276.231	83.6648
276.251	90.4438
276.271	97.2231
276.296	105.456
276.32	113.441
276.344	121.002
276.369	127.964
276.383	131.747
276.398	135.201
276.404	136.675
276.417	139.206
276.429	141.472
276.441	143.459
276.452	145.013
276.464	146.42
276.47	147.023
276.476	147.529
276.483	147.964
276.492	148.485
276.5	148.763
276.503	148.833
276.515	148.914
276.525	148.749
276.534	148.389
276.549	147.455
276.568	145.57
276.587	142.944
276.605	139.821
276.623	136.132
276.642	131.712
276.661	126.802
276.685	119.961
276.709	112.617
276.748	100.476
276.786	88.1318
276.805	82.0276
276.824	76.1027
276.843	70.3757
276.862	64.8896
276.879	60.1333
276.896	55.6257
276.913	51.3816
276.922	49.3731
276.931	47.433
276.939	45.5403
276.948	43.7388
276.957	42.0063
276.965	40.3425
276.974	38.7287
276.983	37.2014
276.991	35.7407
277	34.3455
277.009	32.8641
277.019	31.4751
277.028	30.1608
277.038	28.919
277.047	27.7475
277.057	26.6437
277.066	25.6053
277.076	24.6296
277.085	23.7141
277.095	22.8562
277.104	22.0531
277.114	21.3024
277.123	20.6014
277.133	19.9475
277.142	19.3381
277.152	18.7709
277.159	18.3784
277.166	18.0118
277.173	17.6642
277.18	17.3349
277.186	17.023
277.193	16.7278
277.2	16.4483
277.207	16.1839
277.214	15.9303
277.221	15.6939
277.228	15.4705
277.235	15.2592
277.242	15.0596
277.249	14.8709
277.256	14.6925
277.262	14.524
277.269	14.3625
277.276	14.2121
277.283	14.0699
277.29	13.9355
277.297	13.8084
277.304	13.6882
277.311	13.5745
277.318	13.4669
277.332	13.2686
277.345	13.0906
277.359	12.9304
277.373	12.786
277.382	12.6938
277.392	12.6085
277.401	12.5288
277.411	12.454
277.43	12.3178
277.449	12.197
277.468	12.089
277.487	11.9917
277.506	11.9035
277.525	11.823
277.544	11.749
277.563	11.6806
277.582	11.617
277.601	11.5575
277.639	11.449
277.677	11.352
277.701	11.2951
277.725	11.2415
277.774	11.1428
277.822	11.0538
277.87	10.973
277.919	10.8989
277.967	10.8308
278.016	10.7677
278.064	10.7092
278.14	10.625
278.216	10.5491
278.292	10.4801
278.368	10.417
278.444	10.3589
278.52	10.3052
278.596	10.2553
278.672	10.2087
278.776	10.1499
278.879	10.0956
278.983	10.0453
279.087	9.99842
279.19	9.9544
279.294	9.91295
279.398	9.87368
279.501	9.83637
279.626	9.7938
279.75	9.75335
279.875	9.71473
279.999	9.67773
280.248	9.60759
280.496	9.54162
280.717	9.48558
280.939	9.43139
281.16	9.37851
281.381	9.32658
281.685	9.25604
281.989	9.18583
282.293	9.1152
282.597	9.04356
282.901	8.97024
283.205	8.89468
283.509	8.81623
283.813	8.73426
284.035	8.672
284.256	8.60723
284.477	8.53957
284.698	8.46875
284.919	8.39432
285.14	8.31586
285.361	8.2328
285.582	8.14457
285.735	8.08055
285.887	8.0136
286.038	7.94341
286.19	7.8697
286.343	7.79208
286.495	7.71029
286.647	7.6239
286.799	7.53244
286.93	7.44898
287.061	7.361
287.192	7.26813
287.324	7.16991
287.389	7.11862
287.455	7.06588
287.521	7.01148
287.586	6.95551
287.652	6.89771
287.718	6.83819
287.783	6.77667
287.849	6.71326
287.925	6.6371
288.001	6.55811
288.077	6.47605
288.153	6.39076
288.229	6.3021
288.305	6.20993
288.381	6.1141
288.457	6.0145
288.533	5.91088
288.571	5.85767
288.609	5.80346
288.647	5.74828
288.685	5.69211
288.723	5.63499
288.761	5.57692
288.799	5.51794
288.837	5.4581
288.875	5.39746
288.913	5.33609
288.951	5.27409
288.989	5.21158
289.027	5.14874
289.065	5.08575
289.11	5.01132
289.155	4.93775
289.2	4.86556
289.245	4.79569
289.29	4.72925
289.312	4.69789
289.335	4.66823
289.357	4.64033
289.38	4.61482
289.402	4.59194
289.425	4.57244
289.444	4.55897
289.463	4.54886
289.482	4.54272
289.501	4.54128
289.52	4.54546
289.539	4.55635
289.558	4.5753
289.577	4.60399
289.596	4.64445
289.615	4.69921
289.634	4.77137
289.653	4.86477
289.672	4.9841
289.691	5.13514
289.7	5.22469
289.71	5.32493
289.719	5.43698
289.729	5.56208
289.736	5.6755
289.744	5.79946
289.752	5.93485
289.76	6.08065
289.767	6.24167
289.775	6.41721
289.783	6.60847
289.791	6.81397
289.799	7.0404
289.806	7.28669
289.814	7.55445
289.822	7.84149
289.83	8.15707
289.837	8.49957
289.845	8.87108
289.853	9.26844
289.861	9.70431
289.869	10.1763
289.876	10.6869
289.884	11.2319
289.892	11.8281
289.9	12.4721
289.908	13.1672
289.915	13.9069
289.923	14.7142
289.931	15.5838
289.939	16.5198
289.946	17.5131
289.954	18.5942
289.962	19.7552
289.97	21.0011
289.977	22.3196
289.985	23.7121
289.993	25.2004
290	26.79
290.008	28.4633
290.015	30.2707
290.023	32.1703
290.03	34.2189
290.038	36.3685
290.046	38.683
290.053	41.1411
290.061	43.7494
290.068	46.4774
290.076	49.4047
290.083	52.4611
290.091	55.735
290.098	59.1473
290.105	62.5009
290.112	65.9717
290.119	69.6117
290.126	73.4264
290.132	76.9485
290.138	80.5536
290.15	88.1963
290.158	93.4834
290.166	99.0305
290.174	104.845
290.181	110.852
290.189	117.215
290.197	123.777
290.205	130.712
290.212	137.849
290.222	147.156
290.231	156.82
290.241	166.942
290.25	177.525
290.26	188.572
290.269	200.083
290.279	212.056
290.288	224.49
290.304	245.891
290.32	268.332
290.335	292.049
290.351	316.67
290.37	348.156
290.389	380.892
290.408	414.64
290.426	448.939
290.465	519.001
290.502	587.482
290.522	620.535
290.541	651.891
290.56	681.315
290.579	708.407
290.595	729.625
290.611	748.598
290.63	767.503
290.649	782.845
290.668	794.349
290.68	799.594
290.692	803.258
290.7	804.808
290.702	805.088
290.709	805.685
290.715	805.803
290.728	804.629
290.75	798.15
290.773	786.128
290.795	768.868
290.815	750.083
290.834	728.011
290.856	698.765
290.879	666.185
290.904	627.679
290.928	586.855
290.973	508.675
291.018	430.498
291.041	392.736
291.063	356.432
291.086	321.922
291.097	305.351
291.108	289.464
291.126	264.579
291.145	241.258
291.154	230.196
291.163	219.537
291.172	209.282
291.182	199.428
291.191	189.974
291.2	180.916
291.209	172.249
291.218	163.968
291.228	156.065
291.237	148.533
291.246	141.363
291.255	134.618
291.266	126.708
291.278	119.361
291.289	112.425
291.3	106.002
291.311	99.9578
291.323	94.3772
291.334	89.1396
291.345	84.3169
291.356	79.8018
291.368	75.6539
291.379	71.779
291.39	68.2262
291.401	64.913
291.413	61.8799
291.424	59.0553
291.435	56.4725
291.442	55.024
291.448	53.664
291.455	52.3481
291.462	51.1128
291.468	49.9176
291.475	48.7956
291.482	47.7101
291.488	46.691
291.495	45.7049
291.502	44.7788
291.508	43.8825
291.515	43.0405
291.522	42.2253
291.528	41.4592
291.541	40.0295
291.555	38.7158
291.568	37.5164
291.581	36.4195
291.594	35.4219
291.608	34.4988
291.621	33.6496
291.634	32.8665
291.648	32.148
291.659	31.5747
291.67	31.0409
291.681	30.5341
291.693	30.0605
291.704	29.6091
291.715	29.1858
291.726	28.7808
291.738	28.3996
291.76	27.6879
291.783	27.0395
291.805	26.4449
291.827	25.899
291.85	25.3908
291.873	24.9177
291.895	24.4756
291.918	24.061
291.94	23.6709
291.962	23.303
291.985	22.955
292.007	22.6267
292.03	22.3136
292.052	22.0158
292.075	21.7322
292.097	21.4616
292.12	21.2032
292.142	20.956
292.187	20.4926
292.232	20.0662
292.277	19.6723
292.322	19.3073
292.367	18.9687
292.404	18.7085
292.441	18.4624
292.478	18.2293
292.514	18.0081
292.551	17.7981
292.588	17.5982
292.625	17.4079
292.662	17.2263
292.698	17.053
292.735	16.8874
292.772	16.7288
292.809	16.577
292.882	16.2918
292.956	16.0291
293.001	15.8781
293.046	15.7338
293.091	15.596
293.136	15.4644
293.181	15.3381
293.226	15.217
293.316	14.9894
293.406	14.7788
293.496	14.5839
293.586	14.4024
293.676	14.2334
293.737	14.1244
293.798	14.0203
293.86	13.9206
293.921	13.8252
294.044	13.6457
294.166	13.4801
294.289	13.3264
294.412	13.1837
294.534	13.0504
294.657	12.9258
294.747	12.8393
294.837	12.7568
294.927	12.6778
295.017	12.6022
295.197	12.46
295.376	12.3288
295.556	12.207
295.736	12.0936
295.916	11.9877
296.096	11.8883
296.309	11.7784
296.521	11.6756
296.734	11.5792
296.947	11.4884
297.159	11.4025
297.372	11.3211
297.584	11.2434
297.797	11.1691
298.091	11.0712
298.386	10.9782
298.68	10.8893
298.974	10.8039
299.269	10.7213
299.563	10.641
299.858	10.5624
300.152	10.4851
300.414	10.4169
300.675	10.349
300.937	10.2809
301.199	10.2123
301.46	10.1429
301.722	10.0722
301.984	9.99979
302.245	9.92506
302.507	9.84748
302.687	9.79208
302.867	9.73479
303.047	9.67528
303.227	9.61323
303.407	9.54826
303.587	9.47994
303.766	9.40778
303.946	9.33121
304.053	9.28361
304.159	9.23408
304.265	9.18242
304.372	9.12843
304.478	9.07188
304.584	9.01251
304.69	8.95004
304.797	8.88417
304.887	8.82546
304.977	8.76388
305.067	8.69902
305.156	8.63072
305.247	8.5585
305.336	8.48215
305.426	8.40109
305.471	8.35869
305.516	8.31507
305.578	8.25316
305.639	8.18861
305.7	8.12103
305.762	8.05048
305.823	7.97656
305.884	7.89936
305.915	7.85937
305.946	7.81863
305.976	7.77686
306.007	7.73434
306.052	7.67024
306.097	7.60436
306.142	7.53693
306.164	7.50278
306.187	7.46858
306.209	7.43416
306.232	7.39983
306.254	7.3658
306.277	7.33251
306.299	7.30006
306.322	7.26911
306.344	7.24036
306.367	7.21486
306.385	7.19707
306.404	7.18304
306.422	7.17386
306.44	7.17086
306.459	7.17569
306.477	7.19041
306.495	7.21753
306.505	7.23667
306.514	7.26011
306.523	7.28833
306.532	7.32188
306.542	7.36134
306.551	7.40735
306.56	7.46062
306.569	7.52193
306.578	7.59212
306.587	7.6721
306.597	7.76288
306.606	7.86554
306.615	7.98127
306.624	8.11133
306.634	8.25711
306.643	8.42009
306.652	8.60188
306.661	8.80421
306.672	9.08357
306.684	9.39743
306.695	9.75541
306.706	10.1554
306.717	10.6093
306.729	11.114
306.74	11.6838
306.751	12.3144
306.762	13.0231
306.774	13.8039
306.785	14.6775
306.796	15.6357
306.807	16.7033
306.819	17.8691
306.83	19.1503
306.841	20.5555
306.852	22.1076
306.863	23.7882
306.875	25.6367
306.886	27.6298
306.897	29.8126
306.909	32.156
306.92	34.7115
306.931	37.4433
306.942	40.4093
306.954	43.5661
306.965	46.9787
306.976	50.5947
306.987	54.4863
306.999	58.5915
307.01	62.9495
307.021	67.5655
307.034	73.3876
307.048	79.5838
307.061	86.1565
307.074	93.105
307.087	100.426
307.101	108.112
307.114	116.154
307.127	124.473
307.147	137.341
307.166	150.765
307.185	164.721
307.205	179.105
307.248	211.808
307.258	219.635
307.282	238.28
307.315	262.324
307.338	277.976
307.36	292.392
307.383	305.507
307.405	317.004
307.428	326.659
307.444	332.393
307.455	335.71
307.466	338.446
307.478	340.621
307.493	342.705
307.5	343.24
307.501	343.328
307.506	343.544
307.51	343.668
307.519	343.657
307.531	343.075
307.549	340.893
307.569	336.746
307.589	330.809
307.609	323.619
307.628	315.089
307.648	304.776
307.668	293.259
307.694	277.093
307.72	259.736
307.76	230.891
307.801	201.454
307.821	186.866
307.841	172.682
307.861	158.954
307.882	145.787
307.899	134.901
307.916	124.601
307.934	114.803
307.951	105.64
307.969	97.0195
307.978	92.9581
307.986	89.0452
307.995	85.238
308.004	81.6217
308.012	78.1508
308.021	74.8235
308.031	71.1023
308.041	67.6052
308.052	64.2903
308.062	61.1527
308.072	58.1873
308.082	55.3887
308.092	52.751
308.102	50.2683
308.112	47.9346
308.122	45.7437
308.132	43.6892
308.143	41.7651
308.153	39.9649
308.163	38.2826
308.173	36.7119
308.183	35.2469
308.189	34.4242
308.195	33.6355
308.201	32.8797
308.207	32.1672
308.213	31.473
308.219	30.8082
308.225	30.1716
308.231	29.5722
308.237	28.9887
308.243	28.4302
308.249	27.896
308.255	27.3932
308.261	26.9041
308.267	26.4362
308.273	25.9888
308.279	25.568
308.284	25.1587
308.291	24.7673
308.297	24.393
308.302	24.0411
308.308	23.6987
308.314	23.3713
308.32	23.0583
308.326	22.7638
308.332	22.4772
308.338	22.203
308.35	21.6938
308.362	21.2269
308.374	20.7985
308.384	20.4591
308.394	20.1462
308.404	19.8545
308.415	19.5822
308.425	19.3277
308.435	19.0895
308.445	18.8663
308.455	18.6568
308.465	18.4581
308.475	18.2729
308.485	18.0982
308.495	17.9333
308.505	17.7773
308.516	17.6294
308.526	17.489
308.536	17.3556
308.556	17.1061
308.576	16.8796
308.596	16.6715
308.617	16.4793
308.637	16.3008
308.657	16.1343
308.677	15.9782
308.697	15.8315
308.718	15.6923
308.738	15.5611
308.758	15.4367
308.778	15.3183
308.819	15.0976
308.859	14.8956
308.9	14.7092
308.94	14.5374
308.981	14.3779
309.021	14.2293
309.06	14.0965
309.098	13.9717
309.137	13.8543
309.175	13.7434
309.214	13.6386
309.252	13.5394
309.291	13.4452
309.33	13.3557
309.368	13.2706
309.407	13.1894
309.484	13.038
309.561	12.8993
309.638	12.772
309.719	12.649
309.8	12.5355
309.881	12.4301
309.962	12.3322
310.043	12.2408
310.123	12.1553
310.204	12.0749
310.285	11.9994
310.425	11.8787
310.565	11.7688
310.704	11.668
310.844	11.5753
310.984	11.4893
311.123	11.4092
311.263	11.3344
311.403	11.2642
311.564	11.188
311.726	11.1165
311.888	11.0491
312.05	10.9854
312.211	10.9248
312.373	10.8671
312.535	10.8119
312.696	10.7589
312.932	10.6853
313.167	10.6151
313.402	10.5477
313.637	10.4827
313.873	10.4196
314.108	10.3582
314.343	10.2979
314.578	10.2385
314.887	10.1613
315.196	10.0845
315.504	10.0074
315.813	9.92945
316.122	9.84987
316.431	9.76806
316.739	9.68325
317.048	9.59459
317.21	9.54623
317.372	9.49638
317.533	9.44485
317.695	9.39144
317.857	9.33593
318.018	9.27809
318.18	9.21763
318.342	9.15427
318.496	9.09072
318.65	9.02386
318.805	8.9533
318.959	8.87863
319.114	8.79927
319.268	8.71474
319.422	8.62426
319.5	8.57656
319.577	8.52714
319.658	8.47323
319.738	8.41707
319.819	8.35851
319.9	8.29743
319.981	8.23349
320.062	8.16664
320.143	8.0965
320.224	8.02297
320.304	7.94563
320.385	7.86425
320.466	7.77853
320.547	7.68825
320.588	7.64114
320.628	7.59284
320.668	7.54321
320.709	7.49219
320.749	7.43961
320.79	7.38569
320.83	7.33027
320.87	7.2733
320.918	7.20388
320.966	7.13226
321.014	7.05842
321.061	6.9826
321.109	6.90463
321.133	6.86497
321.157	6.82491
321.181	6.78452
321.205	6.74388
321.229	6.70311
321.253	6.66252
321.273	6.62806
321.293	6.59408
321.313	6.56059
321.334	6.52785
321.354	6.49618
321.374	6.46599
321.394	6.4378
321.414	6.41227
321.435	6.39014
321.455	6.37271
321.475	6.36123
321.495	6.35739
321.515	6.36337
321.536	6.38187
321.546	6.39682
321.556	6.41624
321.566	6.44064
321.576	6.47066
321.594	6.53796
321.602	6.5802
321.611	6.62822
321.62	6.68375
321.629	6.74622
321.637	6.81694
321.646	6.8967
321.655	6.98744
321.663	7.08803
321.672	7.20045
321.681	7.32577
321.69	7.46685
321.698	7.62173
321.707	7.79328
321.716	7.98295
321.725	8.19479
321.733	8.42568
321.742	8.68272
321.751	8.96197
321.76	9.27193
321.768	9.60768
321.777	9.97487
321.786	10.3759
321.794	10.8186
321.803	11.2955
321.812	11.8144
321.821	12.3782
321.829	12.9974
321.838	13.6612
321.847	14.3798
321.855	15.1568
321.866	16.1473
321.876	17.2184
321.886	18.3859
321.896	19.6563
321.906	21.0367
321.916	22.5341
321.926	24.1559
321.936	25.9097
321.946	27.8031
321.957	29.8441
321.967	32.0406
321.977	34.4007
321.987	36.9326
321.997	39.6442
322.007	42.5437
322.017	45.6391
322.027	48.8035
322.036	52.1268
322.046	55.6846
322.056	59.4099
322.065	63.3858
322.075	67.536
322.085	71.9518
322.094	76.5465
322.104	81.42
322.114	86.4748
322.123	91.8191
322.133	97.3443
322.143	103.167
322.152	109.167
322.162	115.468
322.172	121.94
322.181	128.713
322.191	135.646
322.21	150.25
322.229	165.701
322.249	181.926
322.274	204.571
322.3	228.154
322.341	266.309
322.381	304.502
322.401	322.98
322.421	340.768
322.437	353.964
322.453	366.413
322.473	381.308
322.493	394.843
322.513	406.607
322.534	416.495
322.554	424.357
322.569	428.992
322.588	432.734
322.6	434.155
322.602	434.282
322.607	434.585
322.611	434.746
322.621	434.664
322.634	433.759
322.65	431.328
322.674	425.267
322.697	416.361
322.714	408.158
322.731	398.699
322.755	383.717
322.779	366.868
322.802	348.355
322.826	328.695
322.87	289.036
322.915	248.637
322.939	227.829
322.962	207.741
322.986	188.494
323.01	170.26
323.026	158.421
323.042	147.217
323.058	136.531
323.074	126.51
323.09	117.035
323.106	108.224
323.122	100.011
323.13	96.1257
323.138	92.3853
323.15	87.1286
323.161	82.1754
323.173	77.5171
323.185	73.1803
323.197	69.0808
323.209	65.2464
323.22	61.6659
323.232	58.3554
323.244	55.2467
323.256	52.3576
323.267	49.6764
323.279	47.2118
323.291	44.9102
323.303	42.7998
323.314	40.8335
323.326	39.0342
323.338	37.3611
323.35	35.8202
323.361	34.402
323.373	33.1082
323.385	31.9082
323.397	30.8142
323.409	29.8
323.42	28.8757
323.432	28.0188
323.444	27.2312
323.456	26.5071
323.467	25.8463
323.479	25.2326
323.491	24.6718
323.503	24.15
323.514	23.6721
323.525	23.2665
323.536	22.8884
323.546	22.5353
323.557	22.2053
323.568	21.8964
323.579	21.6068
323.589	21.3348
323.6	21.079
323.611	20.8381
323.621	20.6107
323.632	20.3957
323.643	20.1922
323.653	19.9991
323.664	19.8157
323.675	19.6411
323.685	19.4746
323.707	19.1637
323.728	18.8784
323.75	18.6152
323.771	18.3711
323.793	18.1435
323.814	17.9305
323.835	17.7304
323.857	17.5425
323.88	17.3463
323.904	17.1619
323.927	16.9868
323.951	16.8215
323.974	16.6638
323.998	16.5143
324.021	16.3717
324.045	16.2356
324.092	15.9802
324.139	15.746
324.186	15.5295
324.233	15.3294
324.265	15.201
324.297	15.0787
324.329	14.9621
324.362	14.8507
324.426	14.6424
324.49	14.4514
324.554	14.2752
324.618	14.1122
324.682	13.961
324.747	13.8204
324.794	13.7231
324.841	13.6305
324.935	13.4581
325.029	13.3007
325.123	13.1562
325.217	13.023
325.311	12.8999
325.405	12.7857
325.5	12.6794
325.602	12.5714
325.705	12.4709
325.808	12.3769
325.91	12.2891
326.013	12.2064
326.116	12.1287
326.218	12.0552
326.321	11.9858
326.509	11.8676
326.697	11.7595
326.886	11.6602
327.074	11.5684
327.262	11.483
327.45	11.4033
327.639	11.3283
327.827	11.2576
328.101	11.161
328.34	11.0816
328.58	11.006
328.82	10.9332
329.059	10.8624
329.196	10.8225
329.333	10.7827
329.47	10.7428
329.607	10.7026
329.744	10.6616
329.881	10.6195
329.949	10.5979
330.017	10.5759
330.086	10.5534
330.154	10.5306
330.223	10.5077
330.257	10.4965
330.291	10.4858
330.325	10.476
330.36	10.4677
330.394	10.4618
330.428	10.4595
330.462	10.4627
330.48	10.4671
330.497	10.4738
330.514	10.4834
330.531	10.4964
330.548	10.5134
330.565	10.5349
330.582	10.5621
330.599	10.5955
330.616	10.636
330.634	10.685
330.651	10.7434
330.668	10.8127
330.685	10.8942
330.702	10.9893
330.712	11.05
330.721	11.1152
330.731	11.1866
330.74	11.263
330.75	11.3463
330.76	11.4352
330.769	11.5307
330.779	11.6333
330.789	11.7445
330.798	11.8621
330.808	11.9878
330.817	12.1218
330.827	12.266
330.837	12.4177
330.846	12.5786
330.856	12.749
330.866	12.9311
330.875	13.1215
330.885	13.3221
330.894	13.5331
330.904	13.7572
330.914	13.9897
330.923	14.2332
330.933	14.4877
330.943	14.756
330.952	15.0326
330.971	15.6188
330.991	16.2515
331.01	16.9225
331.028	17.5947
331.046	18.2991
331.065	19.0323
331.083	19.79
331.155	22.9525
331.177	23.8841
331.198	24.7943
331.22	25.6702
331.241	26.4952
331.265	27.3393
331.288	28.091
331.303	28.5175
331.318	28.8959
331.342	29.3954
331.354	29.6119
331.366	29.7762
331.378	29.9047
331.384	29.9563
331.389	29.9944
331.396	30.0337
331.4	30.052
331.409	30.075
331.418	30.0783
331.429	30.0521
331.442	29.9859
331.454	29.8823
331.476	29.5973
331.489	29.3688
331.503	29.0993
331.527	28.5076
331.552	27.7999
331.571	27.1817
331.59	26.5155
331.628	25.0638
331.699	22.1051
331.735	20.6251
331.752	19.9078
331.77	19.2106
331.788	18.5337
331.806	17.8879
331.824	17.2688
331.842	16.6853
331.86	16.1323
331.877	15.617
331.886	15.3724
331.895	15.1366
331.904	14.9095
331.913	14.691
331.922	14.4788
331.931	14.2775
331.94	14.0846
331.949	13.8999
331.957	13.7234
331.966	13.5547
331.975	13.3939
331.984	13.2406
331.993	13.0931
332.002	12.9544
332.011	12.8226
332.02	12.6975
332.029	12.579
332.038	12.4667
332.047	12.3604
332.055	12.2599
332.071	12.0969
332.087	11.9498
332.102	11.8172
332.118	11.698
332.133	11.5911
332.149	11.4952
332.165	11.4094
332.18	11.3327
332.196	11.2642
332.212	11.203
332.227	11.1483
332.243	11.0995
332.258	11.0559
332.274	11.0168
332.289	10.9817
332.305	10.9503
332.321	10.9219
332.336	10.8963
332.368	10.8519
332.399	10.8149
332.43	10.7835
332.461	10.7564
332.492	10.7326
332.524	10.7113
332.555	10.6921
332.608	10.6625
332.662	10.6361
332.715	10.6122
332.769	10.5902
332.876	10.5504
332.983	10.5149
333.09	10.4827
333.197	10.453
333.304	10.4254
333.41	10.3995
333.624	10.3514
333.838	10.3073
334.052	10.2661
334.266	10.2271
334.48	10.1898
334.694	10.1539
335.122	10.0851
335.407	10.0409
335.692	9.99752
336.263	9.91263
336.691	9.84974
337.119	9.78696
337.546	9.72383
337.974	9.65996
338.402	9.59493
338.83	9.52837
339.258	9.45986
339.686	9.38898
340.078	9.32153
340.47	9.25128
340.862	9.1778
341.255	9.10057
341.647	9.01901
342.039	8.93244
342.431	8.84007
342.823	8.74103
343.02	8.68861
343.216	8.63405
343.412	8.57714
343.608	8.51769
343.804	8.45547
344	8.39024
344.196	8.3217
344.392	8.24953
344.588	8.17338
344.784	8.09282
344.981	8.00737
345.177	7.91651
345.373	7.8196
345.569	7.71594
345.667	7.6613
345.765	7.60472
345.863	7.54595
345.961	7.48497
346.059	7.42151
346.157	7.35552
346.255	7.28671
346.353	7.21501
346.451	7.14009
346.549	7.06187
346.647	6.97996
346.745	6.89427
346.844	6.80434
346.941	6.71006
347.04	6.61091
347.138	6.50676
347.187	6.45254
347.236	6.39702
347.285	6.34005
347.334	6.28157
347.383	6.22142
347.432	6.15979
347.481	6.09652
347.53	6.03158
347.592	5.94638
347.655	5.85835
347.717	5.76745
347.779	5.67367
347.842	5.57708
347.873	5.52776
347.904	5.4778
347.935	5.42722
347.967	5.37607
347.998	5.32441
348.029	5.2723
348.078	5.18963
348.127	5.10672
348.176	5.02412
348.201	4.98321
348.225	4.94277
348.25	4.90284
348.274	4.86399
348.299	4.82637
348.323	4.79036
348.348	4.75646
348.372	4.72529
348.397	4.69765
348.421	4.67457
348.443	4.65865
348.466	4.64888
348.488	4.64688
348.51	4.65471
348.533	4.67496
348.555	4.71089
348.577	4.76661
348.588	4.80327
348.6	4.84684
348.611	4.89866
348.622	4.95872
348.633	5.02917
348.644	5.1099
348.655	5.20369
348.666	5.31026
348.678	5.43315
348.689	5.5719
348.7	5.73095
348.711	5.9096
348.722	6.11341
348.733	6.3413
348.745	6.60022
348.756	6.8886
348.767	7.21193
348.778	7.57384
348.784	7.79422
348.79	8.02468
348.796	8.27353
348.802	8.53351
348.809	8.81397
348.815	9.10669
348.821	9.41691
348.827	9.74555
348.833	10.0994
348.839	10.468
348.845	10.8579
348.851	11.2702
348.858	11.7133
348.864	12.174
348.87	12.6605
348.876	13.174
348.882	13.7247
348.888	14.2963
348.894	14.8988
348.9	15.5334
348.907	16.213
348.913	16.9169
348.919	17.6574
348.925	18.4361
348.931	19.2682
348.937	20.1287
348.943	21.0321
348.949	21.9803
348.956	22.9916
348.962	24.0353
348.968	25.1292
348.974	26.2749
348.982	27.8187
348.99	29.4546
348.997	31.1866
349.005	33.019
349.013	34.956
349.021	37.0019
349.029	39.1612
349.036	41.4381
349.044	43.8371
349.052	46.3628
349.06	49.0194
349.067	51.8115
349.075	54.7435
349.083	57.8198
349.091	61.0448
349.099	64.3783
349.107	68.329
349.116	72.4318
349.125	76.7874
349.133	81.3009
349.142	86.0821
349.151	91.0255
349.159	96.1891
349.168	101.577
349.181	110.494
349.196	120.708
349.21	131.512
349.22	139.004
349.229	146.786
349.239	154.856
349.248	163.125
349.267	180.589
349.286	199.144
349.299	212.931
349.313	227.215
349.326	241.965
349.339	257.031
349.364	285.756
349.388	315.487
349.437	376.513
349.462	407.087
349.486	436.867
349.511	465.479
349.535	492.417
349.552	509.565
349.569	525.55
349.593	546.599
349.618	564.485
349.642	578.653
349.667	589.01
349.69	595.128
349.7	596.506
349.702	596.711
349.708	597.173
349.715	597.356
349.727	596.882
349.752	592.807
349.777	584.38
349.802	571.87
349.819	561.162
349.836	548.814
349.861	528.001
349.886	504.502
349.911	478.63
349.936	450.996
349.984	395.274
350.032	338.669
350.057	309.588
350.082	281.434
350.107	254.513
350.12	241.642
350.132	229.162
350.151	211.637
350.169	195.13
350.187	179.577
350.205	164.996
350.214	157.998
350.224	151.322
350.233	144.89
350.242	138.699
350.251	132.747
350.26	127.032
350.269	121.55
350.278	116.297
350.291	109.393
350.303	102.957
350.316	96.8732
350.328	91.2223
350.341	85.8987
350.353	80.9712
350.366	76.3797
350.378	72.108
350.391	68.1089
350.404	64.4293
350.416	60.9938
350.429	57.8406
350.441	54.9033
350.454	52.2131
350.466	49.731
350.479	47.4427
350.491	45.3183
350.504	43.3783
350.516	41.5791
350.529	39.9373
350.541	38.4154
350.554	37.0269
350.567	35.7494
350.579	34.5737
350.592	33.483
350.604	32.4865
350.617	31.5608
350.629	30.7138
350.642	29.9255
350.654	29.2025
350.667	28.5331
350.679	27.9124
350.692	27.3316
350.704	26.7957
350.717	26.2926
350.729	25.8267
350.742	25.3876
350.755	24.9794
350.767	24.5961
350.78	24.2355
350.792	23.8929
350.805	23.5718
350.817	23.2656
350.83	22.9775
350.842	22.7016
350.855	22.441
350.88	21.9552
350.905	21.5086
350.93	21.0974
350.955	20.7166
350.98	20.3637
351.005	20.0324
351.03	19.7229
351.055	19.4305
351.08	19.1555
351.106	18.8942
351.131	18.6464
351.156	18.411
351.181	18.1877
351.206	17.9739
351.231	17.7698
351.256	17.5746
351.281	17.3884
351.331	17.0373
351.381	16.7139
351.431	16.4144
351.482	16.136
351.518	15.9451
351.555	15.7634
351.591	15.5902
351.627	15.4253
351.664	15.2673
351.7	15.1161
351.737	14.9712
351.773	14.8326
351.846	14.5708
351.919	14.3286
351.992	14.1036
352.065	13.8936
352.115	13.7569
352.165	13.6263
352.216	13.501
352.266	13.3809
352.366	13.1543
352.466	12.9441
352.567	12.7481
352.667	12.5646
352.767	12.3921
352.867	12.2293
352.986	12.0477
353.104	11.8765
353.223	11.7144
353.342	11.5601
353.46	11.4125
353.579	11.2707
353.697	11.134
353.815	11.0015
353.925	10.8825
354.034	10.7661
354.144	10.6519
354.253	10.5395
354.426	10.3641
354.6	10.1911
354.773	10.0188
354.946	9.846
355.033	9.7589
355.119	9.67128
355.206	9.58288
355.293	9.49352
355.379	9.40303
355.466	9.31123
355.552	9.21792
355.639	9.1229
355.739	9.01045
355.839	8.8951
355.94	8.77649
356.04	8.65425
356.14	8.52796
356.241	8.39721
356.341	8.26151
356.441	8.12053
356.514	8.0141
356.605	7.87638
356.697	7.73296
356.742	7.65898
356.788	7.5834
356.833	7.50618
356.879	7.42743
356.925	7.34676
356.97	7.26428
357.016	7.17994
357.061	7.0939
357.107	7.00574
357.152	6.91564
357.198	6.82357
357.243	6.72976
357.294	6.62406
357.344	6.51636
357.394	6.4064
357.444	6.29488
357.494	6.18178
357.544	6.06816
357.57	6.01123
357.595	5.95449
357.62	5.89814
357.645	5.84263
357.67	5.78783
357.695	5.73434
357.72	5.68265
357.745	5.63358
357.77	5.58752
357.795	5.54573
357.82	5.50954
357.845	5.48078
357.87	5.46151
357.896	5.45477
357.921	5.46439
357.946	5.49514
357.958	5.52057
357.971	5.5536
357.983	5.59548
357.996	5.6474
358.008	5.71128
358.021	5.78766
358.033	5.8787
358.046	5.98634
358.061	6.13936
358.076	6.32184
358.09	6.53934
358.105	6.79709
358.12	7.10325
358.127	7.27477
358.135	7.46042
358.142	7.66116
358.15	7.87802
358.157	8.11207
358.164	8.36445
358.172	8.64019
358.179	8.93322
358.187	9.24842
358.194	9.5872
358.202	9.95105
358.209	10.3415
358.216	10.7602
358.224	11.2089
358.231	11.6961
358.239	12.2107
358.246	12.761
358.253	13.3489
358.261	13.9766
358.268	14.6465
358.276	15.3607
358.283	16.1217
358.288	16.7191
358.294	17.3332
358.299	17.9756
358.305	18.6473
358.315	20.0833
358.326	21.65
358.337	23.3734
358.348	25.2317
358.359	27.2503
358.37	29.4396
358.38	31.8334
358.391	34.399
358.402	37.1691
358.413	40.1553
358.424	43.3695
358.434	46.8239
358.445	50.5305
358.456	54.5015
358.468	59.2386
358.48	64.3335
358.492	69.8025
358.504	75.6107
358.516	81.8706
358.528	88.5495
358.54	95.6605
358.552	103.151
358.566	112.33
358.579	122.115
358.595	134.247
358.611	147.221
358.62	155.115
358.629	163.203
358.648	180.204
358.666	198.288
358.684	217.42
358.697	231.252
358.709	245.424
358.734	275.124
358.759	306.263
358.784	338.386
358.834	404.639
358.86	437.709
358.885	469.926
358.91	500.996
358.935	530.232
358.951	547.552
358.967	563.78
358.992	586.864
359.017	606.443
359.042	622.062
359.067	633.49
359.092	640.478
359.1	641.808
359.102	642.065
359.109	642.673
359.116	642.94
359.129	642.479
359.155	637.988
359.181	628.618
359.207	614.672
359.227	601.034
359.247	585.091
359.273	561.323
359.299	534.601
359.325	505.511
359.351	474.661
359.404	410.208
359.43	377.614
359.456	345.618
359.482	314.411
359.508	284.486
359.521	270.046
359.534	256.141
359.547	242.685
359.56	229.699
359.58	210.493
359.6	192.593
359.61	184.062
359.62	175.844
359.63	167.938
359.64	160.416
359.651	153.126
359.661	146.141
359.671	139.457
359.681	133.132
359.691	127.033
359.701	121.275
359.711	115.737
359.721	110.52
359.734	104.076
359.747	98.1012
359.76	92.4868
359.773	87.2997
359.786	82.441
359.799	77.9659
359.812	73.8169
359.825	69.9755
359.838	66.3968
359.851	63.1174
359.864	60.0911
359.877	57.3009
359.89	54.7114
359.904	52.3464
359.916	50.1701
359.93	48.1682
359.937	47.1296
359.944	46.1516
359.951	45.2174
359.958	44.3251
359.965	43.4726
359.972	42.6583
359.979	41.8803
359.986	41.137
359.994	40.4168
360.001	39.7383
360.015	38.4694
360.029	37.3088
360.043	36.246
360.058	35.2649
360.072	34.3706
360.086	33.5479
360.1	32.7899
360.114	32.0899
360.129	31.4423
360.143	30.8416
360.157	30.2834
360.17	29.8022
360.183	29.3539
360.196	28.9288
360.209	28.5311
360.222	28.1525
360.235	27.7968
360.248	27.4594
360.261	27.1387
360.274	26.831
360.287	26.5398
360.314	25.9932
360.34	25.4911
360.366	25.0291
360.392	24.5984
360.418	24.1968
360.444	23.8208
360.47	23.4689
360.496	23.136
360.522	22.8227
360.548	22.5249
360.574	22.2435
360.6	21.9748
360.626	21.7191
360.652	21.4752
360.678	21.2432
360.704	21.0205
360.731	20.8073
360.783	20.4078
360.835	20.0388
360.887	19.6978
360.939	19.3813
360.991	19.0865
361.027	18.8963
361.062	18.7152
361.098	18.5414
361.133	18.3754
361.204	18.063
361.275	17.7752
361.347	17.5083
361.418	17.2602
361.489	17.029
361.56	16.8132
361.612	16.6633
361.664	16.5204
361.716	16.3835
361.768	16.2527
361.873	16.0067
361.977	15.7798
362.081	15.5691
362.185	15.3728
362.29	15.1892
362.394	15.0166
362.46	14.9118
362.527	14.8106
362.593	14.7125
362.659	14.6175
362.726	14.5252
362.792	14.436
362.858	14.3502
362.892	14.3091
362.925	14.2698
362.96	14.2301
362.996	14.1942
363.031	14.1633
363.049	14.1503
363.067	14.1396
363.085	14.1312
363.103	14.1257
363.12	14.1235
363.138	14.1252
363.156	14.1314
363.174	14.1428
363.192	14.1602
363.209	14.1842
363.227	14.216
363.245	14.2565
363.263	14.3067
363.28	14.3675
363.298	14.4407
363.316	14.5273
363.334	14.6286
363.351	14.7453
363.36	14.8104
363.369	14.88
363.378	14.9543
363.387	15.0334
363.396	15.1176
363.405	15.207
363.414	15.3017
363.423	15.4007
363.431	15.5065
363.44	15.6181
363.449	15.7356
363.458	15.8591
363.467	15.9887
363.476	16.1246
363.494	16.4137
363.508	16.666
363.522	16.9331
363.536	17.2169
363.55	17.5172
363.565	17.8361
363.579	18.1687
363.593	18.5169
363.607	18.8798
363.636	19.6491
363.664	20.4627
363.721	22.1823
363.773	23.7836
363.799	24.5555
363.825	25.2854
363.854	26.0201
363.882	26.6711
363.901	27.0511
363.92	27.3795
363.945	27.7299
363.958	27.8734
363.971	27.9894
363.98	28.0515
363.987	28.0901
363.994	28.1201
364	28.1407
364.008	28.1573
364.01	28.1591
364.014	28.1614
364.019	28.1604
364.027	28.15
364.037	28.1211
364.053	28.0393
364.071	27.8887
364.087	27.7144
364.103	27.5014
364.13	27.0437
364.158	26.4872
364.182	25.9141
364.207	25.2858
364.231	24.6091
364.255	23.9019
364.304	22.4293
364.329	21.6895
364.353	20.9638
364.378	20.2553
364.402	19.577
364.427	18.9294
364.439	18.6211
364.451	18.3227
364.463	18.0323
364.476	17.7551
364.488	17.4865
364.5	17.2312
364.512	16.9851
364.525	16.7521
364.537	16.5302
364.549	16.3192
364.561	16.1175
364.573	15.928
364.586	15.749
364.598	15.58
364.61	15.4197
364.622	15.2701
364.635	15.1297
364.647	14.9981
364.659	14.8739
364.671	14.7588
364.683	14.6513
364.696	14.5511
364.708	14.457
364.72	14.3701
364.732	14.2894
364.745	14.2144
364.757	14.1441
364.769	14.0795
364.781	14.0196
364.793	13.9639
364.806	13.9119
364.818	13.8641
364.842	13.7785
364.86	13.7251
364.877	13.6769
364.894	13.6333
364.911	13.594
364.929	13.558
364.946	13.5252
364.981	13.4677
365.015	13.4184
365.05	13.3756
365.084	13.3378
365.119	13.3036
365.153	13.2722
365.188	13.2431
365.257	13.1898
365.326	13.1414
365.395	13.0964
365.522	13.0207
365.648	12.9516
365.775	12.8877
365.901	12.8281
366.028	12.7719
366.155	12.7188
366.408	12.6203
366.592	12.5541
366.776	12.4917
366.96	12.4328
367.144	12.3769
367.513	12.2729
367.881	12.1777
368.226	12.0954
368.572	12.0187
368.917	11.9471
369.262	11.8798
369.608	11.8162
369.953	11.7561
370.298	11.699
370.643	11.6446
371.15	11.5693
371.656	11.4986
372.163	11.4319
372.669	11.3687
373.176	11.3085
373.682	11.2509
374.188	11.1956
374.695	11.1423
375.524	11.0586
376.352	10.9783
377.181	10.9004
378.01	10.824
378.93	10.7397
379.851	10.6545
380.312	10.6111
380.772	10.5668
381.232	10.5214
381.693	10.4745
382.199	10.4207
382.706	10.3639
383.212	10.3035
383.719	10.2382
384.11	10.1836
384.501	10.1245
384.697	10.0928
384.893	10.0595
385.088	10.0244
385.284	9.98711
385.537	9.93506
385.664	9.90716
385.79	9.8778
385.917	9.84678
386.043	9.8139
386.17	9.77891
386.233	9.76061
386.297	9.74187
386.372	9.71948
386.409	9.70851
386.446	9.698
386.484	9.68833
386.521	9.68011
386.559	9.67417
386.596	9.67173
386.633	9.67447
386.652	9.67847
386.671	9.68466
386.69	9.69345
386.708	9.70528
386.727	9.72068
386.746	9.74021
386.764	9.7645
386.783	9.79426
386.802	9.83026
386.82	9.87333
386.839	9.92437
386.858	9.98435
386.876	10.0543
386.895	10.1352
386.906	10.1875
386.917	10.2439
386.928	10.3049
386.938	10.3705
386.949	10.4411
386.96	10.5168
386.971	10.5979
386.982	10.6845
386.992	10.7769
387.003	10.8752
387.014	10.9797
387.025	11.0906
387.036	11.2079
387.046	11.3319
387.057	11.4626
387.068	11.5989
387.079	11.7434
387.089	11.895
387.1	12.0537
387.111	12.2194
387.122	12.3923
387.133	12.5722
387.154	12.9511
387.176	13.3587
387.197	13.7916
387.219	14.2478
387.24	14.7222
387.281	15.6539
387.321	16.6169
387.361	17.5773
387.382	18.0435
387.402	18.4944
387.42	18.8979
387.439	19.2774
387.458	19.6314
387.476	19.9559
387.497	20.2678
387.517	20.5376
387.53	20.6955
387.544	20.8313
387.56	20.9593
387.572	21.0365
387.58	21.0763
387.588	21.1097
387.598	21.1371
387.6	21.1405
387.605	21.1483
387.61	21.1527
387.611	21.1532
387.613	21.1539
387.615	21.1539
387.62	21.1517
387.629	21.1392
387.641	21.1081
387.659	21.0234
387.673	20.9294
387.687	20.812
387.71	20.5673
387.733	20.2638
387.752	19.961
387.772	19.6227
387.792	19.2532
387.812	18.8568
387.854	17.9252
387.897	16.9382
387.94	15.9386
387.961	15.4455
387.982	14.9657
388.009	14.3939
388.035	13.8501
388.048	13.5892
388.061	13.3389
388.075	13.0956
388.088	12.8633
388.101	12.6388
388.114	12.4254
388.127	12.2201
388.14	12.026
388.153	11.8401
388.167	11.665
388.18	11.4993
388.193	11.3426
388.206	11.1938
388.219	11.0547
388.232	10.9231
388.245	10.8005
388.259	10.6849
388.272	10.5775
388.285	10.4772
388.298	10.3837
388.311	10.2958
388.324	10.2147
388.337	10.1387
388.35	10.0686
388.364	10.0029
388.377	9.94247
388.39	9.88631
388.403	9.83417
388.429	9.7404
388.456	9.65937
388.482	9.58907
388.508	9.52793
388.534	9.47393
388.561	9.426
388.587	9.38298
388.613	9.34391
388.639	9.30799
388.666	9.27456
388.718	9.21321
388.755	9.17374
388.791	9.13584
388.863	9.06227
388.935	8.98964
389.007	8.91642
389.08	8.84136
389.152	8.76382
389.224	8.68318
389.296	8.59901
389.349	8.53514
389.402	8.46896
389.454	8.40034
389.507	8.32943
389.559	8.25618
389.586	8.2189
389.612	8.18133
389.638	8.14368
389.665	8.10624
389.691	8.0694
389.717	8.03385
389.753	7.98806
389.771	7.9674
389.789	7.94895
389.808	7.93308
389.826	7.92062
389.844	7.91245
389.862	7.90962
389.88	7.91333
389.898	7.92513
389.916	7.94678
389.934	7.98018
389.952	8.02816
389.97	8.09347
389.988	8.17948
389.997	8.23114
390.006	8.28942
390.015	8.35566
390.024	8.42902
390.034	8.51181
390.043	8.60292
390.052	8.70514
390.061	8.81702
390.07	8.9405
390.079	9.07647
390.088	9.22762
390.097	9.39166
390.106	9.57334
390.115	9.7698
390.124	9.98663
390.133	10.2203
390.142	10.4745
390.151	10.7506
390.16	11.0534
390.169	11.3779
390.178	11.7329
390.187	12.1123
390.196	12.5262
390.205	12.9673
390.214	13.442
390.223	13.952
390.232	14.5057
390.241	15.0929
390.25	15.7216
390.259	16.394
390.268	17.1204
390.277	17.8871
390.286	18.7042
390.295	19.574
390.305	20.5092
390.313	21.4919
390.323	22.5462
390.332	23.6513
390.341	24.8342
390.35	26.0712
390.359	27.3775
390.368	28.7551
390.377	30.2229
390.386	31.7509
390.395	33.3752
390.404	35.0621
390.413	36.8511
390.422	38.7047
390.431	40.6439
390.44	42.6701
390.449	44.809
390.458	47.0146
390.476	51.7265
390.494	56.8121
390.512	62.2429
390.53	68.078
390.548	74.2471
390.567	80.8079
390.584	87.6725
390.609	97.6045
390.634	108.063
390.659	118.958
390.683	130.133
390.719	146.847
390.755	163.521
390.79	178.987
390.797	181.797
390.818	190.761
390.836	197.935
390.854	204.629
390.872	210.82
390.89	216.478
390.908	221.51
390.926	225.845
390.944	229.504
390.96	232.034
390.969	233.218
390.978	234.221
390.993	235.481
391	235.837
391.003	235.951
391.011	236.183
391.019	236.255
391.033	235.975
391.048	235.181
391.062	233.87
391.087	230.42
391.102	227.77
391.116	224.688
391.132	220.814
391.148	216.487
391.177	207.364
391.206	196.984
391.235	185.655
391.263	173.613
391.311	153.031
391.358	132.421
391.387	120.165
391.416	108.419
391.431	102.783
391.445	97.3254
391.46	92.0574
391.474	87.0239
391.491	81.3135
391.508	75.9019
391.525	70.7947
391.543	65.9945
391.56	61.5004
391.577	57.309
391.585	55.3136
391.594	53.4143
391.602	51.5653
391.611	49.8084
391.625	46.9696
391.64	44.3245
391.654	41.8656
391.669	39.585
391.676	38.5017
391.683	37.4743
391.691	36.4733
391.698	35.525
391.705	34.6019
391.712	33.7283
391.72	32.8901
391.727	32.0863
391.734	31.3053
391.741	30.5674
391.749	29.8512
391.756	29.175
391.763	28.5191
391.77	27.9005
391.778	27.3088
391.785	26.7432
391.792	26.1953
391.799	25.6792
391.806	25.1795
391.814	24.7091
391.821	24.2539
391.828	23.8255
391.835	23.4167
391.843	23.0267
391.85	22.6496
391.857	22.295
391.864	21.9523
391.872	21.63
391.879	21.3185
391.886	21.0258
391.893	20.7466
391.9	20.4804
391.908	20.2232
391.915	19.9813
391.922	19.7476
391.93	19.5278
391.944	19.1153
391.958	18.7425
391.973	18.4005
391.987	18.0886
392.002	17.8038
392.016	17.545
392.031	17.3061
392.045	17.0867
392.06	16.8849
392.074	16.6999
392.086	16.5576
392.098	16.425
392.122	16.1813
392.145	15.9639
392.169	15.7684
392.193	15.5913
392.216	15.4298
392.24	15.2816
392.264	15.1452
392.287	15.0181
392.311	14.8994
392.335	14.7881
392.358	14.6834
392.406	14.4909
392.453	14.3177
392.511	14.1267
392.569	13.955
392.627	13.7993
392.685	13.6574
392.743	13.5274
392.801	13.4078
392.858	13.2972
392.916	13.1946
392.985	13.0825
393.053	12.9793
393.122	12.8837
393.19	12.7951
393.259	12.7125
393.327	12.6355
393.396	12.5633
393.464	12.4957
393.58	12.3901
393.696	12.2943
393.811	12.207
393.927	12.127
394.043	12.0534
394.159	11.9854
394.275	11.9224
394.39	11.8638
394.506	11.809
394.622	11.7578
394.854	11.6646
395.085	11.5817
395.317	11.5074
395.538	11.4432
395.759	11.3845
395.98	11.3304
396.201	11.2805
396.422	11.2342
396.643	11.191
397.085	11.1126
397.549	11.0396
398.012	10.9743
398.475	10.9149
398.938	10.8604
399.381	10.8122
399.823	10.7668
400.265	10.7239
400.707	10.683
401.149	10.6438
401.592	10.6059
402.476	10.533
403.15	10.479
403.823	10.4253
404.497	10.3711
405.129	10.3189
405.761	10.2643
406.392	10.206
406.708	10.175
407.024	10.1423
407.466	10.0932
407.909	10.039
408.13	10.0095
408.351	9.97805
408.572	9.94434
408.793	9.90801
409.024	9.86652
409.256	9.82088
409.488	9.77018
409.603	9.74259
409.719	9.71328
409.835	9.682
409.951	9.6486
410.067	9.61275
410.183	9.57413
410.298	9.53238
410.414	9.48702
410.53	9.43753
410.646	9.38325
410.709	9.35134
410.772	9.31762
410.835	9.28193
410.899	9.24417
410.962	9.20405
411.025	9.16151
411.088	9.11631
411.151	9.06865
411.209	9.02296
411.238	8.99971
411.267	8.97654
411.296	8.9536
411.325	8.93151
411.354	8.91076
411.383	8.89241
411.412	8.87757
411.441	8.86804
411.47	8.86602
411.484	8.86875
411.499	8.87451
411.513	8.88391
411.528	8.89751
411.542	8.91598
411.556	8.93989
411.571	8.97043
411.586	9.00841
411.6	9.0549
411.614	9.11068
411.632	9.19166
411.649	9.29001
411.666	9.40886
411.674	9.47733
411.683	9.55126
411.692	9.63282
411.7	9.72058
411.709	9.81707
411.717	9.92055
411.726	10.034
411.734	10.1553
411.743	10.2878
411.751	10.4292
411.76	10.5833
411.768	10.7472
411.777	10.9254
411.786	11.1144
411.794	11.3195
411.803	11.5366
411.811	11.7715
411.82	12.0196
411.828	12.2875
411.837	12.5698
411.845	12.8739
411.854	13.1937
411.863	13.5376
411.871	13.8983
411.88	14.2853
411.888	14.6906
411.895	15.0573
411.903	15.4365
411.91	15.8393
411.917	16.2552
411.932	17.151
411.946	18.1214
411.961	19.1842
411.975	20.337
411.989	21.5838
412.004	22.9188
412.018	24.3639
412.033	25.9131
412.047	27.5692
412.062	29.3215
412.076	31.1959
412.091	33.1815
412.105	35.2784
412.12	37.4704
412.134	39.7865
412.149	42.2094
412.163	44.7359
412.178	47.3433
412.207	52.8697
412.236	58.6967
412.259	63.6649
412.283	68.7543
412.33	79.0579
412.359	85.3011
412.388	91.3401
412.417	97.0284
412.446	102.262
412.463	105.11
412.48	107.716
412.496	109.892
412.511	111.714
412.525	113.311
412.539	114.698
412.548	115.431
412.555	115.976
412.562	116.465
412.57	116.897
412.577	117.276
412.585	117.622
412.597	118
412.6	118.076
412.603	118.141
412.616	118.277
412.627	118.239
412.643	117.941
412.659	117.352
412.675	116.493
412.691	115.357
412.707	113.96
412.723	112.313
412.739	110.442
412.762	107.319
412.785	103.782
412.817	98.3433
412.848	92.3879
412.883	85.4923
412.918	78.4051
412.95	71.8717
412.981	65.4579
413.013	59.2794
413.029	56.3085
413.045	53.4299
413.061	50.6518
413.077	47.9811
413.093	45.4231
413.108	42.9971
413.124	40.6752
413.14	38.4748
413.156	36.3967
413.172	34.4523
413.188	32.6158
413.204	30.8978
413.22	29.2955
413.236	27.8055
413.243	27.097
413.251	26.4238
413.259	25.7682
413.267	25.1461
413.275	24.5411
413.283	23.9677
413.291	23.4108
413.299	22.8837
413.307	22.3724
413.315	21.889
413.323	21.4206
413.331	20.9784
413.339	20.5503
413.347	20.1466
413.355	19.7563
413.363	19.3884
413.371	19.0332
413.379	18.6988
413.387	18.3761
413.394	18.0726
413.403	17.7799
413.41	17.5049
413.418	17.2433
413.426	16.9943
413.434	16.7546
413.442	16.5297
413.45	16.3133
413.458	16.1103
413.466	15.915
413.474	15.732
413.482	15.556
413.49	15.3911
413.498	15.2326
413.506	15.084
413.522	14.8075
413.538	14.5585
413.553	14.3356
413.569	14.1334
413.585	13.951
413.601	13.7863
413.617	13.6374
413.633	13.5025
413.649	13.3801
413.665	13.2687
413.68	13.1678
413.695	13.0828
413.709	13.0047
413.724	12.9319
413.738	12.8648
413.767	12.7434
413.796	12.6369
413.825	12.5425
413.854	12.4578
413.883	12.3813
413.912	12.3114
413.941	12.2471
413.969	12.1875
414.027	12.0801
414.085	11.9852
414.143	11.9003
414.206	11.8162
414.27	11.7403
414.333	11.6713
414.397	11.6082
414.461	11.5502
414.524	11.4968
414.588	11.4472
414.651	11.4012
414.767	11.3252
414.882	11.2576
414.998	11.1971
415.113	11.1426
415.229	11.093
415.344	11.0477
415.46	11.0061
415.576	10.9678
415.703	10.9288
415.83	10.8929
416.084	10.8286
416.338	10.7724
416.593	10.7227
416.812	10.6841
417.032	10.6487
417.251	10.6161
417.471	10.5859
417.91	10.5314
418.349	10.4832
418.65	10.4531
418.95	10.4249
419.551	10.3733
420.152	10.3266
420.753	10.2836
421.492	10.2345
422.232	10.1885
422.972	10.1447
423.711	10.1024
424.451	10.0611
425.19	10.0202
426.3	9.95869
427.409	9.89543
427.964	9.86258
428.519	9.82852
429.073	9.7929
429.628	9.75529
430.137	9.71856
430.645	9.67902
431.154	9.63587
431.662	9.58802
432.055	9.54677
432.448	9.50069
432.644	9.47538
432.841	9.44826
433.037	9.41897
433.234	9.38717
433.488	9.34143
433.615	9.31626
433.742	9.28928
433.869	9.26021
433.996	9.22876
434.123	9.19453
434.251	9.15707
434.331	9.13129
434.412	9.10379
434.493	9.07437
434.574	9.04281
434.655	9.00887
434.736	8.97231
434.817	8.93306
434.857	8.91248
434.898	8.89149
434.961	8.85824
434.993	8.84206
435.025	8.82674
435.057	8.81295
435.089	8.80162
435.12	8.79403
435.152	8.79197
435.184	8.7978
435.2	8.80463
435.216	8.81469
435.232	8.82853
435.247	8.84677
435.263	8.87012
435.279	8.89916
435.295	8.93514
435.311	8.97889
435.327	9.03152
435.343	9.09424
435.359	9.16842
435.375	9.25553
435.39	9.35719
435.406	9.47438
435.424	9.62434
435.432	9.70834
435.441	9.79776
435.45	9.89505
435.458	9.99958
435.467	10.1118
435.476	10.2306
435.484	10.3592
435.493	10.4968
435.502	10.6437
435.51	10.7986
435.519	10.9655
435.528	11.1412
435.536	11.33
435.545	11.5283
435.554	11.741
435.562	11.9666
435.571	12.2054
435.58	12.4551
435.588	12.7219
435.597	13.0003
435.606	13.2972
435.614	13.6063
435.623	13.9354
435.632	14.2813
435.64	14.6447
435.649	15.0215
435.658	15.421
435.666	15.8344
435.675	16.2718
435.683	16.7236
435.697	17.4439
435.709	18.2105
435.722	19.0243
435.736	19.8864
435.749	20.7974
435.762	21.758
435.774	22.7684
435.787	23.8288
435.8	24.939
435.814	26.0985
435.827	27.3066
435.839	28.5623
435.865	31.2103
435.892	34.0276
435.923	37.6726
435.955	41.4903
435.987	45.4191
436.019	49.3867
436.053	53.6645
436.088	57.7655
436.118	61.1399
436.149	64.2079
436.165	65.6746
436.18	67.0294
436.196	68.2631
436.212	69.3668
436.228	70.3329
436.231	70.4937
436.239	70.9071
436.247	71.2839
436.255	71.6273
436.263	71.9283
436.271	72.194
436.279	72.4172
436.286	72.5865
436.295	72.7566
436.3	72.8229
436.304	72.8659
436.316	72.9366
436.328	72.9159
436.34	72.7999
436.353	72.5877
436.372	72.075
436.396	71.0921
436.423	69.63
436.447	67.9498
436.472	65.9818
436.496	63.7706
436.521	61.3467
436.546	58.7387
436.57	56.0086
436.619	50.3005
436.655	46.0953
436.69	41.9638
436.708	39.9489
436.726	37.9959
436.744	36.0913
436.762	34.2635
436.786	31.8571
436.799	30.7094
436.811	29.6092
436.823	28.5392
436.836	27.5094
436.848	26.5202
436.86	25.5793
436.872	24.6714
436.885	23.8043
436.897	22.9775
436.909	22.1969
436.921	21.449
436.934	20.7453
436.946	20.0733
436.958	19.4431
436.974	18.6837
436.982	18.3272
436.99	17.9843
436.997	17.6545
437.005	17.3376
437.013	17.0332
437.021	16.741
437.029	16.4571
437.036	16.1884
437.044	15.9309
437.052	15.6843
437.06	15.4482
437.068	15.2222
437.075	15.0061
437.083	14.7994
437.091	14.5995
437.099	14.411
437.107	14.2311
437.115	14.0593
437.122	13.8955
437.13	13.7393
437.146	13.4483
437.161	13.1843
437.177	12.9449
437.192	12.728
437.208	12.5317
437.22	12.3902
437.233	12.2595
437.245	12.1387
437.257	12.028
437.269	11.9249
437.282	11.8296
437.294	11.7415
437.306	11.6607
437.319	11.5852
437.331	11.5153
437.355	11.3908
437.38	11.2829
437.405	11.1896
437.429	11.1077
437.454	11.036
437.478	10.9721
437.503	10.9153
437.527	10.8639
437.552	10.8175
437.601	10.7359
437.646	10.6715
437.69	10.6144
437.735	10.5629
437.779	10.5158
437.869	10.432
437.958	10.3589
438.047	10.2937
438.136	10.235
438.226	10.1813
438.315	10.1318
438.458	10.0593
438.6	9.99305
438.743	9.93123
438.886	9.87232
439.002	9.82566
439.118	9.77942
439.234	9.73293
439.35	9.68557
439.408	9.66139
439.466	9.63698
439.524	9.61247
439.582	9.58837
439.64	9.56569
439.669	9.55548
439.698	9.5465
439.727	9.53929
439.756	9.53454
439.785	9.53318
439.814	9.53638
439.841	9.54469
439.868	9.55965
439.895	9.58305
439.921	9.61694
439.935	9.63871
439.948	9.66415
439.962	9.69366
439.975	9.72766
439.988	9.76662
440.002	9.81103
440.015	9.86144
440.028	9.91796
440.042	9.98202
440.055	10.0539
440.069	10.1342
440.082	10.2237
440.095	10.3231
440.109	10.4332
440.122	10.5548
440.135	10.6876
440.149	10.8345
440.162	10.9954
440.176	11.1712
440.189	11.3628
440.202	11.571
440.216	11.7967
440.229	12.0409
440.243	12.3022
440.251	12.4774
440.259	12.6608
440.276	13.05
440.293	13.4759
440.31	13.9348
440.326	14.4332
440.343	14.9661
440.36	15.5369
440.376	16.146
440.393	16.7974
440.41	17.483
440.427	18.2105
440.444	18.9701
440.46	19.7694
440.477	20.597
440.51	22.3415
440.546	24.314
440.582	26.3609
440.618	28.4361
440.653	30.4866
440.693	32.6939
440.713	33.7318
440.733	34.7068
440.758	35.8124
440.783	36.7942
440.812	37.7805
440.836	38.4517
440.852	38.793
440.864	39.0142
440.872	39.132
440.878	39.2131
440.884	39.2809
440.889	39.332
440.899	39.404
440.9	39.4093
440.903	39.4266
440.906	39.4403
440.917	39.4635
440.926	39.4572
440.936	39.4236
440.95	39.3259
440.969	39.098
440.989	38.7647
441.008	38.3301
441.027	37.8025
441.052	36.9972
441.076	36.0644
441.095	35.2485
441.115	34.3701
441.153	32.4625
441.192	30.4145
441.23	28.304
441.269	26.1868
441.308	24.1328
441.325	23.2265
441.343	22.3513
441.36	21.5003
441.378	20.6861
441.395	19.9015
441.413	19.1572
441.43	18.4501
441.448	17.7808
441.465	17.1464
441.483	16.5541
441.5	15.9999
441.518	15.4832
441.527	15.2373
441.536	15.0005
441.544	14.7727
441.553	14.5562
441.562	14.3458
441.571	14.1461
441.579	13.9524
441.588	13.7688
441.602	13.4876
441.616	13.2276
441.63	12.9859
441.644	12.7615
441.658	12.5522
441.672	12.36
441.686	12.1824
441.7	12.0186
441.714	11.8667
441.728	11.728
441.742	11.6005
441.756	11.4835
441.77	11.3754
441.784	11.2771
441.798	11.1871
441.812	11.1047
441.827	11.0287
441.841	10.9598
441.854	10.8967
441.868	10.839
441.883	10.7858
441.897	10.7374
441.925	10.6524
441.953	10.5805
441.981	10.5197
442.009	10.4676
442.037	10.4229
442.079	10.3663
442.121	10.3194
442.163	10.2796
442.205	10.2451
442.247	10.2144
442.289	10.1869
442.373	10.1386
442.458	10.0969
442.542	10.0599
442.626	10.0267
442.71	9.99652
442.864	9.9472
443.019	9.90398
443.173	9.86538
443.327	9.8304
443.481	9.79825
443.636	9.76841
443.944	9.71405
444.225	9.66918
444.505	9.62739
444.842	9.58011
445.178	9.53504
445.515	9.49141
445.851	9.4486
446.188	9.40614
446.525	9.36364
446.861	9.32072
447.198	9.27706
447.534	9.23228
447.871	9.18605
448.207	9.13799
448.544	9.08773
448.965	9.02104
449.386	8.94916
449.806	8.87075
450.017	8.82857
450.227	8.78411
450.536	8.71411
450.844	8.63749
450.998	8.59626
451.153	8.55282
451.307	8.50693
451.461	8.45838
451.587	8.41638
451.714	8.37221
451.84	8.32562
451.966	8.27638
452.092	8.2242
452.218	8.16877
452.345	8.10974
452.471	8.04667
452.625	7.96338
452.702	7.91887
452.779	7.87233
452.857	7.82349
452.934	7.7723
453.011	7.71851
453.088	7.66191
453.165	7.60221
453.242	7.53932
453.319	7.4729
453.396	7.40269
453.474	7.32834
453.551	7.24983
453.589	7.20887
453.628	7.16692
453.666	7.1238
453.705	7.0798
453.75	7.02658
453.796	6.97257
453.842	6.91849
453.887	6.8656
453.933	6.81605
453.956	6.79354
453.978	6.77332
454.001	6.75617
454.024	6.74306
454.047	6.73521
454.07	6.73411
454.089	6.73983
454.108	6.75309
454.127	6.77551
454.147	6.80879
454.166	6.85551
454.185	6.91813
454.205	6.9997
454.224	7.10313
454.243	7.23353
454.253	7.31051
454.262	7.39506
454.272	7.48964
454.282	7.593
454.291	7.70685
454.301	7.83199
454.311	7.97076
454.32	8.12123
454.33	8.2875
454.339	8.46717
454.349	8.66506
454.359	8.87824
454.368	9.10983
454.378	9.36107
454.386	9.58348
454.394	9.82082
454.402	10.0739
454.41	10.3434
454.418	10.6304
454.425	10.9355
454.433	11.2598
454.441	11.604
454.449	11.9693
454.457	12.3564
454.465	12.7665
454.473	13.2005
454.481	13.6595
454.489	14.1445
454.496	14.6567
454.504	15.19
454.512	15.7594
454.52	16.3592
454.528	16.9906
454.536	17.6548
454.544	18.353
454.552	19.0864
454.56	19.8561
454.567	20.6529
454.575	21.4984
454.583	22.3838
454.599	24.2793
454.615	26.3487
454.63	28.5864
454.64	30.0631
454.65	31.5977
454.659	33.2241
454.669	34.9105
454.679	36.6936
454.688	38.5383
454.698	40.4845
454.708	42.4931
454.717	44.6073
454.727	46.7843
454.746	51.4187
454.766	56.4001
454.785	61.7002
454.803	67.0986
454.822	72.8025
454.84	78.8014
454.858	85.0809
454.877	91.6223
454.895	98.4028
454.914	105.395
454.932	112.569
454.971	128.044
455.009	143.775
455.053	161.374
455.057	162.788
455.068	167.219
455.079	171.532
455.099	178.676
455.118	185.487
455.136	191.613
455.155	197.329
455.174	202.83
455.193	207.772
455.212	212.087
455.232	215.776
455.251	218.767
455.267	220.7
455.282	222.073
455.3	223.15
455.303	223.266
455.313	223.506
455.323	223.544
455.335	223.311
455.357	222.167
455.381	219.842
455.405	216.444
455.423	213.118
455.441	209.242
455.465	203.417
455.489	196.791
455.515	188.758
455.541	180.071
455.565	171.611
455.588	162.811
455.636	144.682
455.683	126.455
455.707	117.553
455.731	108.898
455.75	102.417
455.768	96.1498
455.786	90.1174
455.805	84.3686
455.823	78.8546
455.841	73.6455
455.86	68.6912
455.878	64.0493
455.89	61.1838
455.902	58.4385
455.914	55.8125
455.926	53.3045
455.938	50.9127
455.949	48.6353
455.961	46.4698
455.973	44.4136
455.985	42.464
455.997	40.618
456.009	38.8722
456.021	37.2234
456.033	35.6681
456.045	34.2028
456.056	32.8239
456.068	31.5383
456.08	30.3205
456.092	29.1782
456.104	28.1078
456.116	27.1056
456.128	26.1682
456.14	25.292
456.152	24.4738
456.163	23.7163
456.175	23.0037
456.187	22.3395
456.199	21.7206
456.211	21.1444
456.223	20.6079
456.235	20.1087
456.247	19.6441
456.258	19.2155
456.27	18.8132
456.282	18.4389
456.294	18.0906
456.306	17.7664
456.318	17.4646
456.33	17.1834
456.342	16.9213
456.354	16.6769
456.366	16.4487
456.377	16.2356
456.389	16.0364
456.401	15.8498
456.413	15.6751
456.425	15.5111
456.449	15.2135
456.473	14.9482
456.496	14.7115
456.52	14.499
456.544	14.3078
456.568	14.1332
456.591	13.9734
456.615	13.8265
456.639	13.6911
456.663	13.5646
456.687	13.4464
456.734	13.2311
456.782	13.0388
456.829	12.8654
456.877	12.707
456.924	12.5618
456.972	12.4274
457.019	12.3029
457.093	12.1266
457.167	11.9673
457.24	11.8224
457.313	11.6897
457.387	11.5676
457.46	11.4547
457.534	11.3499
457.608	11.2522
457.703	11.1349
457.798	11.0267
457.893	10.9264
457.988	10.8329
458.083	10.7453
458.178	10.663
458.273	10.5853
458.369	10.5117
458.49	10.4231
458.611	10.3396
458.732	10.2603
458.853	10.1849
458.974	10.1126
459.095	10.0431
459.337	9.9106
459.544	9.80228
459.752	9.69723
459.925	9.61119
460.098	9.52583
460.271	9.44035
460.444	9.35415
460.617	9.26643
460.79	9.17654
460.963	9.08353
461.136	8.9866
461.239	8.92607
461.343	8.86347
461.438	8.804
461.534	8.74237
461.629	8.67828
461.724	8.61141
461.819	8.54145
461.914	8.46803
462.009	8.39073
462.104	8.30909
462.173	8.24665
462.242	8.18143
462.312	8.11317
462.381	8.04162
462.45	7.96656
462.519	7.88774
462.589	7.80506
462.658	7.71882
462.705	7.65768
462.753	7.59581
462.8	7.53442
462.824	7.50452
462.848	7.47576
462.872	7.4484
462.896	7.4232
462.919	7.40099
462.943	7.38288
462.967	7.37004
462.991	7.36419
463.014	7.36735
463.038	7.38195
463.062	7.41115
463.086	7.45863
463.098	7.49058
463.11	7.52884
463.121	7.57411
463.133	7.62666
463.145	7.68819
463.157	7.75919
463.169	7.84062
463.181	7.93353
463.193	8.03904
463.205	8.15835
463.217	8.29278
463.228	8.44236
463.24	8.61111
463.252	8.79941
463.264	9.00895
463.276	9.24151
463.288	9.49899
463.3	9.78338
463.312	10.0968
463.323	10.4384
463.335	10.8163
463.347	11.2301
463.359	11.6823
463.371	12.1757
463.383	12.7127
463.395	13.2964
463.407	13.9294
463.418	14.6088
463.43	15.3491
463.442	16.1478
463.454	17.0078
463.466	17.9324
463.478	18.9247
463.49	19.9877
463.502	21.1245
463.514	22.3381
463.526	23.6314
463.537	25.0074
463.549	26.4687
463.561	28.018
463.573	29.6576
463.585	31.3898
463.597	33.2166
463.609	35.1232
463.619	36.866
463.629	38.683
463.65	42.5219
463.671	46.6797
463.691	51.1148
463.712	55.8655
463.732	60.8762
463.753	66.1554
463.773	71.6847
463.797	78.3865
463.821	85.3489
463.844	92.518
463.868	99.801
463.911	113.216
463.955	126.404
463.977	133.1
464	139.482
464.009	141.81
464.033	147.95
464.058	154.046
464.082	159.044
464.106	163.331
464.12	165.539
464.132	167.194
464.144	168.65
464.156	169.902
464.168	170.939
464.179	171.768
464.195	172.535
464.2	172.708
464.203	172.78
464.211	172.943
464.219	172.997
464.233	172.855
464.247	172.426
464.263	171.572
464.29	169.248
464.317	165.883
464.338	162.637
464.359	158.863
464.386	153.239
464.413	146.943
464.44	140.052
464.467	132.749
464.495	125.113
464.522	117.333
464.576	101.759
464.603	94.1688
464.63	86.8942
464.657	79.9697
464.671	76.6731
464.685	73.5212
464.696	70.8701
464.708	68.3416
464.72	65.9167
464.731	63.5987
464.743	61.3722
464.755	59.2773
464.767	57.2969
464.778	55.4328
464.79	53.6718
464.802	52.0449
464.814	50.5373
464.825	49.1493
464.837	47.8811
464.849	46.7323
464.86	45.7026
464.872	44.791
464.882	44.1113
464.892	43.5147
464.902	43.0005
464.911	42.5716
464.921	42.2181
464.931	41.9436
464.941	41.747
464.951	41.6276
464.963	41.5815
464.976	41.6488
464.988	41.8254
465	42.108
465.013	42.4962
465.025	42.98
465.037	43.5581
465.05	44.2261
465.066	45.2291
465.082	46.3606
465.098	47.624
465.114	48.9922
465.146	52.0278
465.178	55.3564
465.201	57.9322
465.225	60.5708
465.272	65.8487
465.299	68.7945
465.326	71.5718
465.349	73.8124
465.373	75.848
465.4	77.8954
465.421	79.2379
465.431	79.7856
465.444	80.4393
465.456	80.9287
465.463	81.1697
465.47	81.3895
465.476	81.575
465.483	81.7328
465.492	81.8959
465.5	82.0049
465.504	82.0443
465.516	82.0982
465.524	82.0827
465.538	81.9641
465.554	81.6786
465.569	81.2368
465.594	80.2595
465.609	79.4428
465.625	78.4871
465.642	77.2883
465.659	75.9404
465.691	73.1216
465.722	69.9237
465.762	65.4037
465.802	60.5556
465.865	52.6957
465.897	48.8026
465.928	45.0359
465.951	42.391
465.974	39.851
465.997	37.4295
466.02	35.137
466.031	34.0368
466.043	32.9809
466.054	31.9513
466.066	30.9662
466.077	30.0086
466.089	29.0951
466.1	28.2173
466.111	27.3749
466.127	26.2653
466.143	25.2285
466.159	24.2497
466.174	23.3396
466.19	22.4845
466.206	21.6931
466.222	20.9573
466.229	20.6073
466.237	20.2747
466.245	19.9505
466.253	19.6388
466.261	19.3392
466.269	19.055
466.277	18.7785
466.285	18.5131
466.293	18.2585
466.3	18.0173
466.308	17.7831
466.316	17.5586
466.324	17.3435
466.332	17.1401
466.34	16.9428
466.347	16.7562
466.363	16.4046
466.374	16.1801
466.385	15.9708
466.395	15.7721
466.406	15.587
466.417	15.4113
466.428	15.2477
466.438	15.0938
466.449	14.9491
466.46	14.8118
466.471	14.6839
466.481	14.5636
466.492	14.4504
466.514	14.2425
466.535	14.0587
466.556	13.8944
466.578	13.7478
466.599	13.6163
466.621	13.4986
466.642	13.3917
466.664	13.2949
466.685	13.2062
466.707	13.1251
466.738	13.0168
466.77	12.9194
466.801	12.831
466.832	12.7502
466.864	12.6752
466.896	12.6053
466.958	12.4781
467.021	12.364
467.084	12.2604
467.147	12.1651
467.21	12.0772
467.296	11.967
467.382	11.8665
467.468	11.7742
467.553	11.689
467.639	11.6098
467.725	11.5361
467.811	11.4671
467.897	11.4024
468.023	11.3142
468.149	11.2329
468.274	11.1578
468.4	11.0879
468.526	11.0227
468.652	10.9615
468.904	10.8498
469.099	10.7717
469.293	10.6995
469.488	10.6325
469.682	10.5698
469.877	10.511
470.071	10.4555
470.46	10.3531
470.712	10.292
470.964	10.2342
471.468	10.127
471.971	10.0286
472.475	9.9369
473.024	9.84255
473.573	9.75247
474.123	9.66538
474.672	9.58018
475.176	9.5029
475.679	9.4257
476.183	9.34794
476.686	9.26902
477.19	9.18826
477.694	9.10504
478.197	9.01862
478.701	8.92824
479.021	8.86825
479.341	8.80608
479.662	8.74144
479.982	8.67406
480.303	8.60348
480.623	8.52934
480.944	8.45118
481.264	8.36856
481.516	8.3001
481.768	8.2282
482.02	8.1525
482.271	8.07258
482.523	7.98799
482.775	7.89821
483.027	7.80263
483.279	7.70061
483.462	7.62183
483.645	7.53891
483.828	7.45141
484.011	7.35893
484.194	7.26097
484.377	7.15695
484.56	7.04623
484.743	6.9281
484.869	6.84216
484.995	6.75206
485.121	6.65748
485.247	6.55809
485.373	6.45351
485.499	6.34332
485.625	6.22709
485.751	6.10444
485.859	5.99273
485.968	5.87552
486.077	5.75237
486.185	5.62289
486.294	5.4866
486.349	5.41583
486.403	5.34339
486.457	5.26898
486.512	5.19284
486.566	5.11467
486.62	5.03475
486.683	4.93964
486.746	4.84217
486.809	4.74211
486.872	4.63991
486.935	4.53546
486.998	4.42942
487.061	4.32212
487.124	4.21426
487.155	4.16035
487.187	4.10673
487.218	4.05359
487.25	4.00137
487.281	3.95003
487.313	3.90016
487.344	3.85223
487.376	3.80701
487.407	3.76501
487.439	3.72739
487.47	3.69549
487.502	3.67108
487.533	3.65624
487.565	3.654
487.596	3.66819
487.627	3.70368
487.648	3.74051
487.668	3.79052
487.688	3.85666
487.708	3.94118
487.728	4.04835
487.748	4.18107
487.768	4.34447
487.778	4.43933
487.788	4.54394
487.798	4.66034
487.808	4.7871
487.818	4.92625
487.828	5.0788
487.838	5.24584
487.848	5.42852
487.858	5.62809
487.868	5.84587
487.878	6.08576
487.888	6.34453
487.898	6.62608
487.908	6.93212
487.918	7.26447
487.928	7.62509
487.938	8.01602
487.948	8.43945
487.955	8.76573
487.962	9.11096
487.969	9.47607
487.977	9.85654
487.984	10.2641
487.991	10.6884
487.998	11.1425
488.005	11.6149
488.012	12.12
488.02	12.6451
488.027	13.206
488.034	13.7886
488.041	14.4104
488.048	15.0556
488.055	15.7438
488.062	16.4573
488.07	17.2175
488.077	18.005
488.084	18.8434
488.091	19.7111
488.098	20.6341
488.105	21.5884
488.113	22.6028
488.12	23.6506
488.127	24.7632
488.134	25.9116
488.141	27.1299
488.148	28.3862
488.155	29.7178
488.163	31.0896
488.17	32.5423
488.177	34.0375
488.184	35.6194
488.191	37.246
488.198	38.9653
488.205	40.7316
488.213	42.5967
488.22	44.5109
488.234	48.6009
488.244	51.6546
488.255	55.1391
488.265	58.7894
488.281	64.2893
488.296	70.1738
488.311	76.496
488.326	83.2729
488.341	90.9206
488.357	99.0541
488.373	107.735
488.389	116.976
488.404	126.851
488.42	137.243
488.436	148.216
488.451	159.77
488.473	176.528
488.494	194.348
488.516	213.192
488.537	232.911
488.569	263.533
488.6	295.681
488.632	329.184
488.663	363.486
488.726	432.207
488.758	465.519
488.789	497.129
488.812	518.8
488.835	539.027
488.866	564.052
488.898	585.324
488.929	602.348
488.945	609.119
488.961	614.664
488.977	619.305
488.994	622.496
489	623.23
489.003	623.547
489.012	624.263
489.021	624.542
489.039	623.808
489.069	618.974
489.099	609.875
489.131	595.31
489.16	578.004
489.19	557.423
489.219	533.961
489.248	508.108
489.291	467.254
489.334	424.021
489.393	363.441
489.422	333.722
489.452	304.855
489.481	277.057
489.511	250.766
489.525	238.212
489.54	226.077
489.555	214.377
489.569	203.123
489.583	192.755
489.597	182.879
489.612	173.355
489.626	164.319
489.64	155.64
489.654	147.437
489.668	139.64
489.682	132.244
489.696	125.19
489.71	118.569
489.724	112.276
489.738	106.388
489.752	100.808
489.766	95.6022
489.78	90.7168
489.794	86.1379
489.809	81.6152
489.823	77.4305
489.838	73.5358
489.853	69.9152
489.868	66.5528
489.882	63.4332
489.897	60.5411
489.912	57.8621
489.926	55.3657
489.941	53.0721
489.956	50.9506
489.971	48.9889
489.985	47.1753
490	45.4986
490.015	43.9482
490.029	42.5145
490.04	41.5388
490.051	40.6166
490.062	39.7447
490.072	38.9199
490.083	38.1396
490.094	37.4008
490.104	36.7011
490.115	36.038
490.126	35.4092
490.136	34.8126
490.147	34.2461
490.158	33.7078
490.168	33.196
490.179	32.7088
490.19	32.2449
490.201	31.8026
490.222	30.9776
490.243	30.2239
490.265	29.5328
490.286	28.8968
490.308	28.3091
490.329	27.7643
490.35	27.2573
490.372	26.7838
490.401	26.1796
490.431	25.626
490.46	25.1143
490.49	24.6391
490.519	24.1945
490.548	23.7798
490.578	23.3904
490.607	23.0235
490.637	22.676
490.666	22.3481
490.696	22.0372
490.725	21.7417
490.754	21.4605
490.784	21.1924
490.842	20.6919
490.901	20.2329
490.96	19.8116
491.019	19.422
491.078	19.0617
491.137	18.7265
491.196	18.4147
491.254	18.1234
491.313	17.8506
491.369	17.6055
491.426	17.3744
491.482	17.1561
491.538	16.9499
491.594	16.7541
491.65	16.5682
491.707	16.3915
491.763	16.2236
491.875	15.9102
491.987	15.6245
492.1	15.3627
492.212	15.1217
492.33	14.8889
492.447	14.6739
492.565	14.4747
492.683	14.2898
492.8	14.1173
492.918	13.956
493.036	13.8049
493.153	13.6632
493.346	13.4486
493.538	13.2532
493.731	13.0743
493.924	12.9096
494.116	12.7574
494.309	12.6162
494.501	12.4846
494.694	12.3616
494.929	12.2215
495.165	12.0914
495.4	11.9699
495.635	11.8561
495.871	11.7489
496.106	11.6477
496.341	11.5516
496.577	11.4601
496.812	11.3725
497.047	11.2885
497.283	11.2076
497.518	11.1295
497.989	10.9795
498.46	10.836
498.631	10.7849
498.973	10.6835
499.315	10.5825
499.658	10.4806
500	10.3765
500.175	10.3217
500.351	10.2657
500.526	10.2081
500.702	10.1485
500.877	10.0865
501.053	10.0217
501.228	9.95337
501.403	9.88083
501.579	9.80311
501.754	9.71901
501.842	9.67411
501.93	9.627
502.017	9.57742
502.105	9.52507
502.193	9.46953
502.28	9.41053
502.368	9.3476
502.456	9.28037
502.5	9.24507
502.544	9.20881
502.588	9.1716
502.631	9.13393
502.675	9.09622
502.719	9.05965
502.763	9.02568
502.785	9.01049
502.807	8.99702
502.829	8.98576
502.851	8.97747
502.872	8.97288
502.894	8.97294
502.916	8.97883
502.938	8.99187
502.96	9.01366
502.982	9.0461
503.004	9.09163
503.026	9.15241
503.048	9.23156
503.059	9.27929
503.07	9.33246
503.081	9.39253
503.092	9.45958
503.103	9.53418
503.114	9.61614
503.125	9.70758
503.136	9.8075
503.147	9.91843
503.158	10.0391
503.168	10.1661
503.179	10.3044
503.189	10.4548
503.199	10.6164
503.21	10.793
503.22	10.9841
503.231	11.1905
503.241	11.4107
503.252	11.6501
503.262	11.9074
503.273	12.1836
503.283	12.4768
503.294	12.7935
503.304	13.1288
503.315	13.49
503.325	13.8713
503.336	14.281
503.346	14.7167
503.356	15.1792
503.367	15.665
503.377	16.1842
503.388	16.7335
503.398	17.3136
503.409	17.9197
503.419	18.5642
503.43	19.2424
503.44	19.9552
503.451	20.6959
503.461	21.4796
503.472	22.2921
503.482	23.1495
503.492	24.0361
503.504	25.0147
503.514	26.0356
503.536	28.1957
503.558	30.5258
503.58	33.0247
503.602	35.6884
503.624	38.5108
503.646	41.4827
503.668	44.592
503.698	49.0469
503.728	53.6684
503.758	58.4145
503.787	63.2194
503.831	70.2255
503.875	76.9306
503.899	80.3744
503.923	83.6115
503.945	86.3726
503.967	88.8815
503.991	91.3135
503.995	91.6871
504.006	92.6623
504.017	93.5591
504.033	94.7115
504.044	95.406
504.055	96.0091
504.066	96.5299
504.076	96.9577
504.088	97.3099
504.1	97.576
504.103	97.6292
504.117	97.7589
504.126	97.7696
504.135	97.7128
504.153	97.428
504.171	96.8809
504.191	96
504.21	94.9367
504.228	93.6495
504.247	92.1453
504.265	90.4377
504.295	87.2348
504.325	83.6121
504.362	78.7017
504.399	73.4182
504.46	64.3771
504.49	59.8241
504.52	55.3624
504.538	52.6838
504.557	50.0825
504.575	47.5405
504.594	45.0946
504.612	42.7259
504.63	40.4662
504.649	38.3075
504.667	36.2533
504.683	34.5541
504.699	32.9467
504.715	31.4204
504.731	29.9751
504.747	28.61
504.763	27.324
504.779	26.1154
504.795	24.9823
504.811	23.9161
504.826	22.9275
504.842	22.007
504.858	21.1518
504.866	20.7452
504.874	20.3587
504.882	19.9823
504.89	19.6248
504.898	19.277
504.906	18.947
504.914	18.6261
504.922	18.322
504.931	17.9797
504.94	17.6571
504.95	17.3501
504.959	17.0578
504.968	16.7769
504.977	16.5128
504.986	16.2617
504.996	16.0233
505.005	15.7944
505.014	15.5796
505.023	15.3757
505.033	15.1823
505.042	14.9989
505.051	14.825
505.06	14.6601
505.069	14.5038
505.088	14.2138
505.106	13.955
505.125	13.7226
505.143	13.5138
505.162	13.3253
505.18	13.1566
505.198	13.0047
505.217	12.8676
505.233	12.7591
505.249	12.6602
505.265	12.5691
505.281	12.4852
505.296	12.4072
505.312	12.3354
505.344	12.2066
505.376	12.094
505.408	11.995
505.44	11.9067
505.472	11.8271
505.503	11.7544
505.535	11.6879
505.599	11.5687
505.662	11.4637
505.726	11.3697
505.8	11.2711
505.874	11.1818
505.947	11.0998
506.021	11.024
506.095	10.9533
506.169	10.8872
506.316	10.766
506.45	10.666
506.584	10.5734
506.772	10.4533
506.959	10.3415
507.147	10.2352
507.334	10.1324
507.495	10.0458
507.656	9.95951
507.817	9.87255
507.978	9.78408
508.139	9.693
508.3	9.59834
508.461	9.49878
508.621	9.39301
508.769	9.28904
508.842	9.2341
508.916	9.17686
508.99	9.11707
509.064	9.05447
509.137	8.98875
509.211	8.91959
509.285	8.84663
509.358	8.76988
509.432	8.68946
509.469	8.6481
509.506	8.60645
509.543	8.56475
509.58	8.52383
509.617	8.48475
509.653	8.4492
509.69	8.41927
509.709	8.40744
509.727	8.39832
509.746	8.39251
509.764	8.39076
509.782	8.39387
509.801	8.40277
509.819	8.41868
509.838	8.4427
509.856	8.47635
509.874	8.52128
509.893	8.57974
509.911	8.65323
509.93	8.74443
509.948	8.85602
509.967	8.99181
509.985	9.15368
509.994	9.24578
510.004	9.34597
510.013	9.45477
510.022	9.57272
510.031	9.70183
510.04	9.83991
510.05	9.98892
510.059	10.1495
510.068	10.3223
510.077	10.508
510.086	10.7073
510.096	10.921
510.105	11.1524
510.114	11.3972
510.123	11.6588
510.132	11.9379
510.142	12.2388
510.151	12.5557
510.16	12.8928
510.169	13.251
510.179	13.6354
510.188	14.0386
510.197	14.4657
510.206	14.9177
510.216	15.3954
510.225	15.8998
510.234	16.432
510.243	16.9928
510.252	17.5898
510.262	18.2113
510.271	18.8642
510.28	19.5497
510.289	20.2687
510.298	21.0219
510.308	21.8104
510.317	22.6349
510.335	24.4054
510.354	26.3203
510.372	28.3942
510.39	30.6314
510.411	33.266
510.431	36.1024
510.451	39.1416
510.471	42.3823
510.491	45.8209
510.511	49.4514
510.531	53.2648
510.551	57.2497
510.582	63.5268
510.612	70.096
510.642	76.8816
510.672	83.771
510.709	92.2402
510.746	100.52
510.778	107.395
510.809	113.819
510.843	119.966
510.848	120.82
510.859	122.617
510.87	124.324
510.893	127.659
510.912	129.956
510.93	131.923
510.944	133.223
510.954	134.009
510.963	134.642
510.973	135.186
510.983	135.675
510.998	136.206
511	136.269
511.003	136.344
511.011	136.478
511.019	136.548
511.032	136.519
511.045	136.306
511.06	135.82
511.086	134.427
511.113	132.336
511.13	130.54
511.148	128.456
511.174	124.919
511.2	120.881
511.226	116.379
511.252	111.502
511.277	106.567
511.302	101.425
511.352	90.7833
511.404	79.5389
511.43	74.0561
511.457	68.7301
511.476	64.9771
511.494	61.3451
511.513	57.8464
511.532	54.5083
511.551	51.3034
511.57	48.2557
511.589	45.3691
511.608	42.6598
511.621	40.8771
511.634	39.1848
511.648	37.5563
511.661	36.0157
511.674	34.5381
511.687	33.1447
511.7	31.8126
511.713	30.5604
511.726	29.3669
511.739	28.2482
511.752	27.1851
511.765	26.1914
511.778	25.2496
511.791	24.3717
511.804	23.5418
511.817	22.77
511.825	22.2977
511.834	21.8506
511.842	21.4222
511.85	21.0121
511.859	20.6195
511.867	20.244
511.875	19.8848
511.884	19.5413
511.892	19.2131
511.9	18.8996
511.909	18.6
511.917	18.314
511.925	18.041
511.933	17.7805
511.942	17.5319
511.95	17.2947
511.967	16.8528
511.983	16.451
512	16.0858
512.016	15.7539
512.033	15.4524
512.05	15.1783
512.066	14.929
512.083	14.7021
512.096	14.5374
512.109	14.3854
512.122	14.2428
512.135	14.111
512.148	13.9871
512.161	13.8723
512.187	13.6635
512.213	13.4799
512.239	13.3174
512.265	13.1726
512.292	13.0426
512.318	12.925
512.344	12.8179
512.37	12.7197
512.396	12.6291
512.422	12.5448
512.448	12.4661
512.5	12.3225
512.538	12.2274
512.576	12.1391
512.648	11.9877
512.719	11.8515
512.79	11.7274
512.861	11.6134
512.932	11.5075
513.003	11.4086
513.075	11.3156
513.146	11.2279
513.26	11.096
513.373	10.9728
513.487	10.8561
513.601	10.7445
513.71	10.6407
513.819	10.5389
513.929	10.438
514.038	10.337
514.147	10.2348
514.202	10.183
514.256	10.1307
514.311	10.0779
514.365	10.0247
514.42	9.97178
514.474	9.92011
514.527	9.87346
514.553	9.85201
514.579	9.83246
514.605	9.81548
514.631	9.80188
514.657	9.79271
514.683	9.78926
514.709	9.79314
514.735	9.8063
514.762	9.8311
514.788	9.8704
514.814	9.9276
514.827	9.96428
514.84	10.0067
514.853	10.0561
514.866	10.1124
514.879	10.1766
514.892	10.2496
514.903	10.3206
514.914	10.3994
514.926	10.4865
514.937	10.5816
514.948	10.6871
514.96	10.8029
514.971	10.9296
514.982	11.0667
514.993	11.2175
515.005	11.3816
515.016	11.5598
515.027	11.7512
515.038	11.96
515.05	12.1857
515.061	12.4291
515.072	12.6887
515.084	12.9702
515.095	13.2724
515.106	13.5962
515.117	13.9395
515.129	14.3094
515.14	14.704
515.151	15.1244
515.162	15.5674
515.174	16.042
515.185	16.5453
515.196	17.0782
515.208	17.6367
515.219	18.2314
515.23	18.8528
515.241	19.5126
515.253	20.2
515.266	21.0471
515.279	21.9344
515.292	22.8765
515.305	23.8594
515.318	24.8988
515.331	25.9791
515.344	27.1169
515.357	28.2946
515.383	30.8035
515.409	33.4995
515.435	36.3719
515.461	39.4059
515.492	43.1791
515.523	47.0966
515.554	51.1209
515.585	55.1945
515.63	61.1128
515.652	63.9974
515.675	66.7771
515.701	69.8482
515.727	72.7016
515.752	75.2117
515.777	77.4487
515.803	79.4696
515.81	79.9681
515.829	81.1491
515.842	81.8409
515.855	82.4393
515.864	82.7881
515.871	83.0324
515.88	83.2792
515.892	83.5736
515.9	83.7083
515.905	83.7771
515.921	83.879
515.937	83.8233
515.953	83.6116
515.969	83.2459
515.996	82.2588
516.028	80.5829
516.047	79.3398
516.066	77.9231
516.098	75.1585
516.13	72.0111
516.17	67.5554
516.211	62.7488
516.274	54.876
516.306	50.944
516.338	47.0991
516.361	44.3794
516.384	41.7625
516.407	39.2404
516.43	36.8462
516.454	34.5685
516.477	32.4333
516.488	31.4123
516.5	30.4261
516.512	29.4748
516.523	28.5662
516.539	27.3589
516.555	26.2243
516.571	25.1538
516.587	24.146
516.603	23.1995
516.619	22.3126
516.634	21.4833
516.65	20.7094
516.666	19.9844
516.682	19.3149
516.698	18.6939
516.714	18.1187
516.73	17.587
516.746	17.0963
516.762	16.6439
516.778	16.2276
516.79	15.9287
516.802	15.6488
516.815	15.3869
516.827	15.142
516.839	14.913
516.851	14.6991
516.864	14.4993
516.876	14.3126
516.888	14.1384
516.901	13.9758
516.913	13.8239
516.925	13.6821
516.938	13.5497
516.95	13.426
516.974	13.2033
516.999	13.0075
517.024	12.8357
517.048	12.6844
517.073	12.5505
517.097	12.4314
517.122	12.325
517.146	12.2291
517.171	12.1427
517.203	12.0413
517.235	11.9506
517.267	11.8683
517.298	11.7929
517.33	11.7229
517.362	11.6579
517.426	11.5393
517.489	11.4329
517.553	11.3373
517.585	11.2935
517.617	11.2529
517.648	11.2158
517.68	11.183
517.715	11.1531
517.75	11.1311
517.784	11.1191
517.802	11.1178
517.819	11.1202
517.848	11.1336
517.877	11.161
517.891	11.1811
517.906	11.2058
517.92	11.2357
517.935	11.271
517.949	11.3128
517.964	11.3613
517.978	11.4172
517.993	11.4806
518.007	11.5531
518.022	11.6343
518.036	11.7261
518.05	11.828
518.065	11.9421
518.08	12.0686
518.094	12.2084
518.108	12.3611
518.123	12.5297
518.137	12.7128
518.152	12.9137
518.166	13.1304
518.181	13.3669
518.195	13.6225
518.21	13.8979
518.224	14.1919
518.239	14.5091
518.253	14.8459
518.268	15.2075
518.282	15.5893
518.298	16.0406
518.314	16.5177
518.33	17.0236
518.346	17.5584
518.361	18.1218
518.377	18.7137
518.393	19.3334
518.409	19.9802
518.441	21.3552
518.473	22.8189
518.505	24.3605
518.536	25.9607
518.6	29.247
518.632	30.8724
518.664	32.447
518.701	34.1991
518.72	35.0151
518.739	35.7825
518.764	36.7031
518.788	37.5172
518.82	38.3933
518.839	38.8099
518.855	39.1002
518.861	39.202
518.869	39.3125
518.877	39.4092
518.885	39.486
518.892	39.5469
518.9	39.601
518.907	39.6354
518.918	39.6628
518.928	39.6622
518.938	39.6386
518.954	39.5499
518.973	39.359
518.998	38.9863
519.018	38.5974
519.037	38.1276
519.069	37.1941
519.101	36.0837
519.126	35.1098
519.151	34.062
519.201	31.7866
519.243	29.7237
519.286	27.6317
519.328	25.5743
519.35	24.5757
519.371	23.6096
519.39	22.7451
519.41	21.9158
519.429	21.1198
519.449	20.3591
519.468	19.6319
519.488	18.9465
519.507	18.2999
519.527	17.6922
519.547	17.1206
519.556	16.8493
519.566	16.5903
519.576	16.338
519.586	16.0975
519.595	15.8637
519.605	15.6412
519.615	15.4252
519.625	15.22
519.634	15.0212
519.644	14.8326
519.654	14.6501
519.664	14.4772
519.673	14.3102
519.683	14.1523
519.7	13.8939
519.717	13.6559
519.734	13.437
519.751	13.2371
519.768	13.0529
519.784	12.8852
519.801	12.7309
519.818	12.5909
519.835	12.4624
519.852	12.3453
519.869	12.2387
519.886	12.1421
519.902	12.0537
519.919	11.9736
519.936	11.9003
519.953	11.8338
519.97	11.7728
519.987	11.7171
520.02	11.6199
520.054	11.5381
520.088	11.4686
520.121	11.4089
520.155	11.3571
520.189	11.3115
520.223	11.271
520.276	11.2147
520.329	11.1657
520.382	11.122
520.436	11.0824
520.542	11.0119
520.649	10.95
520.755	10.8944
520.861	10.8438
520.968	10.797
521.074	10.7536
521.259	10.6845
521.443	10.6216
521.628	10.5636
521.812	10.5093
521.997	10.458
522.181	10.409
522.366	10.3617
522.55	10.3158
522.778	10.2606
523.118	10.1788
523.289	10.1378
523.459	10.0963
523.608	10.0592
523.757	10.0211
523.906	9.98171
524.055	9.9406
524.204	9.89719
524.353	9.85091
524.502	9.80091
524.577	9.77434
524.651	9.74675
524.73	9.71712
524.808	9.68794
524.847	9.67431
524.886	9.66213
524.925	9.65226
524.964	9.64601
525.003	9.64515
525.042	9.65213
525.061	9.65953
525.081	9.67018
525.1	9.68464
525.12	9.70356
525.139	9.72778
525.159	9.75787
525.178	9.79486
525.198	9.83972
525.217	9.89357
525.237	9.95762
525.256	10.0332
525.276	10.1217
525.288	10.1811
525.299	10.2454
525.311	10.3161
525.322	10.3922
525.334	10.4755
525.345	10.565
525.357	10.6617
525.368	10.7659
525.38	10.8793
525.391	11.0001
525.403	11.1309
525.414	11.27
525.426	11.42
525.438	11.579
525.449	11.7485
525.461	11.929
525.472	12.1226
525.484	12.3263
525.495	12.5442
525.507	12.7728
525.518	13.0165
525.53	13.2715
525.541	13.5401
525.553	13.8225
525.564	14.1218
525.576	14.4329
525.587	14.7587
525.599	15.0992
525.611	15.4577
525.622	15.8283
525.645	16.6143
525.659	17.1293
525.673	17.6669
525.688	18.2265
525.702	18.8077
525.73	20.0318
525.759	21.3319
525.787	22.6981
525.815	24.1182
525.872	27.0526
525.929	30.001
525.957	31.426
525.986	32.7836
526.021	34.3639
526.039	35.0926
526.057	35.768
526.076	36.4531
526.096	37.0634
526.124	37.8141
526.144	38.2283
526.158	38.4756
526.16	38.5036
526.165	38.576
526.169	38.6427
526.178	38.7482
526.183	38.8028
526.189	38.8506
526.199	38.9241
526.2	38.9293
526.203	38.9452
526.206	38.9585
526.217	38.9903
526.231	38.9874
526.245	38.9355
526.26	38.8357
526.28	38.6038
526.309	38.1254
526.334	37.5382
526.36	36.8165
526.396	35.6007
526.433	34.1875
526.466	32.7296
526.5	31.176
526.567	27.9117
526.595	26.5169
526.623	25.1421
526.652	23.8034
526.68	22.5141
526.709	21.2855
526.723	20.6969
526.737	20.1265
526.751	19.5751
526.765	19.0434
526.78	18.5317
526.794	18.0438
526.807	17.6151
526.82	17.2036
526.832	16.8091
526.845	16.4316
526.858	16.0709
526.871	15.7269
526.884	15.3992
526.897	15.0877
526.91	14.7919
526.923	14.5115
526.936	14.246
526.948	13.995
526.961	13.7581
526.974	13.5347
526.987	13.3244
527	13.1266
527.013	12.9408
527.026	12.7664
527.039	12.6031
527.052	12.4502
527.065	12.3071
527.077	12.1735
527.09	12.0488
527.103	11.9324
527.116	11.824
527.129	11.723
527.142	11.629
527.155	11.5416
527.168	11.4603
527.181	11.3848
527.207	11.2493
527.227	11.1543
527.248	11.0702
527.269	10.995
527.289	10.9285
527.31	10.8689
527.33	10.8159
527.351	10.7683
527.372	10.7257
527.413	10.6525
527.454	10.5922
527.496	10.5416
527.537	10.4985
527.578	10.4609
527.619	10.4276
527.702	10.3703
527.784	10.3216
527.867	10.2789
527.991	10.2228
528.115	10.1738
528.239	10.1299
528.362	10.0902
528.486	10.0538
528.61	10.0201
528.858	9.95901
529.106	9.90421
529.353	9.85403
529.601	9.80732
529.849	9.76327
530.344	9.68094
530.839	9.60377
531.335	9.52967
531.83	9.45732
532.243	9.39765
532.656	9.33807
533.482	9.21769
534.307	9.09353
535.133	8.96319
535.587	8.88798
536.041	8.80974
536.495	8.72796
536.949	8.64212
537.404	8.5516
537.858	8.45571
538.312	8.35365
538.766	8.24449
539.034	8.17621
539.303	8.10488
539.571	8.03013
539.839	7.95163
540.108	7.86893
540.376	7.7817
540.644	7.6894
540.913	7.59158
541.14	7.50396
541.367	7.41153
541.594	7.31371
541.821	7.21003
542.048	7.09978
542.275	6.98234
542.502	6.8568
542.729	6.72232
542.863	6.63816
542.997	6.55024
543.132	6.45826
543.266	6.36199
543.4	6.26094
543.534	6.15483
543.668	6.04325
543.803	5.92588
543.916	5.8215
544.03	5.71236
544.143	5.59806
544.257	5.47825
544.37	5.35258
544.484	5.22069
544.597	5.08223
544.711	4.93688
544.798	4.81953
544.886	4.69793
544.974	4.57177
545.062	4.4414
545.149	4.30668
545.193	4.23786
545.237	4.16831
545.281	4.09781
545.325	4.02679
545.369	3.95511
545.412	3.88328
545.469	3.79014
545.526	3.69773
545.583	3.60716
545.64	3.52022
545.668	3.47868
545.696	3.43901
545.725	3.4017
545.753	3.36748
545.782	3.33689
545.81	3.31104
545.838	3.29115
545.867	3.27879
545.894	3.27571
545.921	3.28333
545.948	3.30429
545.975	3.34185
546.002	3.40008
546.029	3.48397
546.043	3.53764
546.056	3.59972
546.07	3.67212
546.083	3.75487
546.097	3.85042
546.111	3.95869
546.124	4.08275
546.138	4.22239
546.151	4.38145
546.165	4.55951
546.178	4.76136
546.192	4.98634
546.205	5.24029
546.219	5.52224
546.232	5.83935
546.246	6.19018
546.26	6.58347
546.273	7.01717
546.28	7.25324
546.287	7.50183
546.293	7.7635
546.3	8.03469
546.307	8.32409
546.314	8.62837
546.321	8.9482
546.327	9.27918
546.334	9.63187
546.341	10.0022
546.348	10.3908
546.354	10.7924
546.361	11.2198
546.368	11.6679
546.375	12.1375
546.382	12.622
546.388	13.1369
546.395	13.6679
546.402	14.2317
546.409	14.8126
546.415	15.429
546.422	16.0735
546.429	16.7469
546.436	17.4399
546.442	18.1741
546.449	18.9406
546.456	19.7404
546.463	20.5623
546.47	21.4318
546.476	22.3382
546.49	24.2515
546.503	26.3247
546.517	28.5676
546.525	29.9992
546.533	31.4977
546.541	33.0657
546.549	34.6847
546.557	36.3974
546.565	38.1865
546.573	40.0542
546.581	41.9785
546.594	45.2538
546.603	47.6693
546.612	50.1957
546.627	54.6308
546.642	59.36
546.657	64.4258
546.672	69.8416
546.686	75.3785
546.7	81.2598
546.714	87.4951
546.728	94.0933
546.743	101.062
546.757	108.408
546.771	116.137
546.785	124.252
546.799	132.756
546.814	141.649
546.828	150.93
546.842	160.596
546.856	170.641
546.87	181.057
546.899	202.885
546.917	217.551
546.935	232.725
546.971	264.334
546.999	290.23
547.028	316.672
547.085	370.502
547.113	397.14
547.141	423.118
547.17	448.064
547.198	471.522
547.225	492.337
547.252	511.229
547.281	528.654
547.309	543.361
547.337	555.066
547.368	564.111
547.4	569.609
547.403	569.895
547.413	570.556
547.422	570.828
547.441	570.204
547.458	568.361
547.475	565.323
547.498	559.627
547.52	552.025
547.542	542.61
547.564	531.547
547.586	518.862
547.608	504.811
547.63	489.418
547.652	472.905
547.696	437.277
547.74	399.128
547.784	359.955
547.817	331.448
547.849	303.423
547.881	276.246
547.913	250.223
547.935	233.108
547.957	216.793
547.979	201.179
548.001	186.444
548.023	172.477
548.045	159.417
548.067	147.15
548.089	135.777
548.1	130.353
548.111	125.182
548.122	120.168
548.133	115.396
548.144	110.777
548.155	106.39
548.166	102.189
548.178	98.1681
548.189	94.2896
548.2	90.6182
548.211	87.1134
548.222	83.77
548.233	80.5546
548.244	77.52
548.255	74.6313
548.266	71.8831
548.276	69.363
548.287	66.986
548.297	64.7022
548.308	62.5502
548.318	60.4846
548.329	58.5398
548.339	56.6917
548.35	54.936
548.361	53.2533
548.371	51.6711
548.382	50.1695
548.392	48.7445
548.403	47.3799
548.413	46.098
548.424	44.882
548.434	43.7287
548.445	42.6247
548.455	41.5878
548.466	40.6042
548.476	39.6712
548.487	38.7778
548.497	37.9382
548.508	37.1413
548.518	36.3848
548.529	35.6597
548.539	34.9776
548.55	34.3293
548.56	33.7129
548.571	33.1212
548.582	32.5635
548.592	32.0324
548.603	31.5265
548.614	31.0173
548.625	30.5372
548.647	29.64
548.669	28.8238
548.691	28.0821
548.713	27.3996
548.735	26.7722
548.757	26.1935
548.779	25.6602
548.801	25.1623
548.823	24.6981
548.846	24.264
548.868	23.8584
548.89	23.4749
548.912	23.1146
548.934	22.772
548.956	22.4485
548.988	22.0045
549.02	21.5913
549.058	21.132
549.096	20.7061
549.134	20.3084
549.172	19.9359
549.21	19.5858
549.248	19.2558
549.287	18.9442
549.325	18.6491
549.363	18.3692
549.401	18.1032
549.439	17.85
549.477	17.6087
549.553	17.1578
549.63	16.7445
549.718	16.3061
549.806	15.9057
549.894	15.5371
549.983	15.1969
550.071	14.8808
550.159	14.5865
550.247	14.3108
550.335	14.0521
550.404	13.8622
550.472	13.6805
550.608	13.3385
550.745	13.0213
550.881	12.7252
551.017	12.4464
551.154	12.1823
551.29	11.9305
551.427	11.6891
551.523	11.5236
551.619	11.3617
551.715	11.2028
551.812	11.0465
551.94	10.8408
552.068	10.6376
552.197	10.4354
552.325	10.2335
552.453	10.0303
552.582	9.82524
552.71	9.61668
552.838	9.40378
552.927	9.25398
553.015	9.10117
553.103	8.94456
553.191	8.78402
553.28	8.61868
553.368	8.44842
553.456	8.27232
553.544	8.09028
553.617	7.93635
553.689	7.77779
553.761	7.61449
553.833	7.44651
553.869	7.36087
553.905	7.27425
553.942	7.18682
553.978	7.0988
554.014	7.01057
554.05	6.9226
554.086	6.83565
554.122	6.75073
554.166	6.65171
554.188	6.60533
554.21	6.56207
554.232	6.52232
554.254	6.4874
554.276	6.45815
554.298	6.43625
554.321	6.42319
554.343	6.4211
554.365	6.43244
554.387	6.45991
554.409	6.50716
554.431	6.57776
554.453	6.67705
554.475	6.80959
554.497	6.98295
554.508	7.08752
554.519	7.20403
554.53	7.33571
554.541	7.48135
554.552	7.64331
554.563	7.82293
554.574	8.02351
554.585	8.24294
554.596	8.48456
554.607	8.75003
554.618	9.04394
554.63	9.36289
554.64	9.71142
554.652	10.0916
554.663	10.5097
554.674	10.9604
554.685	11.4545
554.696	11.9856
554.707	12.5661
554.718	13.1885
554.729	13.8606
554.74	14.5855
554.751	15.3737
554.762	16.2143
554.773	17.1175
554.784	18.0868
554.795	19.1356
554.806	20.2486
554.817	21.4388
554.828	22.71
554.839	24.0788
554.85	25.5247
554.861	27.0779
554.872	28.7148
554.883	30.4691
554.894	32.3135
554.905	34.2675
554.916	36.335
554.927	38.5407
554.938	40.8488
554.949	43.2827
554.96	45.8462
554.971	48.5682
554.983	51.4032
554.994	54.3787
555.005	57.498
555.015	60.6426
555.026	63.8945
555.036	67.285
555.047	70.8159
555.057	74.5248
555.068	78.3433
555.089	86.4161
555.11	95.1169
555.131	104.363
555.152	114.237
555.173	124.631
555.197	137.229
555.221	150.502
555.223	151.632
555.231	155.964
555.238	160.297
555.253	169.126
555.289	191.155
555.325	214.026
555.402	263.206
555.446	290.993
555.468	304.294
555.49	316.984
555.512	329.057
555.534	340.291
555.556	350.675
555.578	360.054
555.6	368.331
555.622	375.394
555.644	381.212
555.667	385.864
555.695	389.619
555.7	390.022
555.702	390.203
555.71	390.673
555.718	390.973
555.733	391.063
555.761	389.548
555.788	385.888
555.816	380.162
555.84	373.62
555.864	365.704
555.891	354.996
555.919	342.834
555.949	328.003
555.979	311.963
556.007	296.344
556.034	280.196
556.089	247.029
556.145	213.981
556.172	197.995
556.2	182.54
556.223	170.363
556.245	158.674
556.268	147.516
556.29	136.92
556.313	126.91
556.336	117.501
556.358	108.697
556.369	104.522
556.381	100.533
556.394	95.7852
556.408	91.2923
556.422	87.0154
556.436	82.9502
556.45	79.092
556.464	75.4353
556.477	71.9744
556.491	68.7032
556.505	65.5935
556.519	62.6833
556.533	59.9429
556.546	57.3652
556.56	54.9433
556.574	52.6699
556.588	50.5382
556.602	48.541
556.618	46.3329
556.634	44.3058
556.651	42.4345
556.667	40.7087
556.683	39.1088
556.7	37.6445
556.716	36.2964
556.732	35.0555
556.749	33.9068
556.765	32.8564
556.781	31.8896
556.798	30.9994
556.814	30.1793
556.83	29.4233
556.846	28.7259
556.863	28.0819
556.877	27.5712
556.89	27.0965
556.904	26.6514
556.918	26.2337
556.932	25.8412
556.946	25.4719
556.959	25.124
556.973	24.7959
556.987	24.4838
557.001	24.1907
557.028	23.6496
557.056	23.161
557.084	22.7173
557.111	22.3105
557.139	21.9382
557.167	21.5942
557.194	21.2748
557.222	20.9759
557.25	20.6969
557.277	20.4346
557.305	20.1871
557.332	19.9521
557.36	19.7298
557.415	19.3167
557.471	18.939
557.526	18.5927
557.581	18.2721
557.636	17.9749
557.691	17.6979
557.747	17.4387
557.797	17.2163
557.847	17.0062
557.897	16.8068
557.947	16.6171
558.048	16.2633
558.148	15.9395
558.249	15.6405
558.349	15.3628
558.45	15.1029
558.55	14.8581
558.671	14.5807
558.791	14.3177
558.912	14.0657
558.972	13.9428
559.032	13.8219
559.118	13.6524
559.203	13.4847
559.288	13.3183
559.331	13.2356
559.374	13.1538
559.416	13.0728
559.459	12.9935
559.502	12.9173
559.544	12.8458
559.587	12.7818
559.609	12.7538
559.63	12.7293
559.651	12.709
559.673	12.6938
559.694	12.6848
559.715	12.6831
559.742	12.6932
559.768	12.7199
559.794	12.7667
559.808	12.7989
559.821	12.8376
559.834	12.8838
559.847	12.938
559.86	13.0009
559.873	13.0728
559.887	13.1555
559.9	13.2494
559.913	13.3555
559.926	13.4737
559.939	13.6069
559.952	13.7554
559.966	13.9202
559.979	14.1025
559.992	14.3037
560.005	14.5248
560.019	14.7673
560.032	15.0304
560.045	15.3195
560.058	15.6341
560.071	15.9757
560.084	16.3427
560.097	16.7423
560.111	17.1732
560.124	17.6369
560.137	18.131
560.151	18.6937
560.165	19.2932
560.178	19.9348
560.192	20.6201
560.206	21.3505
560.22	22.1272
560.234	22.9516
560.247	23.8245
560.261	24.7539
560.275	25.7272
560.289	26.7513
560.303	27.8268
560.317	28.9537
560.33	30.132
560.344	31.3614
560.358	32.6413
560.379	34.7241
560.401	36.9114
560.422	39.2176
560.443	41.6132
560.486	46.6763
560.529	52.0017
560.584	59.0669
560.612	62.5834
560.639	66.0295
560.672	69.9561
560.705	73.6273
560.732	76.4879
560.76	79.0741
560.79	81.5336
560.812	83.1047
560.829	84.0857
560.843	84.8028
560.856	85.393
560.863	85.6859
560.87	85.9244
560.877	86.14
560.885	86.3587
560.899	86.6437
560.9	86.6636
560.903	86.7023
560.905	86.7374
560.912	86.8211
560.92	86.8719
560.935	86.8785
560.953	86.7165
560.971	86.3678
560.992	85.72
561.01	84.9786
561.028	84.072
561.047	82.9977
561.065	81.7689
561.094	79.4521
561.124	76.8049
561.16	73.1711
561.196	69.2189
561.229	65.4182
561.262	61.5188
561.327	53.6729
561.364	49.4635
561.382	47.4206
561.4	45.4396
561.418	43.5049
561.436	41.6433
561.454	39.8385
561.472	38.1144
561.488	36.5983
561.505	35.1541
561.521	33.7735
561.538	32.4571
561.554	31.1979
561.57	30.0107
561.587	28.8873
561.603	27.8266
561.62	26.8216
561.636	25.8829
561.653	25.0025
561.669	24.1786
561.685	23.4045
561.702	22.6874
561.718	22.0201
561.735	21.4003
561.744	21.076
561.753	20.7685
561.762	20.4705
561.771	20.1882
561.78	19.915
561.789	19.6563
561.798	19.4088
561.807	19.1721
561.825	18.727
561.843	18.323
561.861	17.9525
561.879	17.6168
561.897	17.3096
561.915	17.0301
561.933	16.776
561.951	16.5462
561.97	16.3359
561.987	16.1457
562.006	15.9714
562.024	15.8135
562.04	15.6808
562.056	15.5593
562.073	15.4472
562.089	15.3436
562.106	15.2471
562.122	15.1582
562.155	14.9984
562.188	14.8586
562.221	14.7359
562.254	14.6263
562.286	14.5281
562.319	14.4388
562.352	14.3571
562.385	14.2815
562.418	14.2113
562.483	14.0835
562.549	13.9692
562.621	13.8552
562.694	13.7512
562.766	13.6554
562.838	13.5666
562.91	13.4835
562.983	13.4058
563.127	13.2631
563.259	13.1459
563.39	13.0383
563.521	12.9389
563.653	12.8463
563.784	12.7595
563.915	12.6778
564.178	12.5272
564.467	12.3772
564.756	12.2402
565.045	12.1133
565.334	11.9945
565.571	11.9023
565.807	11.8137
566.28	11.6449
566.753	11.4843
567.226	11.3287
567.542	11.2261
567.857	11.1236
568.172	11.0202
568.487	10.9151
568.908	10.7705
569.118	10.6955
569.328	10.6183
569.539	10.5384
569.749	10.4552
569.959	10.3683
570.169	10.2768
570.458	10.1421
570.603	10.0702
570.747	9.99475
570.892	9.9153
571.036	9.83141
571.181	9.74244
571.325	9.6477
571.424	9.57934
571.523	9.50769
571.621	9.43229
571.72	9.35291
571.818	9.26898
571.917	9.18017
572.015	9.08588
572.114	8.98548
572.186	8.90752
572.258	8.82571
572.33	8.73951
572.403	8.64883
572.475	8.55308
572.547	8.4522
572.62	8.34576
572.692	8.2342
572.748	8.14474
572.803	8.05383
572.859	7.96316
572.887	7.91911
572.915	7.87672
572.943	7.83673
572.971	7.80061
572.999	7.76969
573.027	7.74586
573.055	7.73155
573.083	7.72977
573.111	7.74427
573.138	7.77969
573.156	7.8165
573.175	7.86631
573.193	7.93117
573.211	8.01288
573.229	8.11495
573.247	8.23912
573.265	8.38998
573.283	8.56942
573.301	8.78337
573.319	9.03528
573.337	9.32994
573.346	9.49397
573.355	9.67054
573.364	9.86253
573.373	10.0665
573.382	10.2852
573.391	10.5195
573.4	10.773
573.409	11.0411
573.418	11.3274
573.427	11.6326
573.437	11.9616
573.445	12.3081
573.455	12.6808
573.464	13.0725
573.473	13.493
573.482	13.9341
573.491	14.4015
573.5	14.8963
573.509	15.4255
573.518	15.9788
573.527	16.5696
573.536	17.1862
573.545	17.8435
573.554	18.5283
573.563	19.2488
573.572	20.0064
573.581	20.8113
573.59	21.6471
573.599	22.5336
573.608	23.4526
573.626	25.4332
573.644	27.586
573.662	29.9447
573.68	32.492
573.699	35.2648
573.716	38.24
573.736	41.753
573.756	45.5413
573.776	49.6105
573.795	53.964
573.815	58.603
573.835	63.526
573.854	68.7289
573.874	74.2044
573.892	79.4669
573.91	84.9405
573.928	90.6124
573.946	96.4343
573.983	108.617
574.019	121.252
574.098	149.47
574.125	159.325
574.15	167.71
574.186	179.492
574.222	190.266
574.258	199.791
574.281	205.092
574.299	208.798
574.318	212.066
574.336	214.874
574.354	217.192
574.372	219.022
574.392	220.473
574.4	220.884
574.403	221.023
574.414	221.346
574.425	221.48
574.446	221.21
574.468	220.224
574.489	218.543
574.506	216.654
574.524	214.322
574.545	210.895
574.567	206.891
574.59	201.884
574.613	196.28
574.635	190.666
574.656	184.66
574.699	171.732
574.741	157.927
574.784	143.696
574.819	132.007
574.854	120.549
574.889	109.467
574.906	104.099
574.924	98.9073
574.945	92.7407
574.967	86.8345
574.988	81.2047
575.009	75.8875
575.031	70.8407
575.052	66.1159
575.073	61.6693
575.084	59.5584
575.095	57.5404
575.107	55.2176
575.12	53.014
575.133	50.9094
575.145	48.9017
575.158	46.9741
575.171	45.1546
575.183	43.4253
575.196	41.7835
575.208	40.2146
575.221	38.7404
575.234	37.3454
575.246	36.0266
575.259	34.7811
575.271	33.606
575.284	32.4982
575.297	31.4548
575.307	30.6171
575.318	29.822
575.329	29.0676
575.339	28.3522
575.35	27.6742
575.361	27.0319
575.372	26.4235
575.382	25.8529
575.393	25.3076
575.404	24.7917
575.414	24.3037
575.425	23.8465
575.435	23.41
575.446	22.9974
575.457	22.6074
575.468	22.242
575.478	21.8934
575.489	21.5638
575.5	21.2523
575.51	20.9604
575.521	20.6817
575.532	20.418
575.553	19.9347
575.574	19.4992
575.596	19.1099
575.617	18.7577
575.638	18.4412
575.66	18.1534
575.681	17.8921
575.703	17.654
575.724	17.4373
575.745	17.2374
575.766	17.0541
575.788	16.8837
575.809	16.7261
575.831	16.5785
575.852	16.4411
575.895	16.1899
575.937	15.9655
575.98	15.7629
576.019	15.5939
576.058	15.4379
576.097	15.2922
576.135	15.1563
576.213	14.9082
576.291	14.6868
576.368	14.487
576.446	14.3058
576.524	14.1398
576.601	13.9875
576.687	13.833
576.772	13.6909
576.858	13.5593
576.943	13.437
577.029	13.3228
577.114	13.2158
577.199	13.1153
577.285	13.0205
577.44	12.8608
577.595	12.7151
577.751	12.5809
577.906	12.4563
578.061	12.3397
578.217	12.2298
578.372	12.1254
578.527	12.0256
578.683	11.9293
578.838	11.836
578.993	11.7449
579.149	11.6551
579.304	11.5659
579.459	11.4768
579.614	11.3868
579.77	11.2953
579.925	11.2013
580.08	11.1037
580.236	11.0012
580.313	10.9476
580.391	10.8923
580.476	10.8289
580.562	10.7628
580.647	10.6936
580.733	10.6213
580.818	10.5464
580.861	10.5086
580.904	10.4713
580.946	10.4352
580.989	10.4017
581.032	10.3727
581.074	10.3511
581.1	10.3433
581.125	10.3407
581.15	10.3443
581.176	10.3558
581.201	10.3771
581.226	10.4102
581.251	10.458
581.276	10.5231
581.302	10.6093
581.327	10.7201
581.34	10.7866
581.352	10.8606
581.365	10.9432
581.377	11.035
581.39	11.1376
581.403	11.2502
581.415	11.3742
581.428	11.5106
581.441	11.6602
581.453	11.824
581.466	12.0027
581.478	12.1975
581.489	12.3763
581.5	12.5679
581.51	12.7731
581.521	12.9904
581.532	13.2245
581.542	13.4742
581.553	13.7401
581.564	14.0202
581.575	14.3205
581.585	14.6391
581.596	14.9768
581.606	15.3308
581.617	15.7084
581.628	16.1071
581.639	16.5276
581.649	16.9663
581.66	17.432
581.671	17.9215
581.681	18.4353
581.692	18.9688
581.703	19.5326
581.713	20.1223
581.735	21.3752
581.756	22.7422
581.777	24.2129
581.799	25.8025
581.82	27.4965
581.841	29.3097
581.863	31.2324
581.884	33.2608
581.906	35.3797
581.927	37.6024
581.948	39.8997
581.991	44.7204
582.022	48.3661
582.053	52.0631
582.115	59.4506
582.158	64.3329
582.179	66.6517
582.201	68.8524
582.222	70.9362
582.243	72.8652
582.265	74.6397
582.286	76.2268
582.307	77.6266
582.329	78.8129
582.343	79.5053
582.354	79.9385
582.365	80.3153
582.375	80.6376
582.386	80.8941
582.4	81.1548
582.405	81.2242
582.421	81.3426
582.438	81.3249
582.455	81.1567
582.472	80.8379
582.498	80.0591
582.532	78.5502
582.551	77.5065
582.569	76.3162
582.603	73.7785
582.637	70.8433
582.683	66.3374
582.73	61.4203
582.798	53.8649
582.832	50.0811
582.865	46.3901
582.89	43.7817
582.915	41.2607
582.94	38.8412
582.964	36.5345
582.989	34.3495
583.014	32.2924
583.026	31.3093
583.038	30.3674
583.051	29.4513
583.063	28.576
583.08	27.4208
583.097	26.3284
583.114	25.2979
583.131	24.328
583.148	23.4174
583.165	22.5643
583.182	21.7668
583.199	21.0271
583.216	20.3342
583.233	19.6903
583.25	19.0931
583.267	18.5433
583.284	18.0319
583.301	17.5599
583.318	17.1248
583.335	16.7265
583.35	16.4062
583.364	16.1084
583.379	15.832
583.394	15.577
583.408	15.3389
583.423	15.1181
583.438	14.9133
583.452	14.7247
583.467	14.5487
583.482	14.3854
583.496	14.234
583.511	14.0945
583.526	13.964
583.54	13.8435
583.555	13.7307
583.569	13.6264
583.599	13.4372
583.628	13.2724
583.657	13.1274
583.687	12.9989
583.716	12.8838
583.746	12.7803
583.775	12.6862
583.804	12.5998
583.841	12.4996
583.878	12.4077
583.915	12.3221
583.952	12.242
583.989	12.1661
584.026	12.094
584.063	12.0252
584.1	11.9594
584.131	11.9069
584.162	11.8566
584.193	11.8089
584.224	11.7645
584.255	11.7236
584.286	11.6874
584.317	11.6571
584.347	11.6344
584.377	11.6215
584.406	11.6194
584.435	11.6307
584.465	11.6585
584.48	11.6799
584.494	11.7069
584.509	11.7401
584.524	11.7799
584.538	11.8275
584.553	11.8829
584.567	11.9477
584.582	12.0219
584.597	12.1072
584.611	12.2043
584.626	12.3141
584.641	12.4367
584.655	12.575
584.67	12.7281
584.685	12.8993
584.699	13.0876
584.714	13.2968
584.729	13.527
584.744	13.7795
584.758	14.0537
584.773	14.3548
584.787	14.68
584.802	15.0353
584.817	15.417
584.834	15.8997
584.851	16.4254
584.868	16.9961
584.885	17.6137
584.902	18.28
584.919	18.9966
584.936	19.7648
584.953	20.5809
584.97	21.4554
584.987	22.3843
585.004	23.368
585.02	24.4001
585.038	25.4924
585.054	26.6383
585.072	27.8365
585.088	29.0777
585.11	30.7415
585.132	32.4704
585.175	36.118
585.218	39.9587
585.261	43.9037
585.314	48.6856
585.34	51.0144
585.366	53.2529
585.4	55.9906
585.434	58.4769
585.454	59.8132
585.474	61.0333
585.508	62.8001
585.527	63.6017
585.53	63.7232
585.538	64.038
585.547	64.3257
585.557	64.6291
585.565	64.8565
585.574	65.0536
585.582	65.2247
585.591	65.3715
585.6	65.4873
585.604	65.5335
585.618	65.6254
585.629	65.6481
585.64	65.6179
585.655	65.5051
585.678	65.1583
585.7	64.6126
585.719	64.0179
585.738	63.3018
585.76	62.2682
585.783	61.0708
585.804	59.8481
585.825	58.5123
585.866	55.5592
585.895	53.3015
585.924	50.9421
585.982	46.0295
586.027	42.1392
586.05	40.221
586.073	38.349
586.095	36.5178
586.118	34.7531
586.141	33.055
586.163	31.4302
586.181	30.2242
586.199	29.0674
586.216	27.9612
586.234	26.9123
586.251	25.9093
586.269	24.9586
586.287	24.0598
586.304	23.2171
586.322	22.42
586.339	21.6724
586.357	20.9729
586.374	20.3236
586.392	19.7154
586.401	19.4275
586.41	19.1533
586.418	18.8862
586.427	18.6291
586.445	18.1468
586.456	17.8524
586.467	17.5731
586.479	17.3082
586.49	17.0594
586.501	16.8216
586.513	16.5966
586.524	16.3838
586.536	16.1844
586.547	15.9944
586.558	15.8149
586.57	15.6456
586.581	15.4873
586.592	15.3366
586.604	15.1946
586.627	14.9358
586.649	14.7052
586.672	14.5015
586.695	14.3201
586.718	14.1598
586.74	14.0168
586.763	13.8902
586.786	13.7773
586.808	13.6764
586.829	13.5936
586.85	13.5184
586.871	13.45
586.891	13.3877
586.933	13.2775
586.974	13.1837
587.015	13.1021
587.057	13.0304
587.098	12.9661
587.139	12.9081
587.222	12.8058
587.305	12.7172
587.387	12.6387
587.47	12.5681
587.569	12.4915
587.668	12.4224
587.768	12.3594
587.867	12.3015
588.065	12.1983
588.264	12.1082
588.446	12.0344
588.628	11.9676
588.81	11.9062
588.992	11.8494
589.173	11.7964
589.355	11.7465
589.719	11.6544
589.951	11.5999
590.182	11.5477
590.414	11.4972
590.645	11.4478
590.976	11.3782
591.307	11.3079
591.472	11.2719
591.638	11.2347
591.803	11.1961
591.968	11.1554
592.084	11.1253
592.2	11.0935
592.316	11.0596
592.432	11.0235
592.547	10.9854
592.605	10.966
592.663	10.9472
592.721	10.9302
592.779	10.9168
592.808	10.9125
592.837	10.9104
592.866	10.9113
592.895	10.9159
592.928	10.9272
592.961	10.9466
592.994	10.9764
593.027	11.0192
593.043	11.0466
593.06	11.0784
593.077	11.1153
593.093	11.1576
593.11	11.2061
593.126	11.2611
593.143	11.3232
593.159	11.3933
593.176	11.4724
593.192	11.5603
593.209	11.6589
593.225	11.7677
593.242	11.8888
593.259	12.0216
593.275	12.1675
593.291	12.3274
593.308	12.5032
593.325	12.6936
593.341	12.9017
593.358	13.1257
593.374	13.369
593.391	13.6295
593.407	13.9092
593.424	14.2086
593.442	14.5724
593.461	14.9605
593.48	15.3752
593.498	15.8168
593.517	16.2852
593.536	16.7803
593.554	17.3017
593.573	17.8485
593.591	18.42
593.61	19.0148
593.647	20.2683
593.684	21.5936
593.721	22.9708
593.796	25.7843
593.833	27.1585
593.87	28.4697
593.891	29.16
593.912	29.812
593.932	30.4266
593.953	30.9928
593.976	31.5607
593.999	32.0613
594.027	32.5908
594.049	32.9075
594.061	33.0425
594.066	33.0978
594.076	33.1901
594.081	33.2359
594.087	33.2765
594.094	33.3195
594.1	33.3519
594.106	33.3781
594.117	33.4068
594.127	33.4164
594.141	33.4024
594.155	33.3574
594.177	33.2172
594.205	32.9364
594.232	32.5404
594.26	32.0365
594.283	31.5201
594.307	30.9386
594.331	30.2943
594.355	29.6003
594.4	28.1672
594.445	26.6301
594.49	25.0436
594.534	23.4621
594.572	22.1744
594.591	21.5478
594.61	20.9402
594.628	20.3471
594.647	19.7765
594.666	19.2267
594.684	18.6988
594.703	18.1912
594.722	17.71
594.741	17.2504
594.759	16.8175
594.778	16.4067
594.797	16.0223
594.816	15.6617
594.834	15.3243
594.849	15.0701
594.864	14.8301
594.879	14.604
594.894	14.3912
594.909	14.1913
594.924	14.0039
594.939	13.8284
594.954	13.6643
594.969	13.5112
594.984	13.3683
594.999	13.2353
595.014	13.1116
595.029	12.9967
595.044	12.8901
595.059	12.7912
595.074	12.7002
595.089	12.6155
595.104	12.5371
595.119	12.4646
595.134	12.3977
595.164	12.2788
595.194	12.1778
595.224	12.0915
595.254	12.0178
595.284	11.9547
595.314	11.9007
595.341	11.8576
595.369	11.8197
595.397	11.7862
595.424	11.7565
595.479	11.7059
595.534	11.6641
595.589	11.6287
595.644	11.5978
595.754	11.5457
595.864	11.5019
595.974	11.464
596.084	11.4303
596.193	11.4
596.393	11.3516
596.593	11.3096
596.793	11.2724
596.993	11.239
597.393	11.1803
597.793	11.1297
598.092	11.0954
598.392	11.0636
598.992	11.0057
599.592	10.9533
600.191	10.9047
600.911	10.8501
601.63	10.7985
602.35	10.7488
603.069	10.7005
604.029	10.6369
604.988	10.5732
605.948	10.508
606.907	10.4394
607.547	10.3907
608.187	10.3386
608.826	10.2816
609.466	10.2178
609.905	10.1685
610.345	10.1131
610.785	10.0496
611.005	10.0138
611.225	9.9748
611.485	9.92346
611.744	9.86505
611.875	9.83255
612.004	9.79747
612.134	9.75938
612.264	9.71779
612.374	9.6794
612.484	9.63767
612.594	9.59206
612.704	9.54195
612.814	9.48673
612.869	9.4571
612.924	9.42625
612.979	9.39429
613.034	9.36181
613.089	9.32965
613.144	9.2996
613.171	9.28615
613.199	9.2744
613.226	9.26499
613.254	9.25873
613.281	9.25659
613.309	9.2598
613.336	9.26983
613.363	9.2884
613.391	9.31778
613.418	9.36047
613.446	9.41948
613.46	9.45631
613.473	9.4983
613.487	9.54658
613.501	9.601
613.515	9.66297
613.529	9.73222
613.542	9.81045
613.556	9.89724
613.57	9.99388
613.583	10.1012
613.595	10.2036
613.607	10.3153
613.619	10.4369
613.631	10.5677
613.643	10.7107
613.655	10.8654
613.667	11.0325
613.678	11.2112
613.69	11.4051
613.702	11.6136
613.714	11.8374
613.726	12.0752
613.738	12.3317
613.75	12.6035
613.761	12.8958
613.773	13.2046
613.785	13.5358
613.797	13.8877
613.809	14.261
613.821	14.6531
613.833	15.0714
613.844	15.5094
613.856	15.9754
613.868	16.4621
613.88	16.9784
613.892	17.5209
613.904	18.09
613.916	18.6812
613.928	19.3049
613.939	19.9509
613.963	21.3326
613.977	22.1894
613.991	23.0781
614.004	24.0117
614.018	24.9765
614.046	27.0252
614.073	29.2188
614.101	31.5486
614.128	34.0027
614.156	36.5657
614.183	39.2091
614.216	42.4301
614.248	45.7042
614.313	52.2077
614.355	56.2766
614.377	58.212
614.398	60.0486
614.425	62.2729
614.453	64.2828
614.488	66.5047
614.513	67.8275
614.528	68.5074
614.542	69.0544
614.555	69.5208
614.563	69.7629
614.57	69.9422
614.577	70.1041
614.584	70.24
614.596	70.4379
614.6	70.4944
614.603	70.5324
614.616	70.6354
614.631	70.6646
614.646	70.5967
614.661	70.4306
614.683	70.0155
614.713	69.117
614.744	67.8632
614.774	66.2723
614.804	64.387
614.843	61.6079
614.881	58.486
614.911	55.8457
614.942	53.101
615.002	47.4326
615.049	43.0558
615.072	40.9152
615.096	38.8338
615.119	36.8054
615.143	34.8492
615.166	32.9738
615.189	31.1932
615.204	30.081
615.22	29.0158
615.235	27.9911
615.25	27.0073
615.265	26.0587
615.28	25.1579
615.295	24.2984
615.31	23.4798
615.325	22.6967
615.341	21.9588
615.356	21.2599
615.371	20.5991
615.386	19.9716
615.401	19.3843
615.416	18.8319
615.431	18.3131
615.446	17.8454
615.46	17.4092
615.475	16.9974
615.489	16.6143
615.504	16.2535
615.518	15.9187
615.532	15.6061
615.547	15.3147
615.561	15.0413
615.576	14.7887
615.59	14.5522
615.605	14.334
615.619	14.13
615.633	13.9421
615.648	13.7678
615.662	13.6062
615.677	13.4554
615.691	13.3167
615.706	13.1873
615.72	13.0683
615.735	12.9574
615.749	12.8553
615.763	12.7607
615.778	12.6729
615.807	12.5154
615.836	12.3795
615.864	12.2617
615.893	12.1596
615.929	12.05
615.965	11.9564
616	11.8751
616.036	11.804
616.072	11.7409
616.108	11.6846
616.144	11.6334
616.179	11.5868
616.251	11.504
616.322	11.4318
616.394	11.3678
616.465	11.3102
616.586	11.2241
616.707	11.1493
616.828	11.0834
616.949	11.0247
617.07	10.9717
617.191	10.9236
617.433	10.839
617.609	10.7852
617.785	10.7363
617.961	10.6916
618.137	10.6502
618.489	10.5752
618.841	10.5079
619.105	10.461
619.369	10.4163
619.633	10.3732
619.897	10.331
620.183	10.2857
620.469	10.2405
620.755	10.1946
621.041	10.1475
621.327	10.0985
621.613	10.0469
621.899	9.99176
622.185	9.93198
622.449	9.87147
622.713	9.80435
622.977	9.72869
623.109	9.68686
623.241	9.64183
623.357	9.59941
623.472	9.55375
623.588	9.50438
623.703	9.45073
623.819	9.39211
623.934	9.32772
624.05	9.2567
624.107	9.21846
624.165	9.17846
624.226	9.13475
624.286	9.08974
624.347	9.04453
624.407	9.00131
624.438	8.98155
624.468	8.96401
624.498	8.94952
624.528	8.93937
624.558	8.93503
624.589	8.93844
624.619	8.95201
624.649	8.97859
624.677	9.01713
624.704	9.07263
624.732	9.14889
624.745	9.19635
624.759	9.25033
624.773	9.31229
624.787	9.38204
624.8	9.46134
624.814	9.54986
624.828	9.64975
624.842	9.76045
624.856	9.88454
624.869	10.0212
624.883	10.1736
624.897	10.3405
624.91	10.5256
624.924	10.7274
624.938	10.9502
624.952	11.1919
624.965	11.4575
624.979	11.7445
624.993	12.0586
625.007	12.3967
625.02	12.7651
625.034	13.1601
625.048	13.589
625.062	14.047
625.075	14.5424
625.089	15.0695
625.104	15.6973
625.12	16.3677
625.135	17.0864
625.15	17.8553
625.165	18.6818
625.18	19.5566
625.195	20.4863
625.21	21.4722
625.225	22.5227
625.24	23.6248
625.256	24.7859
625.271	26.0064
625.286	27.2951
625.301	28.6351
625.316	30.0342
625.331	31.4916
625.355	33.8627
625.378	36.3653
625.401	38.9916
625.425	41.7194
625.448	44.5599
625.471	47.4867
625.518	53.5169
625.579	61.4754
625.609	65.4074
625.639	69.2169
625.669	72.8711
625.7	76.2884
625.727	79.1577
625.755	81.7544
625.784	84.1491
625.802	85.444
625.821	86.6618
625.836	87.4947
625.85	88.1732
625.859	88.5376
625.867	88.8149
625.874	89.0609
625.882	89.283
625.895	89.5734
625.9	89.6553
625.904	89.7097
625.918	89.8535
625.933	89.8835
625.947	89.7908
625.962	89.5766
625.986	88.9653
626	88.489
626.03	87.1047
626.053	85.7377
626.076	84.1357
626.106	81.721
626.135	78.9846
626.178	74.5169
626.222	69.614
626.281	62.4465
626.341	55.1743
626.386	49.6866
626.409	47.0378
626.432	44.482
626.455	42.0084
626.478	39.6481
626.501	37.3881
626.524	35.2538
626.539	33.9291
626.554	32.6557
626.569	31.4341
626.584	30.2721
626.599	29.1539
626.613	28.0942
626.628	27.0781
626.643	26.1186
626.658	25.2018
626.673	24.339
626.688	23.5173
626.702	22.7466
626.717	22.0149
626.732	21.3306
626.747	20.683
626.762	20.0791
626.773	19.6359
626.785	19.2146
626.796	18.8146
626.808	18.4349
626.819	18.0748
626.831	17.7336
626.842	17.4105
626.854	17.1072
626.865	16.8178
626.877	16.5442
626.888	16.2858
626.9	16.0438
626.911	15.8133
626.923	15.5958
626.934	15.3907
626.946	15.199
626.957	15.0167
626.969	14.8449
626.98	14.6831
626.992	14.5307
627.015	14.2521
627.037	14.0061
627.06	13.7869
627.083	13.5931
627.106	13.4202
627.129	13.267
627.159	13.092
627.189	12.9409
627.218	12.8093
627.248	12.6941
627.278	12.5921
627.308	12.5018
627.337	12.421
627.367	12.3481
627.397	12.2816
627.427	12.221
627.486	12.1135
627.546	12.0199
627.605	11.9372
627.656	11.8725
627.708	11.8132
627.81	11.7072
627.913	11.6148
628.016	11.5331
628.118	11.4601
628.221	11.3945
628.324	11.3349
628.426	11.2806
628.545	11.2232
628.664	11.171
628.902	11.0791
629.139	11.0004
629.377	10.932
629.593	10.8768
629.809	10.827
630.026	10.7816
630.242	10.74
630.674	10.6656
631.106	10.6002
631.625	10.5302
632.23	10.4564
632.835	10.3877
633.419	10.3231
633.711	10.2904
634.003	10.257
634.294	10.222
634.586	10.1847
634.878	10.1438
635.024	10.1214
635.17	10.0973
635.283	10.0772
635.397	10.0561
635.454	10.0454
635.51	10.035
635.567	10.0253
635.624	10.0173
635.652	10.0143
635.68	10.0123
635.709	10.0116
635.737	10.0125
635.766	10.0154
635.794	10.0208
635.822	10.0294
635.851	10.0418
635.879	10.0589
635.907	10.0817
635.936	10.111
635.964	10.1481
635.992	10.1946
636.021	10.2515
636.049	10.3209
636.077	10.4041
636.107	10.5088
636.122	10.5684
636.137	10.6327
636.152	10.703
636.167	10.7785
636.182	10.8606
636.196	10.9484
636.211	11.0434
636.226	11.1453
636.241	11.2544
636.256	11.37
636.271	11.4941
636.286	11.625
636.3	11.7649
636.315	11.912
636.33	12.0683
636.345	12.2331
636.36	12.4064
636.375	12.5871
636.39	12.7775
636.404	12.9751
636.419	13.1824
636.434	13.3967
636.464	13.8506
636.494	14.3349
636.523	14.8467
636.553	15.3824
636.656	17.3481
636.707	18.3371
636.733	18.8176
636.758	19.2796
636.784	19.7215
636.81	20.1362
636.835	20.5188
636.861	20.8634
636.887	21.1683
636.912	21.4275
636.942	21.6682
636.96	21.7788
636.973	21.847
636.975	21.8559
636.982	21.8858
636.992	21.9168
637	21.9389
637.009	21.9568
637.019	21.9677
637.027	21.9713
637.04	21.9654
637.058	21.9355
637.087	21.8267
637.114	21.6697
637.141	21.4589
637.166	21.2137
637.192	20.9281
637.217	20.6037
637.242	20.2473
637.271	19.8097
637.299	19.3436
637.356	18.3486
637.413	17.312
637.441	16.7951
637.47	16.286
637.498	15.7875
637.526	15.3075
637.555	14.8476
637.583	14.4106
637.597	14.2014
637.612	13.9987
637.626	13.8026
637.64	13.6133
637.654	13.4309
637.668	13.2555
637.683	13.087
637.697	12.9254
637.711	12.7698
637.725	12.6221
637.74	12.4812
637.754	12.3471
637.768	12.2194
637.782	12.0983
637.796	11.9834
637.811	11.8745
637.825	11.7716
637.839	11.6745
637.867	11.4965
637.896	11.339
637.924	11.2001
637.953	11.0779
637.981	10.9715
638.009	10.8786
638.038	10.7979
638.066	10.7277
638.095	10.667
638.123	10.6144
638.151	10.5688
638.18	10.529
638.208	10.4946
638.237	10.4645
638.265	10.4381
638.294	10.4148
638.322	10.3941
638.379	10.359
638.436	10.3301
638.492	10.3056
638.549	10.2843
638.606	10.2651
638.72	10.2314
638.833	10.2017
639.035	10.1547
639.238	10.1124
639.44	10.0726
639.629	10.0365
639.818	10.0008
640.008	9.9648
640.197	9.92787
640.387	9.88938
640.576	9.84871
640.766	9.80506
640.955	9.75757
641.075	9.72498
641.195	9.69005
641.315	9.65235
641.435	9.61141
641.555	9.56665
641.675	9.5175
641.735	9.4912
641.795	9.46382
641.855	9.43563
641.915	9.40724
641.985	9.3755
642.019	9.36101
642.054	9.34827
642.089	9.33808
642.124	9.33163
642.158	9.33035
642.193	9.33616
642.228	9.35151
642.262	9.37936
642.297	9.42349
642.315	9.45316
642.332	9.48849
642.349	9.53064
642.367	9.5802
642.384	9.63805
642.401	9.7047
642.419	9.78193
642.436	9.86992
642.454	9.97086
642.471	10.0848
642.495	10.2653
642.506	10.3675
642.518	10.4771
642.53	10.5965
642.542	10.7242
642.554	10.8628
642.566	11.0105
642.577	11.1704
642.589	11.3403
642.601	11.5237
642.613	11.718
642.625	11.927
642.637	12.1479
642.649	12.383
642.66	12.6326
642.672	12.8999
642.684	13.1807
642.696	13.4805
642.708	13.7947
642.72	14.1292
642.731	14.4789
642.743	14.847
642.755	15.234
642.767	15.6438
642.779	16.07
642.791	16.5201
642.802	16.987
642.814	17.4789
642.826	17.9877
642.85	19.0691
642.865	19.841
642.881	20.6514
642.897	21.5003
642.913	22.3872
642.929	23.3117
642.944	24.2729
642.976	26.2943
643.008	28.4528
643.039	30.7189
643.071	33.0871
643.102	35.5181
643.137	38.2515
643.172	40.9856
643.207	43.6895
643.241	46.298
643.276	48.7685
643.311	51.0502
643.337	52.6583
643.364	54.0977
643.399	55.6893
643.423	56.583
643.424	56.634
643.429	56.7797
643.433	56.9196
643.442	57.1786
643.455	57.5316
643.464	57.7282
643.472	57.9031
643.481	58.0519
643.489	58.174
643.5	58.2951
643.505	58.3378
643.519	58.4195
643.528	58.4369
643.543	58.407
643.561	58.2687
643.58	58.0177
643.607	57.4584
643.626	56.9432
643.644	56.3266
643.673	55.1872
643.701	53.8376
643.739	51.813
643.776	49.5351
643.813	47.0503
643.85	44.4318
643.924	39.0074
643.951	37.031
643.978	35.0937
644.005	33.2042
644.032	31.3763
644.059	29.6153
644.087	27.9436
644.114	26.3622
644.127	25.607
644.14	24.8761
644.159	23.9098
644.178	22.9909
644.196	22.1198
644.215	21.3006
644.233	20.524
644.252	19.7939
644.271	19.1093
644.289	18.4724
644.308	17.8748
644.326	17.3185
644.345	16.8021
644.363	16.326
644.382	15.8835
644.401	15.4752
644.419	15.0993
644.438	14.7555
644.455	14.4663
644.471	14.1991
644.488	13.9528
644.505	13.7258
644.522	13.517
644.539	13.325
644.556	13.1487
644.573	12.9877
644.59	12.8391
644.607	12.7029
644.624	12.578
644.64	12.4635
644.657	12.3585
644.674	12.2623
644.691	12.174
644.708	12.0935
644.742	11.9506
644.775	11.8296
644.809	11.7266
644.843	11.6385
644.877	11.5621
644.91	11.4958
644.944	11.4372
644.978	11.3853
645.022	11.3257
645.066	11.2731
645.11	11.2261
645.154	11.1837
645.241	11.1092
645.329	11.0453
645.417	10.9891
645.505	10.9391
645.68	10.8533
645.829	10.792
645.978	10.7387
646.126	10.6918
646.275	10.6499
646.572	10.5783
646.869	10.5188
647.099	10.4789
647.329	10.4434
647.788	10.3819
648.247	10.3302
648.706	10.2854
649.301	10.2349
649.895	10.1907
650.49	10.1511
651.084	10.115
651.651	10.083
652.219	10.0529
653.353	9.9971
654.488	9.94534
655.623	9.8962
657.352	9.82417
659.297	9.74425
660.27	9.70381
661.242	9.66242
662.323	9.6147
663.404	9.56427
664.484	9.50978
665.565	9.44915
666.159	9.41185
666.754	9.37047
667.348	9.32333
667.645	9.29678
667.943	9.26759
668.294	9.22864
668.47	9.20685
668.645	9.18309
668.821	9.15694
668.996	9.12784
669.172	9.09507
669.347	9.05774
669.449	9.03387
669.55	9.0086
669.601	8.99577
669.652	8.98325
669.702	8.97156
669.753	8.96164
669.803	8.95482
669.854	8.9531
669.88	8.95502
669.905	8.95937
669.93	8.96669
669.955	8.9776
669.981	8.99291
670.006	9.01332
670.031	9.03985
670.057	9.07358
670.082	9.11592
670.107	9.16789
670.133	9.23116
670.158	9.30739
670.187	9.41226
670.201	9.47277
670.216	9.53868
670.23	9.61133
670.244	9.6901
670.259	9.77651
670.273	9.86978
670.287	9.97167
670.302	10.0812
670.316	10.2003
670.33	10.3279
670.345	10.4661
670.359	10.6134
670.373	10.7724
670.388	10.9414
670.402	11.123
670.416	11.3152
670.431	11.521
670.445	11.738
670.46	11.9695
670.474	12.2127
670.488	12.4712
670.502	12.7417
670.517	13.0281
670.531	13.3267
670.546	13.6416
670.56	13.9687
670.574	14.3124
670.589	14.668
670.617	15.4238
670.649	16.3336
670.681	17.3073
670.714	18.3385
670.746	19.4156
670.81	21.6809
670.874	23.9924
670.906	25.1293
670.938	26.2296
670.97	27.2754
671.002	28.249
671.038	29.2211
671.073	30.0605
671.092	30.443
671.11	30.7805
671.136	31.1685
671.154	31.3975
671.159	31.4507
671.169	31.5409
671.178	31.6168
671.186	31.674
671.195	31.7269
671.2	31.7487
671.206	31.7712
671.217	31.7998
671.23	31.8108
671.243	31.7957
671.257	31.7543
671.283	31.5956
671.317	31.2475
671.343	30.8661
671.37	30.3975
671.396	29.8426
671.423	29.2149
671.449	28.5211
671.476	27.77
671.526	26.2116
671.577	24.5463
671.628	22.8392
671.678	21.1528
671.702	20.369
671.726	19.6054
671.75	18.8659
671.774	18.1539
671.798	17.4724
671.823	16.8234
671.847	16.2088
671.871	15.6319
671.895	15.0886
671.907	14.8295
671.919	14.5815
671.931	14.3405
671.943	14.1104
671.955	13.8873
671.967	13.6747
671.979	13.469
671.991	13.2734
672.003	13.0846
672.015	12.9054
672.027	12.7328
672.039	12.5692
672.051	12.4132
672.063	12.2645
672.085	12.0134
672.107	11.7842
672.129	11.5755
672.15	11.3868
672.172	11.2149
672.193	11.0596
672.215	10.9194
672.237	10.7937
672.258	10.6801
672.28	10.5781
672.302	10.4866
672.323	10.4049
672.345	10.3314
672.367	10.2655
672.389	10.2065
672.41	10.1538
672.432	10.1063
672.454	10.0636
672.497	9.99064
672.54	9.93086
672.584	9.88149
672.627	9.83996
672.67	9.80463
672.714	9.77393
672.757	9.74696
672.834	9.70562
672.911	9.67037
672.988	9.63939
673.065	9.61157
673.22	9.56276
673.374	9.52059
673.528	9.48316
673.682	9.44932
673.99	9.38928
674.299	9.33614
674.607	9.28726
674.915	9.2409
675.224	9.19578
675.686	9.12838
676.148	9.0589
676.611	8.98456
676.842	8.94463
677.073	8.90225
677.42	8.83283
677.594	8.79488
677.767	8.75427
677.94	8.71053
678.114	8.66315
678.287	8.61141
678.461	8.55446
678.673	8.47613
678.779	8.43263
678.885	8.38576
678.991	8.33496
679.097	8.27972
679.203	8.21952
679.308	8.15419
679.381	8.10693
679.453	8.05852
679.489	8.03447
679.525	8.01116
679.562	7.98915
679.598	7.96931
679.634	7.95278
679.67	7.94122
679.706	7.93665
679.742	7.94174
679.778	7.96001
679.796	7.97541
679.814	7.99571
679.832	8.02184
679.851	8.05429
679.869	8.09433
679.887	8.14245
679.913	8.23063
679.94	8.34283
679.953	8.40951
679.966	8.48331
679.979	8.56595
679.993	8.65684
680.006	8.75805
680.019	8.86876
680.032	8.99141
680.046	9.12494
680.059	9.2722
680.072	9.43183
680.085	9.60713
680.099	9.7964
680.112	10.0035
680.125	10.2262
680.138	10.4689
680.152	10.729
680.165	11.0116
680.178	11.3134
680.191	11.6401
680.205	11.9879
680.218	12.3631
680.231	12.7612
680.244	13.1894
680.258	13.6424
680.271	14.1279
680.284	14.6399
680.297	15.1828
680.311	15.7577
680.327	16.5418
680.344	17.3818
680.361	18.2792
680.378	19.2297
680.395	20.246
680.412	21.3171
680.429	22.4566
680.445	23.6513
680.462	24.9158
680.479	26.243
680.496	27.6321
680.513	29.0737
680.53	30.5833
680.547	32.1415
680.58	35.4302
680.602	37.6541
680.624	39.952
680.667	44.7203
680.71	49.6684
680.754	54.6667
680.807	60.6897
680.833	63.5918
680.86	66.3793
680.889	69.2519
680.918	71.9113
680.943	74.0427
680.968	75.9495
680.978	76.6121
680.999	77.9723
681.025	79.3236
681.038	79.9202
681.051	80.4437
681.064	80.8846
681.078	81.2458
681.091	81.5226
681.1	81.6737
681.104	81.7206
681.118	81.8448
681.13	81.8779
681.142	81.8432
681.156	81.7173
681.179	81.2948
681.203	80.6148
681.24	79.0827
681.264	77.7934
681.288	76.2887
681.324	73.5776
681.361	70.4708
681.409	65.9564
681.456	61.0757
681.497	56.6929
681.538	52.2656
681.58	47.8902
681.621	43.6608
681.644	41.2956
681.668	39.0106
681.692	36.8152
681.716	34.717
681.74	32.722
681.763	30.8343
681.787	29.0568
681.811	27.3907
681.833	25.9687
681.854	24.6445
681.865	24.0103
681.876	23.4041
681.887	22.8197
681.898	22.2568
681.909	21.7102
681.919	21.1894
681.93	20.6889
681.941	20.2084
681.952	19.7473
681.962	19.3053
681.973	18.8818
681.984	18.4764
681.995	18.0849
682.006	17.7142
682.017	17.3601
682.027	17.0219
682.038	16.6991
682.049	16.3914
682.06	16.0981
682.071	15.8186
682.082	15.5502
682.092	15.2972
682.103	15.0566
682.114	14.8279
682.125	14.6105
682.135	14.4041
682.157	14.0221
682.174	13.7439
682.192	13.4884
682.206	13.2958
682.22	13.1162
682.234	12.9489
682.248	12.7941
682.262	12.6488
682.276	12.5143
682.29	12.3882
682.304	12.2715
682.332	12.0597
682.361	11.8762
682.389	11.716
682.417	11.5759
682.445	11.4525
682.473	11.3439
682.501	11.2477
682.529	11.1618
682.557	11.0845
682.586	11.015
682.642	10.894
682.689	10.8063
682.737	10.7289
682.784	10.6595
682.832	10.5966
682.927	10.4857
683.023	10.3897
683.118	10.305
683.213	10.2291
683.308	10.1605
683.403	10.0979
683.533	10.0206
683.663	9.95091
683.793	9.8875
683.922	9.82927
684.182	9.72513
684.442	9.63342
684.718	9.54532
684.995	9.46435
685.272	9.38822
685.549	9.31509
685.774	9.25675
685.999	9.19856
686.224	9.13975
686.449	9.07951
686.674	9.01695
686.899	8.95102
687.124	8.8805
687.349	8.80385
687.557	8.72584
687.661	8.68355
687.764	8.6387
687.868	8.59084
687.972	8.53964
688.076	8.48466
688.18	8.42571
688.262	8.37652
688.344	8.32627
688.385	8.30152
688.426	8.27776
688.467	8.25588
688.508	8.23714
688.549	8.22328
688.591	8.21671
688.632	8.22065
688.652	8.22788
688.673	8.23938
688.693	8.25602
688.714	8.27847
688.735	8.30789
688.755	8.34505
688.776	8.3915
688.796	8.4481
688.817	8.51687
688.837	8.59874
688.861	8.71293
688.885	8.85058
688.909	9.01499
688.932	9.20981
688.944	9.31983
688.956	9.43895
688.968	9.56771
688.98	9.70667
688.992	9.85639
689.004	10.0175
689.016	10.1905
689.028	10.3761
689.039	10.575
689.051	10.7877
689.063	11.015
689.075	11.2574
689.087	11.5157
689.099	11.7906
689.111	12.0827
689.123	12.3927
689.135	12.7213
689.147	13.0692
689.159	13.437
689.17	13.8255
689.182	14.2352
689.194	14.6668
689.206	15.1209
689.218	15.598
689.236	16.3826
689.255	17.2255
689.273	18.1285
689.292	19.0931
689.31	20.1203
689.328	21.211
689.347	22.3657
689.365	23.5777
689.383	24.8598
689.402	26.2047
689.42	27.6111
689.439	29.0773
689.476	32.1786
689.512	35.474
689.553	39.3614
689.594	43.3975
689.635	47.5076
689.677	51.6063
689.724	56.2152
689.748	58.4187
689.772	60.5205
689.802	63.0428
689.832	65.3451
689.856	66.9759
689.88	68.4329
689.891	69.0328
689.914	70.2123
689.935	71.0675
689.947	71.4856
689.959	71.853
689.971	72.1649
689.983	72.4322
689.997	72.6613
690	72.6928
690.004	72.7371
690.019	72.8519
690.035	72.8683
690.052	72.7794
690.068	72.5851
690.091	72.1164
690.124	71.1247
690.143	70.3594
690.162	69.4669
690.194	67.6808
690.227	65.5843
690.252	63.7727
690.277	61.8279
690.327	57.6034
690.392	51.7033
690.456	45.6668
690.484	43.0914
690.512	40.5709
690.54	38.1249
690.568	35.7781
690.596	33.5272
690.624	31.3991
690.652	29.3867
690.666	28.4285
690.68	27.5096
690.696	26.4797
690.712	25.4942
690.729	24.5531
690.745	23.6562
690.761	22.8031
690.777	21.9933
690.793	21.2258
690.81	20.4999
690.826	19.8145
690.842	19.1684
690.858	18.5605
690.875	17.9893
690.891	17.4536
690.907	16.9519
690.923	16.4826
690.939	16.047
690.955	15.6553
690.97	15.2892
690.986	14.9476
691.001	14.6311
691.017	14.3343
691.032	14.0599
691.048	13.803
691.063	13.5659
691.078	13.3443
691.094	13.1399
691.109	12.9491
691.125	12.7734
691.14	12.6095
691.156	12.4586
691.171	12.3179
691.186	12.1884
691.202	12.0676
691.217	11.9563
691.248	11.7569
691.279	11.5851
691.31	11.4366
691.341	11.3079
691.372	11.1956
691.403	11.0971
691.434	11.0102
691.475	10.9088
691.516	10.8212
691.557	10.7444
691.599	10.6761
691.64	10.6145
691.681	10.5587
691.764	10.4601
691.846	10.3746
691.928	10.299
692.011	10.2311
692.093	10.1695
692.223	10.0829
692.352	10.0064
692.482	9.93793
692.611	9.8761
692.741	9.81967
692.87	9.76784
693.13	9.67517
693.33	9.61147
693.53	9.55316
693.73	9.49917
693.93	9.44871
694.331	9.35575
694.731	9.27044
695.202	9.17616
695.673	9.08527
696.238	8.97684
696.521	8.92166
696.803	8.8651
697.086	8.80656
697.369	8.74538
697.651	8.6808
697.934	8.6119
698.216	8.53756
698.476	8.46337
698.735	8.38196
698.994	8.29147
699.123	8.2421
699.253	8.18948
699.37	8.13842
699.488	8.08395
699.606	8.02551
699.724	7.96265
699.841	7.89462
699.959	7.82077
700.077	7.74014
700.195	7.6521
700.26	7.60037
700.324	7.54659
700.389	7.49142
700.454	7.43642
700.486	7.4097
700.519	7.3842
700.551	7.36063
700.583	7.33998
700.616	7.32331
700.648	7.31224
700.681	7.30873
700.713	7.31521
700.744	7.33361
700.775	7.36713
700.806	7.41976
700.821	7.4548
700.837	7.4962
700.852	7.54524
700.867	7.60207
700.883	7.66828
700.898	7.74393
700.914	7.83101
700.929	7.92944
700.945	8.04166
700.96	8.16742
700.976	8.30965
700.991	8.46898
701.007	8.64687
701.022	8.84353
701.038	9.06313
701.053	9.30452
701.068	9.57263
701.084	9.86581
701.099	10.1898
701.115	10.5424
701.13	10.9303
701.146	11.3505
701.161	11.8106
701.177	12.3068
701.192	12.8479
701.207	13.429
701.224	14.0895
701.24	14.803
701.256	15.5721
701.272	16.399
701.288	17.2864
701.305	18.2363
701.321	19.251
701.337	20.3256
701.353	21.4753
701.369	22.6953
701.385	23.9868
701.402	25.3511
701.418	26.789
701.434	28.3011
701.45	29.8875
701.466	31.5376
701.491	34.2547
701.516	37.1323
701.542	40.1742
701.567	43.3711
701.592	46.7246
701.617	50.1928
701.642	53.7709
701.667	57.4383
701.731	67.187
701.796	76.8794
701.832	81.9691
701.867	86.7744
701.893	90.1483
701.92	93.2794
701.93	94.4339
701.949	96.4251
701.982	99.4395
702.008	101.516
702.024	102.607
702.04	103.54
702.057	104.329
702.069	104.837
702.08	105.198
702.096	105.604
702.1	105.679
702.103	105.726
702.111	105.846
702.12	105.921
702.138	105.93
702.157	105.731
702.176	105.322
702.203	104.361
702.24	102.356
702.278	99.6162
702.312	96.5488
702.346	93.0121
702.383	88.6438
702.42	83.8877
702.481	75.5493
702.543	66.9204
702.58	61.6848
702.617	56.5791
702.655	51.673
702.674	49.3131
702.692	47.0352
702.723	43.4514
702.738	41.7403
702.753	40.0853
702.769	38.4878
702.784	36.9486
702.799	35.4684
702.815	34.0567
702.83	32.6948
702.845	31.3922
702.86	30.1483
702.876	28.9626
702.891	27.8341
702.906	26.7619
702.922	25.7446
702.937	24.7872
702.955	23.6799
702.974	22.6477
702.993	21.6876
703.012	20.7963
703.021	20.3732
703.03	19.9705
703.04	19.5791
703.049	19.2068
703.058	18.8453
703.068	18.5018
703.086	17.8554
703.105	17.2572
703.124	16.7076
703.142	16.2033
703.161	15.7411
703.18	15.318
703.198	14.931
703.217	14.5774
703.236	14.256
703.25	14.025
703.265	13.8112
703.279	13.6106
703.294	13.425
703.308	13.2509
703.322	13.0898
703.337	12.9385
703.351	12.7985
703.38	12.5449
703.409	12.3237
703.438	12.1301
703.467	11.9606
703.496	11.8103
703.525	11.6769
703.554	11.5579
703.582	11.4513
703.611	11.3546
703.64	11.2666
703.698	11.112
703.735	11.0238
703.773	10.9432
703.847	10.8
703.922	10.6748
703.997	10.5635
704.072	10.4627
704.146	10.3706
704.221	10.2858
704.296	10.2071
704.432	10.0767
704.568	9.95994
704.704	9.85374
704.84	9.75598
704.975	9.66495
705.111	9.57929
705.247	9.49787
705.383	9.41975
705.601	9.29959
705.777	9.20451
705.954	9.11021
706.131	9.01526
706.307	8.91824
706.484	8.81754
706.661	8.71137
706.837	8.59755
706.926	8.53693
707.014	8.47344
707.089	8.41707
707.164	8.3582
707.238	8.29656
707.313	8.2325
707.388	8.16657
707.463	8.10082
707.5	8.06908
707.537	8.03914
707.575	8.01212
707.612	7.9896
707.644	7.97522
707.677	7.96737
707.709	7.96817
707.741	7.98021
707.774	8.00682
707.806	8.05194
707.822	8.08301
707.838	8.12036
707.854	8.1649
707.87	8.21743
707.886	8.27923
707.903	8.35047
707.919	8.43308
707.935	8.52711
707.951	8.63492
707.967	8.75642
707.983	8.89356
707.999	9.04776
708.016	9.22163
708.032	9.4146
708.048	9.63075
708.064	9.86915
708.08	10.1346
708.096	10.4257
708.112	10.7459
708.129	11.0973
708.147	11.5473
708.157	11.7915
708.166	12.0454
708.175	12.315
708.185	12.595
708.194	12.8918
708.203	13.1995
708.222	13.8623
708.241	14.5868
708.259	15.3764
708.278	16.2294
708.297	17.1583
708.315	18.1615
708.334	19.2417
708.353	20.4015
708.371	21.643
708.39	22.9679
708.409	24.3777
708.428	25.8651
708.442	27.0837
708.456	28.3452
708.485	31.03
708.514	33.9146
708.543	36.9796
708.572	40.2336
708.601	43.6493
708.63	47.2052
708.659	50.8628
708.692	55.2864
708.726	59.7714
708.794	68.6716
708.832	73.3657
708.869	77.7835
708.9	81.1441
708.93	84.2128
708.954	86.3674
708.973	87.8951
709	89.8627
709.019	91.0205
709.037	92.0114
709.049	92.5184
709.058	92.8955
709.067	93.232
709.076	93.5203
709.09	93.8568
709.1	94.0484
709.103	94.089
709.111	94.194
709.119	94.2628
709.131	94.3011
709.142	94.269
709.162	94.0545
709.184	93.5543
709.207	92.7904
709.23	91.7714
709.253	90.5143
709.276	89.0138
709.298	87.3034
709.338	83.8973
709.377	79.9947
709.423	74.9812
709.468	69.619
709.501	65.5871
709.547	59.9763
709.592	54.4435
709.615	51.7357
709.638	49.0897
709.661	46.5172
709.683	44.0395
709.708	41.4278
709.733	38.9458
709.758	36.5805
709.783	34.356
709.808	32.2573
709.82	31.2631
709.832	30.3027
709.845	29.3688
709.857	28.476
709.87	27.6165
709.882	26.79
709.894	26.0589
709.905	25.3549
709.916	24.6776
709.928	24.0266
709.939	23.4014
709.951	22.8014
709.962	22.2262
709.973	21.6797
709.985	21.1519
709.996	20.6469
710.007	20.1642
710.019	19.7032
710.03	19.263
710.042	18.8432
710.053	18.443
710.064	18.0651
710.076	17.702
710.087	17.3565
710.099	17.028
710.11	16.7157
710.121	16.4192
710.133	16.1376
710.144	15.8704
710.156	15.6191
710.167	15.3787
710.178	15.1509
710.19	14.935
710.201	14.7306
710.224	14.3538
710.247	14.0178
710.272	13.6894
710.296	13.3997
710.321	13.1421
710.346	12.9147
710.371	12.7121
710.396	12.5328
710.421	12.3725
710.445	12.2301
710.47	12.102
710.495	11.9875
710.52	11.8838
710.545	11.7904
710.57	11.7051
710.595	11.6274
710.644	11.4903
710.69	11.3817
710.735	11.2862
710.781	11.2006
710.826	11.1233
710.918	10.9875
711.009	10.8705
711.1	10.7675
711.191	10.6756
711.282	10.5927
711.373	10.5172
711.489	10.4303
711.605	10.352
711.721	10.2808
711.837	10.2158
711.903	10.181
712.036	10.116
712.168	10.0563
712.35	9.98148
712.533	9.91387
712.715	9.85219
712.897	9.79553
713.261	9.69441
713.626	9.60606
714.089	9.50737
714.553	9.42024
715.017	9.34174
715.481	9.2698
715.878	9.21218
716.276	9.15759
717.071	9.05521
717.866	8.95906
718.661	8.86646
719.523	8.76744
719.953	8.71762
720.384	8.66708
720.815	8.6153
721.245	8.56176
721.676	8.50571
722.107	8.44622
722.504	8.38704
722.703	8.35542
722.902	8.32212
723.101	8.28676
723.299	8.24896
723.498	8.20812
723.697	8.16357
723.821	8.13337
723.945	8.10107
724.069	8.06627
724.194	8.02872
724.318	7.98838
724.38	7.9675
724.442	7.94666
724.504	7.92666
724.566	7.90894
724.629	7.89588
724.66	7.89221
724.691	7.89129
724.728	7.89493
724.765	7.90542
724.803	7.92493
724.84	7.95603
724.877	8.00215
724.896	8.0321
724.914	8.06714
724.933	8.10825
724.952	8.15565
724.97	8.21024
724.989	8.27275
725.008	8.34441
725.026	8.42528
725.045	8.51715
725.063	8.61998
725.082	8.73588
725.101	8.86465
725.119	9.00793
725.138	9.16683
725.157	9.34347
725.175	9.53712
725.194	9.74982
725.212	9.98276
725.231	10.2385
725.25	10.5155
725.268	10.8161
725.287	11.1413
725.298	11.3534
725.31	11.5752
725.321	11.8072
725.332	12.0495
725.355	12.5655
725.378	13.122
725.401	13.7249
725.424	14.3723
725.446	15.0646
725.469	15.7981
725.492	16.5787
725.515	17.4021
725.538	18.2665
725.56	19.1657
725.606	21.0761
725.651	23.0954
725.695	25.0961
725.738	27.1241
725.782	29.1328
725.825	31.0675
725.871	32.9682
725.894	33.8494
725.916	34.6712
725.945	35.6298
725.974	36.4737
725.994	36.9756
726.014	37.4158
726.036	37.8447
726.041	37.9124
726.056	38.1416
726.067	38.2829
726.078	38.3961
726.085	38.4574
726.096	38.5301
726.1	38.5565
726.106	38.5845
726.119	38.6267
726.13	38.6365
726.142	38.6223
726.157	38.5647
726.18	38.4013
726.209	38.0591
726.232	37.6902
726.255	37.2368
726.294	36.2656
726.333	35.0827
726.366	33.9459
726.399	32.7031
726.432	31.3764
726.465	29.9925
726.519	27.662
726.573	25.321
726.6	24.1678
726.627	23.0435
726.654	21.947
726.68	20.893
726.703	20.0305
726.726	19.2059
726.749	18.4141
726.771	17.6637
726.794	16.9491
726.817	16.2774
726.84	15.6456
726.862	15.0535
726.885	14.4984
726.896	14.2355
726.908	13.9843
726.919	13.7404
726.931	13.5057
726.953	13.0655
726.976	12.6583
726.999	12.2862
727.021	11.9455
727.044	11.6345
727.065	11.3752
727.086	11.1377
727.106	10.9205
727.127	10.7233
727.148	10.5426
727.168	10.3783
727.189	10.2291
727.209	10.0943
727.23	9.97143
727.251	9.86019
727.272	9.75949
727.292	9.66877
727.313	9.58626
727.333	9.51192
727.354	9.44426
727.375	9.38322
727.416	9.277
727.457	9.18922
727.499	9.11574
727.54	9.05387
727.582	9.00089
727.623	8.95516
727.664	8.91504
727.706	8.87937
727.78	8.82352
727.854	8.77568
727.929	8.73348
728.003	8.69547
728.152	8.62856
728.301	8.57045
728.45	8.51869
728.598	8.47181
728.747	8.42872
728.896	8.38864
729.078	8.34289
729.26	8.29994
729.624	8.22004
729.988	8.14526
730.351	8.07309
730.814	7.98188
731.046	7.93551
731.277	7.88797
731.509	7.83866
731.74	7.7869
731.972	7.73179
732.203	7.67217
732.435	7.60644
732.551	7.57059
732.666	7.53244
732.782	7.49181
732.898	7.44946
732.956	7.42836
733.014	7.40826
733.072	7.39046
733.129	7.37706
733.169	7.37203
733.208	7.37185
733.247	7.37833
733.286	7.39372
733.326	7.42096
733.345	7.44015
733.365	7.46358
733.385	7.49207
733.404	7.52593
733.424	7.56597
733.443	7.61292
733.463	7.66786
733.483	7.73109
733.502	7.80417
733.522	7.88733
733.542	7.98245
733.561	8.08966
733.581	8.21055
733.601	8.3463
733.62	8.49896
733.64	8.66826
733.66	8.85723
733.679	9.06528
733.699	9.29589
733.719	9.54803
733.738	9.82414
733.758	10.1255
733.769	10.3129
733.781	10.5095
733.792	10.7155
733.803	10.9292
733.815	11.1546
733.826	11.39
733.849	11.8893
733.872	12.4328
733.894	13.0167
733.917	13.6439
733.94	14.3146
733.962	15.0319
733.985	15.789
734.008	16.5879
734.031	17.427
734.053	18.3081
734.076	19.2209
734.121	21.1395
734.171	23.3441
734.221	25.6098
734.27	27.8727
734.32	30.061
734.365	31.9422
734.388	32.8167
734.411	33.6341
734.44	34.5874
734.469	35.4308
734.489	35.9609
734.51	36.4228
734.533	36.8538
734.539	36.9559
734.554	37.1824
734.566	37.3212
734.576	37.4232
734.581	37.4747
734.587	37.5189
734.596	37.5813
734.6	37.6028
734.604	37.6216
734.616	37.6616
734.625	37.675
734.639	37.6664
734.654	37.6172
734.671	37.5174
734.701	37.211
734.721	36.9119
734.742	36.545
734.772	35.8874
734.802	35.0984
734.832	34.1912
734.862	33.1801
734.892	32.0805
734.922	30.9087
734.977	28.6437
735.032	26.296
735.087	23.9475
735.114	22.7995
735.141	21.6844
735.166	20.7063
735.191	19.766
735.215	18.8595
735.24	17.9972
735.265	17.1746
735.289	16.3999
735.314	15.6708
735.338	14.9877
735.351	14.6609
735.363	14.3482
735.375	14.0468
735.388	13.7567
735.4	13.4755
735.412	13.2076
735.425	12.9505
735.437	12.704
735.449	12.466
735.462	12.2401
735.474	12.0242
735.486	11.8179
735.499	11.6211
735.511	11.4334
735.523	11.2546
735.535	11.0844
735.556	10.8178
735.577	10.5743
735.597	10.3502
735.618	10.1464
735.638	9.95944
735.659	9.78995
735.679	9.63573
735.7	9.49558
735.72	9.36776
735.741	9.25243
735.761	9.14791
735.782	9.05323
735.803	8.96708
735.823	8.88946
735.843	8.81914
735.864	8.7554
735.885	8.69731
735.905	8.64482
735.946	8.55337
735.987	8.47718
736.028	8.41322
736.069	8.35864
736.11	8.3117
736.151	8.27056
736.192	8.23418
736.258	8.1833
736.324	8.13915
736.39	8.09987
736.455	8.06424
736.587	8.00094
736.718	7.94531
736.85	7.89527
736.981	7.84955
737.244	7.76773
737.529	7.6894
737.813	7.61848
738.098	7.55274
738.383	7.49073
738.667	7.43146
738.952	7.37416
739.521	7.2634
739.872	7.19673
740.354	7.10586
740.836	7.01508
741.317	6.92364
741.799	6.83092
742.763	6.63966
743.244	6.54022
743.726	6.43769
744.602	6.24196
745.04	6.13893
745.478	6.03197
745.96	5.90931
746.442	5.78092
746.924	5.64616
747.406	5.50434
747.887	5.35465
748.369	5.19627
748.851	5.02817
749.333	4.84925
749.596	4.74664
749.859	4.64017
750.121	4.5295
750.384	4.41434
750.647	4.29435
750.91	4.16921
751.173	4.03853
751.435	3.90188
751.654	3.78306
751.873	3.65953
752.092	3.53093
752.311	3.39695
752.53	3.25727
752.749	3.11155
752.968	2.9595
753.187	2.80086
753.308	2.7107
753.428	2.61857
753.549	2.52434
753.669	2.42825
753.79	2.33024
753.91	2.23067
754.031	2.12966
754.151	2.02779
754.271	1.9255
754.392	1.82386
754.512	1.72398
754.573	1.67532
754.633	1.62789
754.693	1.58199
754.753	1.53824
754.813	1.49716
754.874	1.45947
754.934	1.42608
754.994	1.39832
755.054	1.37779
755.115	1.36675
755.178	1.3688
755.209	1.37656
755.241	1.3899
755.272	1.40987
755.304	1.43774
755.335	1.47509
755.366	1.52365
755.398	1.58609
755.429	1.66515
755.461	1.76437
755.492	1.88762
755.508	1.96044
755.524	2.04095
755.54	2.131
755.555	2.23037
755.571	2.34134
755.587	2.46361
755.603	2.59905
755.618	2.74896
755.636	2.93826
755.654	3.15031
755.672	3.38766
755.689	3.65308
755.707	3.94963
755.725	4.28065
755.743	4.64982
755.761	5.0611
755.772	5.33819
755.783	5.63134
755.792	5.90573
755.802	6.19612
755.811	6.50335
755.821	6.8248
755.831	7.16815
755.84	7.53103
755.85	7.91443
755.859	8.31503
755.872	8.87132
755.884	9.46265
755.896	10.0958
755.909	10.7732
755.921	11.5036
755.933	12.278
755.946	13.1049
755.958	13.9872
755.97	14.936
755.983	15.939
755.995	17.0069
756.007	18.1432
756.019	19.3511
756.032	20.6343
756.044	21.9965
756.056	23.4412
756.071	25.2426
756.085	27.1685
756.1	29.2253
756.114	31.4035
756.128	33.74
756.143	36.2264
756.157	38.8693
756.171	41.6549
756.186	44.6286
756.2	47.7778
756.215	51.1084
756.229	54.6015
756.243	58.3115
756.258	62.2202
756.272	66.3327
756.286	70.6232
756.301	75.3819
756.316	80.3456
756.332	85.5843
756.346	91.032
756.362	96.7638
756.377	102.706
756.392	108.937
756.407	115.376
756.422	122.108
756.437	129.088
756.467	143.727
756.497	159.3
756.527	175.748
756.557	192.992
756.587	210.933
756.617	229.449
756.648	248.4
756.752	314.899
756.782	333.614
756.812	351.714
756.842	368.981
756.872	385.198
756.902	400.152
756.932	413.645
756.956	422.968
756.979	431.227
757.009	440.21
757.039	447.177
757.061	450.849
757.082	453.428
757.1	454.741
757.104	454.911
757.116	455.231
757.127	455.206
757.151	454.137
757.171	452.187
757.191	449.295
757.211	445.482
757.231	440.801
757.27	428.883
757.308	414.563
757.346	397.784
757.386	377.896
757.426	356.208
757.473	328.813
757.519	300.379
757.599	251.844
757.639	228.229
757.678	205.496
757.718	183.854
757.738	173.531
757.758	163.615
757.778	154.024
757.798	144.82
757.817	136.012
757.837	127.647
757.855	120.707
757.872	114.107
757.889	107.769
757.906	101.764
757.923	96.0182
757.94	90.5936
757.957	85.4207
757.974	80.5531
757.992	75.9262
758.009	71.5859
758.026	67.4727
758.043	63.6255
758.06	59.9897
758.077	56.5981
758.095	53.4012
758.112	50.4262
758.132	47.2064
758.152	44.2324
758.171	41.4891
758.191	38.9738
758.211	36.6466
758.231	34.5066
758.251	32.5404
758.271	30.7437
758.291	29.0861
758.31	27.5652
758.33	26.1701
758.35	24.8965
758.37	23.7219
758.39	22.649
758.41	21.6585
758.43	20.7527
758.446	20.0616
758.462	19.4197
758.478	18.8155
758.495	18.2533
758.511	17.7232
758.527	17.229
758.543	16.762
758.56	16.3255
758.592	15.5247
758.625	14.811
758.657	14.1713
758.69	13.5945
758.722	13.0713
758.755	12.594
758.787	12.1559
758.82	11.7517
758.852	11.3768
758.885	11.0274
758.917	10.7004
758.95	10.393
758.989	10.04
759.029	9.71067
759.069	9.40114
759.109	9.10916
759.148	8.83213
759.188	8.56985
759.267	8.08208
759.347	7.63575
759.426	7.22529
759.506	6.84443
759.585	6.48993
759.658	6.18674
759.73	5.90041
759.802	5.62836
759.874	5.36981
759.947	5.12275
760.019	4.88675
760.091	4.66051
760.163	4.44322
760.279	4.11227
760.394	3.80051
760.524	3.46992
760.654	3.15982
760.784	2.86911
760.914	2.59771
760.979	2.46944
761.044	2.34632
761.109	2.22858
761.174	2.11651
761.239	2.01045
761.304	1.91085
761.369	1.81821
761.434	1.73316
761.507	1.64835
761.543	1.6102
761.579	1.57508
761.615	1.54307
761.651	1.51455
761.687	1.48964
761.723	1.46858
761.76	1.45158
761.796	1.43901
761.832	1.43113
761.868	1.42828
761.904	1.4308
761.94	1.4391
761.976	1.45362
762.012	1.47482
762.05	1.50494
762.088	1.5436
762.126	1.59174
762.164	1.64994
762.198	1.71211
762.2	1.71564
762.207	1.73002
762.215	1.74483
762.229	1.77582
762.254	1.8348
762.279	1.89985
762.305	1.97135
762.33	2.04939
762.366	2.17431
762.402	2.31519
762.438	2.47396
762.475	2.65241
762.493	2.7499
762.511	2.85255
762.529	2.96177
762.547	3.07668
762.565	3.19889
762.583	3.32741
762.601	3.46407
762.619	3.60775
762.639	3.77617
762.659	3.95526
762.679	4.14572
762.698	4.34726
762.718	4.56273
762.738	4.79084
762.758	5.03489
762.778	5.29345
762.798	5.5703
762.818	5.86545
762.837	6.18029
762.857	6.51458
762.877	6.87338
762.897	7.25489
762.917	7.66497
762.937	8.10169
762.949	8.39798
762.962	8.70521
762.975	9.02899
762.987	9.36497
763	9.71931
763.013	10.0873
763.025	10.4756
763.038	10.8792
763.051	11.3055
763.063	11.7488
763.076	12.2173
763.089	12.705
763.101	13.2209
763.114	13.7581
763.126	14.3223
763.139	14.9148
763.159	15.9124
763.179	16.9919
763.199	18.1609
763.219	19.421
763.238	20.7941
763.258	22.2759
763.278	23.8922
763.298	25.6382
763.318	27.5441
763.338	29.6041
763.358	31.8536
763.377	34.2855
763.397	36.9413
763.417	39.8121
763.437	42.9461
763.457	46.332
763.468	48.4857
763.48	50.7268
763.492	53.0987
763.504	55.566
763.516	58.1761
763.527	60.8899
763.539	63.7343
763.551	66.7149
763.562	69.8646
763.574	73.1356
763.586	76.5899
763.598	80.1749
763.609	83.958
763.621	87.8813
763.633	91.9822
763.644	96.2672
763.664	103.996
763.684	112.306
763.704	121.23
763.724	130.749
763.744	140.989
763.764	151.879
763.784	163.556
763.803	175.932
763.823	189.157
763.843	203.194
763.863	218.066
763.883	233.709
763.903	250.297
763.923	267.763
763.943	286.116
763.962	305.258
763.982	325.38
764.002	346.271
764.022	368.129
764.042	390.713
764.082	438.394
764.121	489.017
764.161	542.306
764.201	597.465
764.28	711.259
764.331	783.489
764.381	853.46
764.421	905.706
764.461	954.204
764.5	998.133
764.54	1036.6
764.567	1058.76
764.593	1077.86
764.619	1093.89
764.645	1106.56
764.673	1116.11
764.7	1121.89
764.709	1122.98
764.739	1123.59
764.768	1119.73
764.798	1111.46
764.827	1098.95
764.868	1074.92
764.909	1043.76
764.948	1008.07
764.987	967.436
765.022	926.794
765.057	883.334
765.128	790.775
765.206	685.189
765.244	632.84
765.283	581.698
765.322	532.214
765.361	485.121
765.38	462.433
765.4	440.567
765.419	419.438
765.438	399.076
765.458	379.504
765.477	360.741
765.497	342.803
765.516	325.7
765.535	309.44
765.555	294.026
765.574	279.459
765.594	265.738
765.613	252.859
765.632	240.816
765.652	229.602
765.671	219.209
765.691	209.626
765.71	200.845
765.73	192.854
765.749	185.643
765.77	178.64
765.791	172.54
765.812	167.328
765.834	162.99
765.855	159.51
765.876	156.876
765.897	155.073
765.918	154.088
765.936	153.876
765.954	154.21
765.971	155.085
765.989	156.483
766.007	158.408
766.024	160.828
766.042	163.741
766.059	167.136
766.081	171.843
766.102	177.203
766.123	183.187
766.144	189.732
766.165	196.865
766.187	204.52
766.208	212.655
766.229	221.185
766.261	234.753
766.293	249.022
766.356	278.833
766.393	296.526
766.43	313.936
766.469	331.548
766.508	348.093
766.536	359.219
766.555	366.384
766.575	373.032
766.594	379.16
766.614	384.728
766.633	389.704
766.652	394.034
766.685	399.918
766.7	401.926
766.709	402.949
766.745	405.505
766.78	405.634
766.816	403.358
766.851	398.771
766.884	392.633
766.916	384.785
766.952	374.305
766.987	362.158
767.035	343.267
767.084	322.383
767.155	289.399
767.191	272.469
767.226	255.616
767.268	236.004
767.289	226.422
767.31	217.034
767.331	207.87
767.352	198.955
767.373	190.31
767.394	181.956
767.412	175.112
767.43	168.494
767.448	162.108
767.465	155.992
767.483	150.079
767.501	144.406
767.519	138.972
767.536	133.804
767.554	128.843
767.572	124.114
767.59	119.613
767.607	115.359
767.625	111.297
767.643	107.447
767.661	103.801
767.679	100.371
767.69	98.2624
767.701	96.2468
767.713	94.3038
767.724	92.4314
767.735	90.6275
767.746	88.8901
767.758	87.2172
767.769	85.6068
767.78	84.0433
767.792	82.5522
767.803	81.1175
767.814	79.7372
767.826	78.4093
767.837	77.1321
767.848	75.9035
767.86	74.7218
767.871	73.5752
767.882	72.4821
767.894	71.4305
767.905	70.4187
767.916	69.4451
767.928	68.5082
767.95	66.7379
767.973	65.096
767.995	63.5716
768.018	62.1544
768.04	60.8349
768.058	59.8587
768.076	58.9337
768.094	58.0562
768.112	57.2273
768.129	56.4344
768.147	55.6794
768.165	54.9595
768.183	54.2759
768.218	52.9895
768.254	51.8105
768.289	50.7184
768.325	49.7073
768.361	48.7615
768.396	47.878
768.432	47.0447
768.467	46.2602
768.503	45.5152
768.538	44.8096
768.574	44.1359
768.609	43.4946
768.661	42.6085
768.713	41.7767
768.764	40.9918
768.816	40.2491
768.868	39.5447
768.92	38.8752
768.971	38.2378
769.023	37.6298
769.127	36.4923
769.23	35.4498
769.333	34.489
769.437	33.5998
769.508	33.0255
769.579	32.4788
769.65	31.9576
769.721	31.46
769.863	30.5293
770.005	29.6751
770.148	28.8879
770.29	28.1596
770.432	27.4838
770.574	26.8545
770.684	26.3971
770.794	25.9626
770.904	25.5494
771.014	25.1557
771.234	24.4216
771.453	23.7504
771.673	23.1334
771.893	22.5645
772.113	22.0375
772.332	21.5481
772.617	20.9636
772.901	20.4275
773.186	19.9335
773.47	19.4763
773.754	19.0515
774.039	18.6553
774.323	18.2843
774.608	17.9358
774.814	17.6951
775.099	17.3796
775.383	17.0804
775.668	16.7955
775.952	16.5233
776.236	16.2621
776.521	16.0102
776.805	15.7661
777.09	15.5279
777.296	15.3571
777.477	15.2087
777.659	15.0603
777.839	14.9109
778.02	14.7595
778.111	14.6825
778.201	14.6047
778.292	14.5263
778.337	14.4872
778.382	14.4484
778.428	14.4102
778.473	14.3732
778.518	14.3381
778.563	14.3059
778.609	14.2778
778.654	14.2557
778.699	14.242
778.744	14.2394
778.78	14.2476
778.815	14.267
778.851	14.3002
778.886	14.3497
778.904	14.3818
778.922	14.4191
778.94	14.4623
778.958	14.5113
778.975	14.5674
778.993	14.6307
779.011	14.7017
779.029	14.7805
779.047	14.8686
779.064	14.9659
779.082	15.0731
779.1	15.19
779.118	15.3184
779.135	15.4583
779.153	15.6102
779.171	15.7735
779.189	15.9506
779.207	16.1411
779.224	16.3452
779.242	16.5621
779.26	16.7945
779.278	17.0415
779.295	17.3033
779.313	17.5783
779.333	17.8965
779.352	18.2324
779.371	18.5856
779.391	18.9558
779.41	19.3425
779.429	19.7452
779.468	20.5928
779.507	21.4949
779.546	22.4389
779.623	24.3966
779.665	25.4638
779.707	26.5018
779.749	27.4888
779.791	28.4001
779.83	29.1542
779.869	29.8046
779.89	30.1108
779.911	30.3789
779.94	30.6856
779.958	30.8357
779.968	30.9102
779.977	30.9652
779.986	31.0106
779.995	31.0538
780	31.0711
780.007	31.0945
780.018	31.1184
780.029	31.1321
780.04	31.1337
780.057	31.1124
780.079	31.0427
780.101	30.9253
780.124	30.7616
780.162	30.3752
780.2	29.8659
780.239	29.2467
780.277	28.5327
780.315	27.7403
780.353	26.8896
780.422	25.2684
780.49	23.6073
780.525	22.7881
780.559	21.9921
780.593	21.2224
780.627	20.49
780.658	19.8743
780.673	19.58
780.688	19.2944
780.703	19.0178
780.718	18.7501
780.733	18.4917
780.748	18.2425
780.763	18.001
780.779	17.7703
780.794	17.5489
780.809	17.3366
780.824	17.1333
780.839	16.939
780.854	16.7534
780.869	16.5764
780.884	16.4066
780.899	16.2462
780.914	16.0936
780.93	15.9488
780.945	15.8114
780.96	15.6812
780.975	15.5578
780.99	15.4411
781.02	15.2265
781.05	15.0352
781.081	14.8649
781.111	14.7136
781.137	14.5961
781.163	14.4902
781.189	14.3945
781.216	14.3081
781.242	14.23
781.268	14.1591
781.294	14.0946
781.32	14.0359
781.373	13.9326
781.425	13.8447
781.478	13.7683
781.53	13.7008
781.582	13.6397
781.635	13.5836
781.687	13.5313
781.74	13.4818
781.844	13.3892
781.949	13.3026
782.11	13.1769
782.271	13.0573
782.433	12.9418
782.594	12.8293
782.852	12.6526
783.045	12.5212
783.238	12.3899
783.432	12.2575
783.625	12.1232
783.819	11.986
784.012	11.8453
784.206	11.6998
784.399	11.5485
784.657	11.3356
784.786	11.2234
784.915	11.1066
785.044	10.9847
785.173	10.8569
785.302	10.7225
785.431	10.5806
785.608	10.3711
785.697	10.2592
785.785	10.1421
785.874	10.019
785.963	9.88945
786.051	9.75268
786.14	9.60829
786.216	9.47677
786.293	9.33884
786.37	9.19472
786.446	9.04569
786.485	8.96992
786.523	8.89412
786.561	8.81913
786.599	8.74634
786.638	8.67702
786.676	8.61359
786.714	8.55904
786.752	8.51741
786.775	8.50104
786.797	8.4919
786.819	8.49139
786.841	8.50106
786.863	8.52285
786.885	8.55864
786.908	8.61113
786.93	8.68255
786.952	8.77655
786.974	8.89627
786.996	9.04551
787.018	9.2276
787.041	9.44884
787.063	9.71232
787.085	10.0261
787.107	10.3933
787.129	10.824
787.14	11.0648
787.151	11.3238
787.162	11.6021
787.174	11.9005
787.185	12.2202
787.196	12.5591
787.207	12.9244
787.218	13.3143
787.229	13.7299
787.24	14.1684
787.251	14.6389
787.262	15.1388
787.273	15.6693
787.284	16.2266
787.295	16.8221
787.307	17.4522
787.318	18.1181
787.329	18.8214
787.34	19.5632
787.351	20.3451
787.362	21.1682
787.373	22.0261
787.384	22.9355
787.395	23.8904
787.406	24.8918
787.417	25.9316
787.439	28.1786
787.462	30.6207
787.477	32.424
787.492	34.3181
787.507	36.3172
787.522	38.4233
787.537	40.6385
787.552	42.9644
787.567	45.4023
787.582	47.9531
787.598	50.6354
787.613	53.4142
787.628	56.3064
787.643	59.3113
787.673	65.654
787.703	72.4262
787.726	77.6645
787.748	83.1091
787.77	88.7443
787.792	94.5252
787.836	106.541
787.881	118.959
787.957	140.665
787.973	145.158
788.002	152.883
788.03	160.359
788.058	167.507
788.102	177.885
788.125	182.618
788.147	186.973
788.171	191.299
788.193	194.828
788.215	197.897
788.237	200.512
788.259	202.631
788.284	204.386
788.3	205.219
788.304	205.385
788.317	205.8
788.331	206.026
788.348	206.044
788.366	205.718
788.4	204.219
788.433	201.585
788.473	197.087
788.506	192.199
788.54	186.437
788.573	179.852
788.607	172.617
788.636	165.931
788.665	158.92
788.722	144.243
788.789	126.792
788.823	118.173
788.856	109.744
788.896	100.134
788.916	95.5055
788.936	91.0325
788.955	86.6794
788.975	82.4774
788.995	78.433
789.015	74.5706
789.032	71.4069
789.048	68.3824
789.065	65.4618
789.082	62.68
789.098	60.0034
789.115	57.4632
789.132	55.0275
789.149	52.7236
789.166	50.5218
789.182	48.4458
789.199	46.4679
789.216	44.6086
789.233	42.8424
789.249	41.1868
789.266	39.6183
789.283	38.1519
789.299	36.7661
789.316	35.4736
789.333	34.255
789.35	33.1208
789.366	32.0536
789.383	31.0622
789.4	30.131
789.417	29.2673
789.433	28.4573
789.45	27.7069
789.467	27.0039
789.484	26.3533
789.5	25.7442
789.517	25.1808
789.534	24.6566
789.551	24.1688
789.566	23.7516
789.581	23.3635
789.596	22.9998
789.611	22.6589
789.627	22.3372
789.642	22.0374
789.657	21.756
789.672	21.4917
789.703	21.008
789.733	20.5806
789.764	20.1988
789.794	19.8587
789.825	19.552
789.855	19.276
789.886	19.0245
789.916	18.7957
789.947	18.585
789.977	18.3911
790.007	18.2114
790.038	18.0438
790.105	17.7107
790.172	17.4173
790.239	17.1552
790.306	16.9185
790.373	16.7022
790.44	16.5033
790.507	16.3194
790.573	16.1488
790.671	15.9203
790.768	15.7125
790.866	15.5222
790.963	15.3468
791.061	15.1844
791.158	15.0335
791.353	14.7609
791.487	14.5924
791.621	14.4369
791.755	14.2926
791.889	14.1582
792.157	13.9142
792.425	13.6975
792.644	13.5365
792.863	13.3878
793.082	13.2494
793.301	13.1199
793.74	12.8828
794.178	12.6692
794.519	12.5156
794.86	12.3711
795.201	12.2341
795.542	12.1034
796.224	11.8568
796.906	11.6246
797.686	11.3711
798.465	11.1253
799.05	10.9431
799.634	10.761
800.219	10.5776
800.803	10.3913
801.388	10.2005
801.972	10.0038
802.557	9.79946
803.142	9.58558
803.823	9.32119
804.164	9.18194
804.505	9.03724
804.846	8.88639
805.188	8.72869
805.529	8.56338
805.869	8.38968
806.137	8.24658
806.405	8.0972
806.673	7.94086
806.941	7.77702
807.209	7.60486
807.477	7.42371
807.745	7.23262
808.013	7.03063
808.196	6.88608
808.378	6.73559
808.561	6.57875
808.744	6.41521
808.926	6.24432
809.109	6.06564
809.292	5.87863
809.474	5.68284
809.608	5.53318
809.742	5.37831
809.876	5.21779
810.01	5.05161
810.144	4.87935
810.278	4.70106
810.412	4.51635
810.546	4.32545
810.68	4.12812
810.814	3.92477
810.948	3.71592
811.015	3.60974
811.082	3.50282
811.149	3.39511
811.216	3.28722
811.283	3.17977
811.35	3.07388
811.417	2.97073
811.484	2.8728
811.551	2.78383
811.584	2.74441
811.618	2.70975
811.654	2.67858
811.691	2.65657
811.727	2.64621
811.764	2.65076
811.8	2.67429
811.837	2.72159
811.873	2.79874
811.892	2.85089
811.91	2.91303
811.928	2.98699
811.947	3.07372
811.965	3.17457
811.983	3.29035
812.001	3.42391
812.02	3.5764
812.038	3.74965
812.056	3.94453
812.074	4.16527
812.093	4.41315
812.111	4.69054
812.129	4.99821
812.148	5.3422
812.166	5.72152
812.184	6.14325
812.202	6.60582
812.213	6.8991
812.224	7.20897
812.234	7.5361
812.245	7.87784
812.256	8.24132
812.266	8.62042
812.277	9.02298
812.288	9.44215
812.298	9.88656
812.309	10.3486
812.319	10.8376
812.33	11.3453
812.341	11.8818
812.351	12.4378
812.362	13.0245
812.373	13.6315
812.383	14.2711
812.394	14.9383
812.415	16.3509
812.437	17.8801
812.458	19.5303
812.479	21.3055
812.501	23.2091
812.522	25.2439
812.543	27.412
812.559	29.0961
812.574	30.842
812.59	32.6601
812.606	34.5501
812.616	35.8749
812.638	38.635
812.67	43.0202
812.702	47.6616
812.735	52.8
812.769	58.1744
812.802	63.7415
812.835	69.4328
812.902	81.051
812.97	92.4407
813.009	98.8331
813.049	104.806
813.082	109.468
813.116	113.688
813.152	117.716
813.186	120.837
813.219	123.371
813.239	124.584
813.256	125.439
813.272	126.142
813.293	126.815
813.3	126.974
813.32	127.317
813.336	127.45
813.35	127.46
813.369	127.325
813.399	126.803
813.428	125.945
813.46	124.702
813.49	123.353
813.519	121.895
813.549	120.41
813.578	119.004
813.606	117.828
813.634	116.912
813.662	116.359
813.69	116.27
813.711	116.55
813.731	117.16
813.751	118.14
813.771	119.526
813.79	121.215
813.808	123.32
813.823	125.298
813.838	127.553
813.852	130.11
813.867	132.981
813.882	136.203
813.897	139.742
813.911	143.631
813.926	147.881
813.942	152.96
813.958	158.459
813.973	163.955
813.988	169.81
814.002	176.067
814.017	182.729
814.032	189.85
814.046	197.336
814.061	205.235
814.076	213.548
814.105	231.47
814.135	251.021
814.164	272.15
814.194	294.701
814.223	318.727
814.253	343.936
814.282	370.257
814.312	397.513
814.37	454.104
814.429	511.764
814.47	550.647
814.51	588.226
814.539	614.678
814.568	639.713
814.598	663.221
814.627	684.778
814.657	704.22
814.686	721.324
814.724	739.478
814.761	753.145
814.8	762.25
814.807	763.279
814.827	765.601
814.848	766.384
814.89	763.382
814.93	754.997
814.97	741.507
815.01	722.732
815.051	699.435
815.092	672.189
815.133	641.633
815.164	616.142
815.196	589.396
815.259	533.511
815.34	459.517
815.381	423.222
815.421	388.018
815.462	354.294
815.483	338.049
815.503	322.362
815.523	307.106
815.543	292.45
815.564	278.268
815.584	264.71
815.605	251.651
815.625	239.164
815.645	227.249
815.666	215.957
815.686	205.171
815.706	194.989
815.727	185.299
815.747	176.184
815.767	167.538
815.788	159.43
815.808	151.763
815.828	144.593
815.849	137.83
815.869	131.522
815.89	125.584
815.91	120.057
815.93	114.864
815.951	110.014
815.971	105.487
815.991	101.284
816.012	97.3439
816.032	93.6879
816.053	90.2625
816.073	87.0844
816.093	84.1065
816.114	81.3427
816.134	78.7514
816.154	76.3446
816.175	74.0857
816.195	71.9849
816.215	70.0102
816.236	68.1707
816.251	66.8194
816.267	65.5416
816.283	64.3172
816.299	63.1579
816.33	60.9905
816.361	59.0198
816.393	57.2105
816.424	55.5546
816.456	54.0243
816.487	52.6143
816.519	51.3025
816.55	50.086
816.582	48.9472
816.613	47.8846
816.645	46.8842
816.676	45.9459
816.707	45.0579
816.739	44.221
816.78	43.1986
816.82	42.2447
816.861	41.3496
816.902	40.5076
816.943	39.7117
816.983	38.9616
817.024	38.2512
817.065	37.5775
817.106	36.9357
817.146	36.3266
817.228	35.1923
817.309	34.157
817.39	33.2078
817.479	32.257
817.568	31.3856
817.657	30.5829
817.746	29.8408
817.834	29.1524
817.923	28.512
818.012	27.9144
818.101	27.3554
818.182	26.873
818.264	26.4179
818.345	25.987
818.427	25.5785
818.59	24.8208
818.752	24.1332
818.915	23.5048
819.078	22.9278
819.241	22.3945
819.404	21.8993
819.611	21.3152
819.818	20.7745
820.025	20.2682
820.129	20.0256
820.233	19.7885
820.351	19.5231
820.469	19.2621
820.581	19.0199
820.692	18.78
820.747	18.6609
820.803	18.5431
820.858	18.4274
820.914	18.3151
820.969	18.2083
820.997	18.158
821.025	18.1106
821.053	18.0665
821.08	18.0267
821.108	17.9919
821.136	17.9634
821.164	17.9423
821.191	17.93
821.219	17.9282
821.247	17.9387
821.275	17.9637
821.302	18.0053
821.33	18.0665
821.358	18.1496
821.384	18.2504
821.41	18.3757
821.436	18.5287
821.462	18.7124
821.475	18.8171
821.487	18.9299
821.5	19.053
821.513	19.1848
821.526	19.3278
821.539	19.4802
821.552	19.6449
821.565	19.8198
821.578	20.0079
821.591	20.2068
821.604	20.42
821.617	20.6447
821.63	20.8847
821.643	21.1367
821.656	21.405
821.669	21.6858
821.682	21.9839
821.695	22.2949
821.708	22.624
821.721	22.9663
821.746	23.7021
821.772	24.5039
821.79	25.0867
821.808	25.7006
821.825	26.3454
821.843	27.021
821.878	28.4626
821.913	30.0158
821.948	31.681
821.983	33.4371
822.054	37.1787
822.135	41.7015
822.176	43.9477
822.216	46.1254
822.261	48.3687
822.305	50.4163
822.335	51.6446
822.364	52.7452
822.385	53.4221
822.405	54.0248
822.427	54.5986
822.442	54.9298
822.456	55.2021
822.466	55.3778
822.476	55.5255
822.482	55.6139
822.488	55.6855
822.5	55.81
822.505	55.8575
822.519	55.9481
822.53	55.998
822.546	56.0211
822.562	55.9925
822.583	55.8703
822.615	55.5216
822.641	55.0895
822.667	54.5314
822.701	53.6006
822.736	52.4791
822.768	51.2969
822.799	49.9927
822.831	48.5826
822.862	47.0868
822.909	44.7931
822.955	42.428
823.001	40.0398
823.047	37.6915
823.078	36.1174
823.11	34.5986
823.142	33.1361
823.173	31.7475
823.189	31.0771
823.205	30.4306
823.221	29.8041
823.237	29.1982
823.252	28.6095
823.268	28.0456
823.284	27.5028
823.3	26.9811
823.314	26.5241
823.329	26.0844
823.343	25.6619
823.357	25.2565
823.372	24.8679
823.386	24.4958
823.401	24.1398
823.415	23.802
823.429	23.4772
823.444	23.1675
823.458	22.8724
823.472	22.5915
823.487	22.3243
823.501	22.0704
823.516	21.8293
823.53	21.6021
823.544	21.3851
823.559	21.1794
823.573	20.9847
823.588	20.8003
823.602	20.6259
823.616	20.4609
823.645	20.1586
823.674	19.8877
823.703	19.6468
823.731	19.4311
823.76	19.2392
823.792	19.0508
823.823	18.8844
823.855	18.7363
823.887	18.6046
823.918	18.4863
823.95	18.3803
823.982	18.284
824.013	18.1966
824.045	18.1163
824.077	18.0426
824.14	17.9102
824.203	17.7937
824.266	17.689
824.33	17.5934
824.393	17.505
824.52	17.3441
824.646	17.1996
824.773	17.0675
824.899	16.9452
825.026	16.8313
825.279	16.6236
825.463	16.4862
825.647	16.3583
826.016	16.1257
826.384	15.9177
826.752	15.7293
827.051	15.588
827.351	15.4559
827.949	15.2146
828.547	14.9986
829.146	14.803
829.652	14.6507
830.158	14.5089
830.665	14.3762
831.171	14.2516
832.184	14.023
833.197	13.8169
834.485	13.5805
835.774	13.3667
837.063	13.1692
838.352	12.9836
839.457	12.8303
840.285	12.7164
841.114	12.6011
841.943	12.481
842.357	12.4175
842.771	12.3501
843.162	12.2812
843.554	12.2045
843.749	12.1618
843.945	12.1152
844.141	12.0636
844.238	12.0357
844.336	12.0069
844.388	11.9916
844.44	11.9766
844.492	11.9624
844.543	11.9498
844.595	11.9397
844.647	11.9338
844.699	11.9338
844.75	11.9426
844.776	11.9513
844.802	11.9636
844.828	11.9799
844.854	12.0011
844.88	12.0278
844.906	12.0607
844.932	12.1008
844.958	12.1488
844.983	12.206
845.009	12.2734
845.035	12.352
845.061	12.4431
845.087	12.5479
845.113	12.6677
845.139	12.8037
845.165	12.9566
845.192	13.1395
845.219	13.3441
845.247	13.5733
845.274	13.8266
845.301	14.1071
845.329	14.4136
845.356	14.7478
845.383	15.1101
845.411	15.502
845.438	15.9206
845.465	16.3684
845.493	16.8409
845.52	17.3403
845.548	17.8611
845.602	18.9624
845.66	20.1875
845.717	21.4399
845.775	22.6789
845.803	23.2798
845.832	23.8573
845.86	24.3832
845.887	24.8772
845.914	25.3379
845.942	25.7571
845.972	26.1695
846.002	26.5225
846.034	26.8236
846.054	26.9768
846.068	27.0676
846.077	27.1142
846.085	27.1519
846.095	27.1926
846.1	27.2113
846.107	27.2329
846.118	27.2572
846.131	27.2739
846.144	27.277
846.164	27.2554
846.195	27.161
846.221	27.0243
846.247	26.8381
846.275	26.5802
846.303	26.2689
846.332	25.9084
846.36	25.5031
846.386	25.0955
846.412	24.6586
846.464	23.7152
846.568	21.6641
846.62	20.6196
846.646	20.1059
846.672	19.6039
846.698	19.1124
846.724	18.6377
846.75	18.178
846.775	17.7385
846.801	17.3173
846.827	16.917
846.854	16.5384
846.879	16.1833
846.905	15.849
846.931	15.5381
846.957	15.2478
846.983	14.9799
847.008	14.7427
847.033	14.5237
847.058	14.3221
847.082	14.1371
847.107	13.9678
847.132	13.8132
847.157	13.6725
847.182	13.5452
847.206	13.4293
847.231	13.3244
847.256	13.2296
847.281	13.1443
847.305	13.0672
847.33	12.9976
847.355	12.935
847.38	12.8788
847.404	12.828
847.429	12.7822
847.479	12.7035
847.528	12.6388
847.578	12.5851
847.627	12.54
847.677	12.5015
847.727	12.4681
847.776	12.4386
847.833	12.4086
847.889	12.3817
848.003	12.3341
848.116	12.2925
848.229	12.2549
848.418	12.1982
848.607	12.147
848.984	12.0549
849.362	11.9711
849.74	11.8913
850.268	11.7816
850.797	11.6694
851.325	11.5501
851.59	11.486
851.854	11.418
852.213	11.3174
852.571	11.2043
852.751	11.1415
852.93	11.0737
853.109	10.9996
853.289	10.9181
853.496	10.812
853.6	10.7532
853.704	10.69
853.808	10.6221
853.912	10.5496
853.964	10.5119
854.016	10.4738
854.068	10.436
854.12	10.3996
854.155	10.3763
854.19	10.3551
854.226	10.337
854.261	10.323
854.297	10.3146
854.332	10.3137
854.367	10.3225
854.403	10.3437
854.438	10.3806
854.474	10.4371
854.491	10.4741
854.509	10.5178
854.527	10.5688
854.544	10.6279
854.562	10.6958
854.58	10.7735
854.597	10.8618
854.615	10.9617
854.633	11.0742
854.651	11.2002
854.668	11.341
854.686	11.4976
854.699	11.6234
854.712	11.7589
854.725	11.9046
854.738	12.0598
854.751	12.2273
854.764	12.4066
854.777	12.5981
854.79	12.8009
854.803	13.0185
854.816	13.2501
854.829	13.4961
854.842	13.7551
854.855	14.0316
854.868	14.3241
854.881	14.6333
854.894	14.9571
854.907	15.301
854.92	15.663
854.933	16.0437
854.946	16.4403
854.959	16.8594
854.971	17.2985
854.985	17.7578
854.997	18.2339
855.023	19.2566
855.049	20.3604
855.075	21.5552
855.101	22.8321
855.132	24.4568
855.163	26.1995
855.193	28.0553
855.224	30.017
855.255	32.0749
855.285	34.2172
855.347	38.687
855.427	44.7197
855.467	47.6972
855.507	50.579
855.554	53.7721
855.578	55.2611
855.602	56.6636
855.628	58.096
855.654	59.3926
855.694	61.1157
855.701	61.3786
855.727	62.2511
855.743	62.717
855.756	63.037
855.768	63.2848
855.775	63.4174
855.784	63.5723
855.798	63.7497
855.8	63.7768
855.804	63.8147
855.818	63.9307
855.829	63.9803
855.839	63.9986
855.857	63.961
855.878	63.8083
855.899	63.5414
855.919	63.1622
855.94	62.6736
855.966	61.8977
855.993	60.9591
856.034	59.1811
856.076	57.0812
856.11	55.1509
856.144	53.0752
856.211	48.6018
856.294	42.8561
856.336	39.9971
856.377	37.2163
856.417	34.6582
856.437	33.4253
856.456	32.2271
856.476	31.066
856.496	29.9441
856.516	28.863
856.536	27.8291
856.555	26.833
856.575	25.8806
856.595	24.9722
856.615	24.1079
856.635	23.2876
856.654	22.5106
856.674	21.7764
856.694	21.0875
856.708	20.6161
856.722	20.1684
856.736	19.7375
856.75	19.3291
856.765	18.9369
856.779	18.5658
856.793	18.2125
856.807	17.8763
856.821	17.5546
856.835	17.2513
856.849	16.9614
856.863	16.6884
856.878	16.4279
856.892	16.183
856.906	15.9511
856.92	15.7317
856.934	15.5229
856.948	15.3269
856.962	15.1404
856.977	14.9656
857.005	14.6435
857.033	14.3577
857.061	14.1023
857.09	13.8755
857.118	13.6726
857.146	13.4921
857.176	13.3198
857.207	13.1662
857.237	13.0289
857.267	12.9058
857.297	12.7943
857.327	12.6933
857.357	12.6005
857.387	12.5153
857.448	12.3624
857.508	12.2272
857.568	12.1045
857.629	11.9908
857.719	11.8314
857.81	11.6809
857.855	11.6081
857.9	11.5371
857.945	11.4682
857.99	11.4018
858.03	11.3467
858.07	11.2952
858.109	11.2489
858.149	11.2096
858.188	11.1798
858.228	11.1624
858.268	11.1615
858.287	11.1688
858.307	11.182
858.327	11.2021
858.347	11.2299
858.367	11.2664
858.386	11.3125
858.406	11.3696
858.426	11.4387
858.446	11.5213
858.466	11.6182
858.485	11.7319
858.505	11.8637
858.525	12.0154
858.545	12.1887
858.564	12.3857
858.584	12.6084
858.604	12.859
858.624	13.1382
858.645	13.4679
858.665	13.8343
858.686	14.2437
858.707	14.6952
858.728	15.1959
858.748	15.7439
858.769	16.3444
858.79	17
858.81	17.7172
858.831	18.4916
858.852	19.3289
858.873	20.2314
858.893	21.2057
858.914	22.2443
858.935	23.3531
858.955	24.533
858.972	25.5556
858.989	26.6267
859.006	27.7462
859.023	28.9067
859.057	31.3751
859.091	34.0242
859.125	36.8503
859.159	39.8201
859.193	42.9204
859.227	46.1251
859.268	50.146
859.31	54.2042
859.351	58.2482
859.393	62.182
859.434	65.9445
859.476	69.4454
859.506	71.7835
859.536	73.9063
859.572	76.1252
859.575	76.3341
859.586	76.8997
859.596	77.433
859.617	78.3951
859.638	79.2204
859.65	79.6439
859.66	79.9624
859.671	80.2415
859.682	80.5014
859.696	80.7731
859.7	80.8348
859.704	80.8912
859.719	81.0631
859.735	81.1476
859.75	81.1517
859.765	81.0763
859.792	80.7343
859.822	80.0611
859.864	78.6652
859.894	77.3086
859.924	75.6996
859.965	73.131
860.006	70.1935
860.066	65.3667
860.127	60.1352
860.209	52.7564
860.25	49.1153
860.291	45.5784
860.321	43.0728
860.351	40.6634
860.382	38.3623
860.412	36.1862
860.442	34.1276
860.457	33.1468
860.472	32.2049
860.487	31.2897
860.502	30.4076
860.517	29.5587
860.532	28.748
860.556	27.5529
860.579	26.4343
860.591	25.9011
860.602	25.3908
860.614	24.8943
860.626	24.4199
860.637	23.959
860.649	23.5191
860.661	23.0924
860.672	22.6857
860.684	22.2917
860.696	21.9166
860.707	21.5536
860.719	21.2085
860.731	20.8749
860.742	20.5582
860.754	20.2523
860.765	19.9621
860.789	19.4169
860.812	18.9192
860.835	18.4656
860.859	18.0529
860.882	17.6778
860.905	17.3374
860.92	17.1338
860.935	16.9429
860.951	16.7637
860.965	16.5968
860.996	16.2913
861.026	16.0235
861.056	15.7869
861.086	15.5791
861.116	15.395
861.146	15.2326
861.177	15.0879
861.207	14.9593
861.237	14.8438
861.267	14.7403
861.297	14.6465
861.327	14.5615
861.388	14.4123
861.437	14.3067
861.486	14.2131
861.536	14.1285
861.585	14.0517
861.684	13.9157
861.782	13.7976
861.881	13.693
861.98	13.5991
862.078	13.514
862.177	13.4363
862.298	13.3496
862.418	13.2709
862.66	13.1325
862.901	13.0141
863.142	12.911
863.35	12.8317
863.559	12.7597
863.975	12.6334
864.392	12.5249
864.809	12.4298
865.291	12.3324
865.774	12.2453
866.256	12.1662
866.739	12.0934
867.265	12.0195
867.791	11.9501
868.844	11.8211
869.896	11.7004
870.949	11.5835
872.002	11.4666
872.879	11.3665
873.756	11.2615
874.633	11.1483
875.51	11.023
875.993	10.9467
876.476	10.8635
876.958	10.7713
877.44	10.6676
877.813	10.5772
878.186	10.4753
878.559	10.3585
878.745	10.2931
878.932	10.2218
879.173	10.1194
879.414	10.0029
879.535	9.93813
879.655	9.86823
879.776	9.79248
879.897	9.71
879.99	9.64105
880.083	9.56713
880.176	9.48801
880.269	9.40403
880.363	9.31681
880.409	9.27318
880.456	9.23073
880.502	9.19085
880.549	9.15555
880.596	9.12763
880.642	9.11089
880.672	9.10836
880.702	9.11434
880.733	9.13092
880.763	9.16042
880.793	9.20585
880.823	9.27019
880.853	9.35764
880.883	9.47194
880.914	9.61874
880.929	9.7059
880.944	9.80255
880.959	9.91075
880.974	10.0307
880.989	10.1634
881.004	10.3085
881.019	10.4691
881.034	10.6452
881.049	10.8379
881.064	11.0466
881.079	11.2754
881.094	11.5241
881.11	11.7937
881.125	12.0835
881.136	12.3255
881.148	12.5821
881.16	12.854
881.171	13.1391
881.183	13.443
881.195	13.761
881.206	14.0993
881.218	14.4527
881.23	14.8278
881.241	15.2188
881.253	15.633
881.264	16.0639
881.276	16.5195
881.288	16.9926
881.311	18.0091
881.334	19.1175
881.358	20.3216
881.381	21.6246
881.404	23.0293
881.428	24.5379
881.451	26.1519
881.474	27.8721
881.498	29.6983
881.528	32.2215
881.558	34.9072
881.588	37.7657
881.618	40.7672
881.648	43.9177
881.678	47.1789
881.709	50.5519
881.739	53.9905
881.81	62.2818
881.846	66.4112
881.881	70.4401
881.928	75.482
881.974	80.1394
882.001	82.5319
882.027	84.7342
882.035	85.3881
882.059	87.2313
882.09	89.1981
882.118	90.7899
882.133	91.4929
882.149	92.1164
882.164	92.6423
882.179	93.0804
882.196	93.4645
882.2	93.5405
882.203	93.5887
882.212	93.72
882.221	93.8146
882.24	93.8989
882.261	93.8202
882.282	93.5586
882.307	93.0157
882.328	92.3653
882.349	91.5485
882.392	89.4276
882.426	87.2441
882.461	84.7019
882.503	81.1702
882.545	77.2672
882.579	73.8508
882.614	70.2931
882.683	62.9642
882.725	58.458
882.767	54.0315
882.809	49.7501
882.83	47.6813
882.851	45.6776
882.884	42.6877
882.917	39.8571
882.933	38.5051
882.949	37.1968
882.966	35.9328
882.982	34.7211
882.998	33.547
883.014	32.4183
883.031	31.335
883.047	30.3031
883.063	29.3094
883.079	28.36
883.096	27.4541
883.112	26.5962
883.133	25.5408
883.154	24.5534
883.175	23.6318
883.196	22.7771
883.217	21.9786
883.238	21.2377
883.26	20.5515
883.281	19.9198
883.302	19.3339
883.323	18.7938
883.344	18.2966
883.365	17.8416
883.386	17.4218
883.407	17.0367
883.428	16.6836
883.449	16.3617
883.466	16.117
883.484	15.8907
883.501	15.679
883.518	15.4832
883.535	15.3001
883.553	15.1307
883.587	14.8255
883.622	14.5607
883.656	14.3303
883.691	14.129
883.725	13.953
883.76	13.7971
883.794	13.6588
883.828	13.5353
883.863	13.4244
883.897	13.3237
883.932	13.2317
884.001	13.0693
884.085	12.8997
884.169	12.753
884.254	12.6229
884.338	12.5056
884.422	12.3982
884.507	12.2991
884.675	12.12
884.828	11.9744
884.982	11.8413
885.135	11.7177
885.288	11.6014
885.442	11.4906
885.595	11.3838
885.748	11.2798
885.901	11.1776
886.147	11.015
886.392	10.8505
886.53	10.7555
886.668	10.6581
886.806	10.5572
886.944	10.4524
887.082	10.3423
887.22	10.2263
887.358	10.1028
887.495	9.97076
887.664	9.79505
887.748	9.70031
887.833	9.60036
887.917	9.49476
888.001	9.38321
888.086	9.26579
888.17	9.14343
888.247	9.03001
888.285	8.97388
888.323	8.91914
888.362	8.86681
888.4	8.81872
888.438	8.77674
888.476	8.74353
888.515	8.72243
888.553	8.71787
888.591	8.73518
888.63	8.78106
888.649	8.81733
888.668	8.86373
888.687	8.92208
888.706	8.99317
888.726	9.07933
888.745	9.18133
888.764	9.3021
888.783	9.44236
888.804	9.62321
888.825	9.83424
888.846	10.0788
888.867	10.3591
888.888	10.6815
888.909	11.0489
888.931	11.4657
888.952	11.9339
888.973	12.463
888.994	13.0556
889.015	13.7171
889.036	14.449
889.046	14.8481
889.057	15.2639
889.078	16.1639
889.099	17.1547
889.12	18.2366
889.141	19.4255
889.162	20.7219
889.184	22.1313
889.204	23.6512
889.226	25.301
889.247	27.0781
889.268	28.9867
889.289	31.0202
889.31	33.201
889.331	35.5217
889.352	37.9841
889.373	40.5758
889.394	43.3214
889.415	46.2075
889.436	49.2317
889.457	52.3752
889.48	55.9656
889.503	59.7026
889.526	63.5768
889.549	67.5769
889.595	75.9004
889.641	84.5286
889.707	97.0378
889.772	109.363
889.8	114.618
889.829	119.662
889.833	120.313
889.846	122.59
889.86	124.79
889.902	131.264
889.944	136.961
889.981	141.17
890.002	143.253
890.023	145.082
890.044	146.635
890.065	147.899
890.087	148.928
890.1	149.369
890.104	149.475
890.116	149.758
890.128	149.94
890.15	150.02
890.173	149.754
890.196	149.148
890.233	147.423
890.256	145.947
890.278	144.162
890.303	141.878
890.328	139.276
890.373	133.714
890.419	127.313
890.464	120.242
890.51	112.69
890.584	99.7752
890.621	93.2539
890.658	86.8288
890.704	79.1657
890.726	75.4661
890.749	71.8656
890.772	68.3596
890.795	64.988
890.817	61.7426
890.84	58.6295
890.867	55.1178
890.894	51.8152
890.92	48.7109
890.947	45.8052
890.961	44.4162
890.974	43.0866
890.988	41.8053
891.001	40.5718
891.014	39.3854
891.028	38.2452
891.041	37.1506
891.055	36.1006
891.066	35.2417
891.077	34.4138
891.089	33.6161
891.1	32.8547
891.112	32.1155
891.123	31.4106
891.134	30.7269
891.146	30.0756
891.157	29.4446
891.168	28.8442
891.18	28.263
891.191	27.7104
891.202	27.176
891.214	26.6684
891.225	26.1779
891.236	25.7123
891.259	24.8327
891.282	24.0316
891.305	23.2995
891.327	22.6313
891.35	22.0217
891.373	21.4661
891.395	20.9599
891.418	20.4988
891.441	20.077
891.463	19.6945
891.486	19.3458
891.509	19.0278
891.532	18.7374
891.554	18.472
891.577	18.2291
891.6	18.0064
891.622	17.801
891.645	17.6128
891.668	17.4392
891.691	17.2786
891.736	16.9916
891.781	16.7423
891.819	16.5611
891.856	16.397
891.893	16.2475
891.93	16.1106
892.004	15.8664
892.079	15.6537
892.153	15.465
892.227	15.2958
892.302	15.1424
892.376	15.0022
892.467	14.8458
892.558	14.7038
892.649	14.5737
892.739	14.4544
892.921	14.2419
893.103	14.0582
893.227	13.9464
893.351	13.8439
893.598	13.662
893.846	13.5051
894.094	13.3682
894.457	13.1956
894.821	13.0491
895.184	12.9229
895.547	12.8125
896.043	12.6822
896.538	12.5701
897.034	12.4721
897.529	12.3854
898.256	12.2743
898.983	12.1781
899.71	12.0934
900.436	12.0179
901.56	11.9152
902.683	11.8256
903.806	11.7458
904.929	11.6737
906.779	11.5678
908.629	11.4736
910.479	11.3882
912.329	11.309
914.707	11.2141
917.086	11.1247
919.464	11.0391
921.843	10.9558
923.957	10.8828
927.128	10.7735
930.299	10.6624
933.471	10.5472
936.642	10.4251
939.02	10.327
941.399	10.2212
943.777	10.1051
946.156	9.97505
947.345	9.90287
948.534	9.82453
949.724	9.73842
950.913	9.64204
951.639	9.57632
952.366	9.50371
953.093	9.42183
953.456	9.37628
953.82	9.32676
954.216	9.26694
954.613	9.19911
955.009	9.12007
955.207	9.07482
955.405	9.02452
955.554	8.9827
955.703	8.93688
955.777	8.91238
955.851	8.88707
955.926	8.86129
956	8.83586
956.046	8.82107
956.091	8.80749
956.136	8.79582
956.182	8.78701
956.227	8.78231
956.273	8.7834
956.318	8.79235
956.363	8.81181
956.409	8.84513
956.432	8.86813
956.454	8.89614
956.477	8.92975
956.5	8.96965
956.522	9.01656
956.545	9.07126
956.568	9.13459
956.59	9.20742
956.613	9.29071
956.636	9.38543
956.659	9.49262
956.681	9.61335
956.704	9.74875
956.727	9.89994
956.756	10.1179
956.785	10.3651
956.813	10.6446
956.828	10.7978
956.842	10.9589
956.857	11.1303
956.871	11.3101
956.886	11.5009
956.9	11.7004
956.915	11.9116
956.929	12.1317
956.944	12.3641
956.958	12.6058
956.972	12.8601
956.987	13.1239
957.016	13.687
957.045	14.2957
957.074	14.9499
957.102	15.6491
957.131	16.3922
957.16	17.1774
957.189	18.0021
957.224	19.0522
957.259	20.1486
957.33	22.4441
957.4	24.801
957.435	25.9698
957.47	27.1129
957.503	28.1536
957.536	29.1424
957.569	30.0698
957.602	30.924
957.637	31.7414
957.672	32.448
957.694	32.8259
957.716	33.1544
957.738	33.4466
957.74	33.4708
957.749	33.5617
957.757	33.6441
957.768	33.7452
957.78	33.832
957.785	33.8702
957.796	33.932
957.8	33.9517
957.804	33.97
957.816	34.0129
957.827	34.0372
957.839	34.047
957.853	34.0387
957.875	33.9788
957.909	33.7759
957.936	33.5324
957.962	33.2155
957.986	32.8601
958.011	32.4479
958.035	31.9825
958.059	31.4676
958.104	30.4081
958.148	29.2269
958.193	27.9479
958.237	26.6068
958.319	24.0894
958.359	22.838
958.4	21.6138
958.44	20.4317
958.481	19.3038
958.501	18.7621
958.521	18.24
958.541	17.7331
958.562	17.2472
958.579	16.846
958.596	16.4611
958.613	16.0903
958.63	15.7337
958.648	15.3893
958.665	15.0611
958.682	14.7471
958.699	14.447
958.717	14.159
958.734	13.8863
958.751	13.6269
958.768	13.3805
958.786	13.1467
958.803	12.9253
958.82	12.7158
958.837	12.5179
958.854	12.3301
958.872	12.1541
958.889	11.9884
958.906	11.8325
958.923	11.6862
958.94	11.5488
958.958	11.4199
958.975	11.2992
959.009	11.08
959.044	10.8891
959.078	10.7226
959.112	10.5777
959.141	10.4725
959.169	10.3787
959.198	10.2952
959.226	10.221
959.254	10.1544
959.283	10.0951
959.339	9.99393
959.396	9.91158
959.453	9.84352
959.51	9.78624
959.566	9.7371
959.623	9.69412
959.68	9.65583
959.793	9.58933
959.906	9.53204
960.02	9.48095
960.15	9.42796
960.279	9.37938
960.538	9.29171
960.895	9.18508
961.251	9.08844
961.608	8.99765
961.964	8.91014
962.353	8.81633
962.742	8.72269
963.131	8.62787
963.519	8.53088
963.908	8.4307
964.297	8.3265
964.686	8.21734
965.075	8.10239
965.723	7.89518
966.047	7.78291
966.371	7.66397
966.695	7.53748
967.019	7.40262
967.343	7.25826
967.667	7.10325
968.024	6.91861
968.38	6.71715
968.737	6.49624
968.915	6.37762
969.093	6.25297
969.271	6.12174
969.45	5.98359
969.628	5.83786
969.806	5.68397
969.984	5.52117
970.162	5.34896
970.341	5.16651
970.519	4.97306
970.632	4.84378
970.746	4.70966
970.859	4.57042
970.972	4.42592
971.086	4.2759
971.199	4.12058
971.313	3.95989
971.426	3.794
971.515	3.66026
971.604	3.52386
971.693	3.38528
971.783	3.24519
971.872	3.10462
971.961	2.96502
972.05	2.82851
972.139	2.69826
972.228	2.579
972.273	2.52577
972.317	2.47857
972.362	2.43885
972.406	2.40891
972.451	2.39135
972.495	2.38973
972.54	2.40852
972.562	2.42732
972.585	2.45336
972.607	2.48786
972.629	2.53181
972.652	2.58646
972.674	2.65287
972.696	2.73322
972.718	2.82901
972.741	2.94223
972.763	3.07447
972.785	3.22941
972.807	3.4093
972.83	3.61723
972.852	3.85554
972.87	4.07814
972.888	4.32543
972.907	4.60105
972.925	4.9077
972.943	5.25027
972.961	5.62819
972.979	6.04664
972.998	6.50927
973.016	7.02296
973.025	7.29783
973.034	7.58634
973.043	7.88906
973.052	8.20658
973.061	8.53952
973.071	8.88851
973.08	9.25831
973.089	9.64156
973.098	10.0429
973.107	10.463
973.116	10.9026
973.125	11.3625
973.134	11.8434
973.144	12.3462
973.155	12.9962
973.166	13.6758
973.177	14.3988
973.188	15.1541
973.196	15.7304
973.21	16.7944
973.225	17.9216
973.235	18.7829
973.245	19.6755
973.255	20.6089
973.265	21.5847
973.275	22.6146
973.285	23.6799
973.295	24.7922
973.306	25.9529
973.317	27.2986
973.328	28.6951
973.339	30.1698
973.35	31.6986
973.361	33.3113
973.372	34.9813
973.384	36.741
973.395	38.5613
973.406	40.4771
973.417	42.4567
973.428	44.5379
973.439	46.6859
973.462	51.2672
973.484	56.1952
973.506	61.5318
973.528	67.2721
973.551	73.4321
973.573	79.9957
973.595	87.0351
973.618	94.5336
973.64	102.501
973.662	110.905
973.678	117.338
973.694	124.027
973.711	130.97
973.727	138.169
973.759	153.324
973.792	169.467
973.814	181.133
973.836	193.231
973.881	218.574
973.925	245.389
973.97	273.267
974.059	330.99
974.103	359.962
974.148	388.266
974.193	415.503
974.237	441.016
974.274	460.334
974.31	477.861
974.355	496.598
974.399	511.907
974.432	520.898
974.465	527.705
974.5	532.465
974.506	533.013
974.525	534.307
974.543	534.847
974.581	533.692
974.621	529.294
974.66	521.766
974.702	510.762
974.743	496.791
974.784	480.164
974.826	461.234
974.882	432.359
974.938	400.985
975.021	352.41
975.062	327.87
975.104	303.598
975.145	279.832
975.186	256.942
975.228	235.076
975.248	224.556
975.269	214.399
975.305	197.576
975.323	189.527
975.34	181.784
975.358	174.263
975.376	167.051
975.394	160.106
975.412	153.427
975.43	146.978
975.447	140.828
975.465	134.937
975.483	129.303
975.501	123.89
975.519	118.754
975.537	113.859
975.554	109.198
975.575	104.063
975.596	99.225
975.616	94.6728
975.637	90.4144
975.658	86.3964
975.678	82.6459
975.699	79.1141
975.72	75.8231
975.74	72.7291
975.761	69.8368
975.782	67.1344
975.802	64.6226
975.823	62.266
975.844	60.0769
975.864	58.0239
975.885	56.1173
975.909	54.0143
975.934	52.0838
975.958	50.3034
975.983	48.6604
976.007	47.1431
976.031	45.7405
976.056	44.4426
976.08	43.2401
976.105	42.12
976.129	41.0837
976.154	40.1191
976.178	39.2199
976.202	38.3802
976.227	37.5944
976.251	36.8579
976.276	36.1661
976.317	35.0838
976.358	34.1045
976.399	33.2115
976.441	32.3929
976.482	31.639
976.523	30.9414
976.565	30.2934
976.606	29.6892
976.647	29.1225
976.689	28.5919
976.771	27.6213
976.854	26.7534
976.937	25.9712
977.019	25.2607
977.102	24.6135
977.184	24.0202
977.267	23.4741
977.35	22.969
977.432	22.5013
977.515	22.0663
977.597	21.6607
977.748	20.9885
977.898	20.3893
978.048	19.8508
978.198	19.3644
978.349	18.9219
978.499	18.5179
978.649	18.1469
978.799	17.8047
978.965	17.4571
979.13	17.1358
979.295	16.8375
979.461	16.5591
979.626	16.2977
979.791	16.051
979.956	15.8166
980.121	15.5924
980.242	15.4345
980.362	15.2807
980.482	15.1313
980.538	15.0633
980.595	14.9975
980.651	14.9343
980.707	14.8752
980.764	14.8217
980.82	14.776
980.876	14.7413
980.905	14.7291
980.933	14.7212
980.961	14.7182
980.989	14.7209
981.017	14.7299
981.045	14.7462
981.074	14.7707
981.102	14.8045
981.13	14.8487
981.158	14.9041
981.186	14.9723
981.214	15.0545
981.243	15.152
981.271	15.2655
981.299	15.3972
981.327	15.5475
981.355	15.7187
981.383	15.9108
981.41	16.1109
981.436	16.3315
981.462	16.5733
981.489	16.8369
981.515	17.1226
981.541	17.4306
981.567	17.761
981.594	18.1135
981.62	18.4877
981.646	18.883
981.673	19.2983
981.699	19.7324
981.752	20.6507
981.804	21.6204
981.864	22.7701
981.924	23.9276
981.984	25.0522
982.014	25.5895
982.044	26.1006
982.071	26.5242
982.097	26.9214
982.123	27.2887
982.15	27.6232
982.178	27.9419
982.206	28.2161
982.24	28.4818
982.26	28.61
982.266	28.6399
982.276	28.6897
982.287	28.7326
982.297	28.7692
982.3	28.7777
982.307	28.7959
982.317	28.8187
982.329	28.8354
982.341	28.8426
982.363	28.8315
982.393	28.7641
982.419	28.6589
982.445	28.511
982.473	28.3041
982.501	28.051
982.529	27.7546
982.557	27.4194
982.609	26.7047
982.661	25.8915
982.712	25.0046
982.764	24.0705
982.859	22.319
982.907	21.4603
982.931	21.041
982.954	20.6326
982.978	20.2332
983.002	19.8473
983.026	19.4726
983.049	19.1131
983.073	18.7664
983.097	18.436
983.12	18.1207
983.144	17.8208
983.166	17.5608
983.187	17.3137
983.209	17.0792
983.231	16.8572
983.252	16.6476
983.274	16.4499
983.295	16.2639
983.317	16.0892
983.339	15.9254
983.36	15.7721
983.382	15.6288
983.403	15.495
983.425	15.3703
983.447	15.2542
983.468	15.1461
983.49	15.0462
983.511	14.9529
983.533	14.8663
983.576	14.7113
983.619	14.578
983.662	14.4633
983.706	14.3639
983.749	14.2777
983.792	14.2024
983.835	14.1363
983.874	14.0831
983.913	14.035
983.952	13.9912
983.991	13.951
984.068	13.879
984.146	13.8155
984.224	13.7581
984.301	13.7052
984.457	13.609
984.612	13.522
984.768	13.4417
985.079	13.2965
985.493	13.1259
985.908	12.9747
986.322	12.8381
986.736	12.7131
987.496	12.507
988.256	12.3243
989.016	12.1593
989.776	12.0081
990.95	11.7951
992.125	11.6004
993.299	11.4177
994.474	11.2425
995.786	11.0501
997.099	10.8557
997.755	10.7556
998.411	10.6526
999.067	10.5455
999.724	10.4329
1000	10.3834
1000.96	10.1999
1001.6	10.065
1002.24	9.91733
1002.88	9.75275
1003.2	9.66285
1003.52	9.5668
1003.96	9.42271
1004.41	9.26272
1004.85	9.08235
1005.07	8.98338
1005.29	8.87746
1005.61	8.70854
1005.93	8.52013
1006.09	8.41647
1006.25	8.30671
1006.41	8.1895
1006.57	8.06398
1006.79	7.87598
1007.01	7.66739
1007.12	7.55425
1007.23	7.43453
1007.34	7.30764
1007.45	7.17295
1007.55	7.03515
1007.66	6.89026
1007.76	6.73641
1007.87	6.57313
1007.97	6.40025
1008.08	6.21849
1008.13	6.12409
1008.18	6.03053
1008.24	5.93524
1008.29	5.84334
1008.34	5.75034
1008.4	5.66544
1008.45	5.59421
1008.51	5.54457
1008.54	5.531
1008.56	5.5276
1008.59	5.53621
1008.62	5.55855
1008.65	5.59911
1008.67	5.65808
1008.7	5.74359
1008.73	5.85361
1008.76	6.00116
1008.79	6.18839
1008.81	6.42173
1008.84	6.69713
1008.85	6.8618
1008.87	7.0428
1008.88	7.24128
1008.9	7.44229
1008.91	7.67793
1008.92	7.93474
1008.94	8.2141
1008.95	8.49495
1008.96	8.82192
1008.98	9.17583
1008.99	9.55832
1009.01	9.94054
1009.02	10.3829
1009.03	10.859
1009.05	11.3707
1009.06	11.8793
1009.07	12.465
1009.09	13.0921
1009.1	13.7626
1009.12	14.4259
1009.13	15.1862
1009.14	15.9963
1009.16	16.8584
1009.17	17.7075
1009.18	18.464
1009.19	19.2564
1009.21	20.8731
1009.23	22.633
1009.25	24.5439
1009.28	26.7161
1009.3	28.9602
1009.32	31.3785
1009.34	33.9781
1009.36	36.9031
1009.38	39.8941
1009.4	43.0851
1009.42	46.481
1009.45	50.263
1009.47	54.0905
1009.49	58.1327
1009.51	62.3907
1009.53	66.8645
1009.55	71.5529
1009.57	76.4531
1009.59	81.3133
1009.61	86.6142
1009.63	91.8445
1009.68	103.089
1009.71	114.076
1009.72	114.667
1009.72	116.152
1009.72	117.346
1009.73	120.049
1009.75	125.215
1009.79	139.215
1009.84	153.523
1009.89	171.099
1009.95	188.339
1010	203.306
1010.03	211.248
1010.05	218.53
1010.08	225.629
1010.11	231.982
1010.13	237.387
1010.16	242.295
1010.19	247.158
1010.22	251.176
1010.24	254.611
1010.27	257.586
1010.3	259.185
1010.3	259.382
1010.31	259.799
1010.32	260.113
1010.34	260.428
1010.38	259.916
1010.42	258.002
1010.46	254.515
1010.49	250.719
1010.52	246.234
1010.55	239.685
1010.59	232.34
1010.64	221.505
1010.69	209.525
1010.72	199.481
1010.76	189.342
1010.83	168.213
1010.87	157.47
1010.91	146.863
1010.94	136.496
1010.98	126.726
1011.01	119.132
1011.03	112.065
1011.06	105.281
1011.09	98.7992
1011.12	92.4176
1011.15	86.5863
1011.18	81.0845
1011.2	75.9138
1011.22	72.5928
1011.24	69.5854
1011.26	66.5555
1011.28	63.82
1011.3	61.0721
1011.32	58.5983
1011.33	56.1202
1011.35	53.8953
1011.37	51.6723
1011.39	49.6813
1011.41	47.6969
1011.43	45.9237
1011.44	44.1601
1011.46	42.5876
1011.48	41.1064
1011.5	39.7124
1011.52	38.121
1011.54	36.6465
1011.57	35.2815
1011.59	34.0743
1011.61	32.9032
1011.63	31.8687
1011.65	30.8663
1011.67	29.9815
1011.69	29.1245
1011.72	28.3682
1011.74	27.6356
1011.76	26.9889
1011.78	26.3621
1011.8	25.8083
1011.82	25.2708
1011.84	24.7951
1011.88	24.0368
1011.92	23.3677
1011.95	22.7749
1011.99	22.2609
1012.03	21.7876
1012.06	21.3622
1012.1	20.9776
1012.14	20.6371
1012.17	20.3168
1012.21	20.0226
1012.25	19.7509
1012.28	19.5053
1012.36	19.0554
1012.43	18.6581
1012.5	18.2982
1012.58	17.9777
1012.65	17.6819
1012.72	17.4147
1012.8	17.1652
1012.87	16.9375
1013.02	16.5286
1013.14	16.2316
1013.26	15.9637
1013.38	15.7207
1013.5	15.4991
1013.62	15.296
1013.74	15.1091
1013.98	14.7762
1014.12	14.5951
1014.27	14.4287
1014.57	14.1337
1014.86	13.878
1015.15	13.6551
1015.35	13.518
1015.55	13.3915
1015.95	13.1651
1016.35	12.9675
1016.75	12.7934
1017.34	12.57
1017.93	12.3768
1018.51	12.2069
1019.1	12.0551
1019.58	11.9416
1020.06	11.8359
1021.02	11.6431
1021.76	11.5056
1022.51	11.3762
1023.26	11.2522
1024	11.1319
1025.12	10.9538
1026.24	10.7737
1027.36	10.5852
1027.92	10.4856
1028.48	10.3807
1029.07	10.2636
1029.66	10.1375
1030.24	9.99963
1030.83	9.84673
1031.28	9.71519
1031.74	9.56972
1032.19	9.40617
1032.42	9.31632
1032.64	9.22058
1032.94	9.08523
1033.23	8.9361
1033.52	8.76996
1033.82	8.58325
1033.96	8.48477
1034.1	8.38062
1034.24	8.26945
1034.38	8.15046
1034.52	8.02274
1034.66	7.88524
1034.8	7.73676
1034.94	7.57594
1035.08	7.39211
1035.23	7.1926
1035.3	7.08455
1035.38	6.97333
1035.45	6.85768
1035.52	6.73819
1035.6	6.6145
1035.67	6.49245
1035.74	6.37332
1035.78	6.31779
1035.82	6.26804
1035.85	6.22308
1035.89	6.18662
1035.93	6.16151
1035.96	6.15132
1036	6.15971
1036.04	6.19122
1036.07	6.25383
1036.11	6.35138
1036.14	6.48887
1036.18	6.67753
1036.22	6.92787
1036.23	7.08453
1036.25	7.25202
1036.27	7.45191
1036.29	7.66382
1036.3	7.91478
1036.32	8.17896
1036.34	8.48981
1036.36	8.81507
1036.37	9.19563
1036.39	9.59174
1036.41	10.0529
1036.43	10.5306
1036.44	11.0841
1036.46	11.655
1036.48	12.3138
1036.49	12.9904
1036.51	13.7681
1036.53	14.5637
1036.55	15.4747
1036.56	16.4032
1036.58	17.4624
1036.6	18.5381
1036.62	19.7608
1036.63	20.9982
1036.65	22.3997
1036.67	23.8131
1036.69	25.5001
1036.71	27.2067
1036.73	29.1266
1036.74	31.0614
1036.76	33.2298
1036.78	35.4066
1036.8	37.7055
1036.82	40.1289
1036.84	42.8243
1036.85	45.5097
1036.87	48.3248
1036.89	51.2703
1036.91	54.5213
1036.93	57.7353
1036.95	61.0789
1036.96	64.5508
1036.99	69.5817
1037.01	74.6333
1037.04	79.8936
1037.06	85.3512
1037.09	91.232
1037.11	97.0491
1037.16	109.113
1037.2	120.289
1037.23	129.008
1037.31	149.388
1037.35	159.727
1037.39	169.45
1037.42	177.525
1037.46	184.909
1037.5	193.137
1037.53	199.928
1037.57	205.827
1037.6	210.14
1037.63	213.172
1037.66	215.78
1037.69	217.954
1037.7	218.323
1037.7	218.448
1037.71	218.808
1037.72	219.06
1037.74	219.355
1037.77	219.292
1037.8	218.386
1037.84	216.295
1037.88	212.495
1037.92	208.119
1037.95	202.804
1037.99	196.643
1038.03	189.74
1038.08	178.784
1038.13	166.881
1038.21	149.572
1038.28	131.983
1038.32	123.206
1038.35	114.637
1038.39	106.348
1038.43	98.6085
1038.46	91.4366
1038.5	84.6445
1038.51	81.3071
1038.53	78.2551
1038.55	75.1312
1038.57	72.2834
1038.58	69.3774
1038.6	66.7363
1038.62	64.0491
1038.64	61.6139
1038.65	59.1432
1038.67	56.9102
1038.69	54.7735
1038.7	52.7313
1038.72	50.5584
1038.74	48.604
1038.76	46.648
1038.78	44.8932
1038.8	43.1413
1038.82	41.5734
1038.83	40.0916
1038.85	38.6925
1038.87	37.3018
1038.89	36.0623
1038.91	34.8954
1038.92	33.7975
1038.94	32.7101
1038.96	31.7441
1038.98	30.8372
1039	29.9864
1039.01	29.318
1039.03	28.7258
1039.06	27.6275
1039.08	26.6355
1039.11	25.7397
1039.14	24.9036
1039.17	24.176
1039.2	23.5186
1039.22	22.9242
1039.25	22.3678
1039.28	21.8815
1039.31	21.4398
1039.34	21.0378
1039.37	20.6584
1039.39	20.3239
1039.42	20.017
1039.45	19.7346
1039.49	19.3944
1039.52	19.0867
1039.56	18.8067
1039.6	18.5573
1039.63	18.3214
1039.67	18.109
1039.74	17.7217
1039.82	17.3772
1039.89	17.0747
1039.96	16.8022
1040.04	16.5544
1040.11	16.3246
1040.18	16.1159
1040.33	15.7433
1040.48	15.4173
1040.62	15.1327
1040.77	14.8782
1040.91	14.6519
1041.06	14.4465
1041.21	14.2614
1041.36	14.0914
1041.5	13.9365
1041.79	13.6607
1042.09	13.4229
1042.38	13.215
1042.67	13.0309
1042.97	12.8663
1043.25	12.7239
1043.53	12.5935
1043.81	12.4733
1044.09	12.362
1044.64	12.1596
1045.2	11.9778
1045.58	11.8648
1045.95	11.7564
1046.32	11.6511
1046.69	11.5477
1047.2	11.4061
1047.71	11.2594
1047.96	11.1819
1048.21	11.1001
1048.47	11.0123
1048.72	10.9163
1048.99	10.8023
1049.12	10.7394
1049.25	10.6715
1049.38	10.5991
1049.45	10.5617
1049.52	10.525
1049.59	10.4894
1049.65	10.4581
1049.72	10.4336
1049.75	10.4256
1049.78	10.4215
1049.82	10.4224
1049.86	10.4308
1049.89	10.4487
1049.93	10.4772
1049.97	10.5204
1050	10.5789
1050.04	10.6592
1050.08	10.7606
1050.1	10.8248
1050.11	10.8931
1050.13	10.9736
1050.15	11.0587
1050.17	11.1584
1050.19	11.2628
1050.21	11.3776
1050.22	11.5036
1050.24	11.6493
1050.26	11.8002
1050.28	11.9644
1050.3	12.1425
1050.32	12.3465
1050.33	12.5557
1050.35	12.781
1050.37	13.0234
1050.39	13.3894
1050.42	13.7913
1050.44	14.2309
1050.47	14.7099
1050.5	15.2296
1050.52	15.7916
1050.54	16.3968
1050.57	17.046
1050.6	17.7399
1050.62	18.4787
1050.64	19.2621
1050.67	20.0899
1050.69	20.9609
1050.72	21.8739
1050.75	22.8271
1050.77	23.7778
1050.8	25.1795
1050.84	26.5945
1050.9	29.5928
1050.97	32.6797
1051.04	35.6973
1051.07	37.2469
1051.11	38.7374
1051.14	40.1498
1051.17	41.4298
1051.21	42.7006
1051.25	43.8254
1051.27	44.4686
1051.3	45.0167
1051.32	45.4558
1051.34	45.7839
1051.35	46.0518
1051.36	46.2029
1051.37	46.3364
1051.38	46.4355
1051.4	46.5417
1051.4	46.581
1051.4	46.6096
1051.42	46.6813
1051.43	46.7313
1051.44	46.7581
1051.45	46.7659
1051.48	46.7186
1051.5	46.5465
1051.55	46.0808
1051.58	45.4678
1051.62	44.677
1051.65	43.9961
1051.67	43.2347
1051.73	41.4994
1051.77	39.9484
1051.81	38.2828
1051.9	34.782
1051.97	31.6655
1052.01	30.1311
1052.05	28.6732
1052.08	27.2234
1052.12	25.8339
1052.16	24.5134
1052.17	23.8981
1052.19	23.3013
1052.22	22.3493
1052.25	21.4808
1052.28	20.6641
1052.3	20.2621
1052.31	19.8994
1052.33	19.5242
1052.34	19.1864
1052.35	18.8375
1052.37	18.5241
1052.38	18.2011
1052.4	17.9113
1052.41	17.6133
1052.43	17.3465
1052.44	17.0725
1052.46	16.8277
1052.48	16.3527
1052.51	15.9192
1052.54	15.5249
1052.57	15.1671
1052.6	14.8434
1052.63	14.5512
1052.66	14.288
1052.68	14.1062
1052.7	13.9459
1052.72	13.791
1052.74	13.6547
1052.77	13.5231
1052.79	13.4074
1052.83	13.2021
1052.87	13.0234
1052.91	12.8748
1052.96	12.745
1053	12.6363
1053.04	12.5404
1053.09	12.4573
1053.13	12.3847
1053.17	12.3222
1053.21	12.2653
1053.25	12.2153
1053.34	12.1276
1053.42	12.0556
1053.5	11.9932
1053.58	11.9367
1053.67	11.886
1053.83	11.7956
1053.99	11.7173
1054.15	11.6473
1054.32	11.5842
1054.64	11.4742
1054.89	11.4008
1055.14	11.3343
1055.63	11.2164
1056.13	11.1128
1056.62	11.019
1057.18	10.9211
1057.74	10.8289
1058.3	10.7402
1058.86	10.6537
1059.85	10.501
1060.59	10.3844
1061.34	10.263
1062.08	10.1339
1062.82	9.99304
1063.29	9.89607
1063.75	9.78957
1063.98	9.73151
1064.22	9.66975
1064.45	9.60316
1064.68	9.53057
1064.83	9.4804
1064.98	9.42704
1065.12	9.36974
1065.2	9.33942
1065.27	9.3087
1065.34	9.2771
1065.42	9.24616
1065.49	9.21624
1065.53	9.20243
1065.56	9.19015
1065.6	9.17916
1065.64	9.17038
1065.68	9.16446
1065.71	9.16223
1065.75	9.16452
1065.79	9.17261
1065.82	9.18784
1065.86	9.21103
1065.9	9.24966
1065.94	9.30405
1065.98	9.37745
1066.02	9.47088
1066.04	9.52984
1066.06	9.593
1066.08	9.6673
1066.1	9.74621
1066.12	9.83825
1066.14	9.93527
1066.16	10.042
1066.18	10.1591
1066.2	10.2938
1066.23	10.4339
1066.25	10.5942
1066.27	10.76
1066.29	10.9485
1066.31	11.1423
1066.33	11.3507
1066.35	11.5742
1066.37	11.8256
1066.39	12.0814
1066.41	12.3537
1066.43	12.6427
1066.45	12.9646
1066.47	13.2888
1066.49	13.6303
1066.51	13.9894
1066.53	14.4044
1066.55	14.8201
1066.57	15.2756
1066.6	15.7292
1066.64	16.7128
1066.68	17.739
1066.72	18.8481
1066.76	19.9774
1066.85	22.3464
1066.9	23.777
1066.95	25.148
1067	26.4803
1067.05	27.6877
1067.1	28.7048
1067.14	29.5652
1067.17	29.9693
1067.19	30.3249
1067.23	30.7367
1067.24	30.8538
1067.26	30.9981
1067.27	31.0778
1067.28	31.1466
1067.29	31.1947
1067.3	31.2396
1067.3	31.2586
1067.32	31.2943
1067.33	31.3163
1067.34	31.3267
1067.35	31.3239
1067.38	31.2772
1067.41	31.1277
1067.44	30.8908
1067.47	30.5783
1067.5	30.2019
1067.53	29.7573
1067.56	29.2497
1067.59	28.6846
1067.65	27.475
1067.71	26.1256
1067.76	24.6831
1067.82	23.1934
1067.87	21.8298
1067.92	20.5172
1067.95	19.8652
1067.98	19.2527
1068	18.6328
1068.03	18.0552
1068.05	17.4753
1068.08	16.9392
1068.1	16.4049
1068.13	15.9144
1068.15	15.429
1068.18	14.9864
1068.2	14.5513
1068.23	14.157
1068.25	13.8149
1068.28	13.4922
1068.3	13.1885
1068.32	12.9154
1068.34	12.6475
1068.37	12.4074
1068.39	12.1728
1068.41	11.9633
1068.43	11.7593
1068.46	11.5777
1068.48	11.4013
1068.5	11.2448
1068.52	11.093
1068.55	10.9587
1068.57	10.8287
1068.59	10.7138
1068.61	10.6027
1068.64	10.5046
1068.66	10.4098
1068.68	10.3261
1068.73	10.1736
1068.77	10.0431
1068.82	9.93087
1068.86	9.83375
1068.91	9.74902
1068.95	9.67439
1069.01	9.58732
1069.07	9.51116
1069.13	9.44311
1069.19	9.38106
1069.25	9.32343
1069.31	9.26905
1069.43	9.16683
1069.55	9.06983
1069.67	8.97545
1069.91	8.78852
1070.04	8.68356
1070.18	8.57704
1070.31	8.46717
1070.44	8.35297
1070.57	8.23342
1070.7	8.10741
1070.84	7.97375
1070.97	7.83116
1071.06	7.72698
1071.15	7.61885
1071.24	7.50557
1071.33	7.38756
1071.42	7.26632
1071.51	7.14539
1071.55	7.0871
1071.6	7.03204
1071.64	6.98215
1071.69	6.94002
1071.72	6.91536
1071.76	6.89925
1071.79	6.8929
1071.82	6.89873
1071.86	6.91963
1071.89	6.95899
1071.92	7.02079
1071.95	7.10965
1071.99	7.23089
1072.02	7.39063
1072.05	7.59578
1072.09	7.85418
1072.1	8.01091
1072.12	8.17459
1072.14	8.36698
1072.15	8.56671
1072.17	8.80016
1072.18	9.04124
1072.2	9.32163
1072.22	9.60984
1072.23	9.90277
1072.25	10.1971
1072.26	10.5128
1072.27	10.8509
1072.29	11.2391
1072.3	11.627
1072.32	12.0407
1072.33	12.4814
1072.35	12.9847
1072.36	13.4849
1072.38	14.0156
1072.39	14.5781
1072.4	15.2173
1072.42	15.8494
1072.43	16.5169
1072.45	17.221
1072.46	18.0173
1072.48	18.8009
1072.49	19.6246
1072.5	20.4895
1072.52	21.4631
1072.53	22.4166
1072.56	24.4574
1072.59	26.7652
1072.62	29.1869
1072.65	31.9005
1072.67	34.7221
1072.71	38.3036
1072.74	42.1609
1072.77	46.289
1072.81	50.6785
1072.84	55.3152
1072.87	60.1801
1072.9	65.2493
1072.94	70.4936
1072.98	76.8705
1073.02	83.38
1073.09	96.4985
1073.15	106.177
1073.16	106.817
1073.17	108.719
1073.18	110.596
1073.21	115.005
1073.24	119.067
1073.27	123.562
1073.3	127.692
1073.35	132.346
1073.38	135.475
1073.41	138.1
1073.43	139.614
1073.45	140.509
1073.47	141.315
1073.49	142.194
1073.5	142.419
1073.5	142.495
1073.51	142.652
1073.52	142.783
1073.53	142.957
1073.56	143.021
1073.59	142.643
1073.62	141.857
1073.66	139.809
1073.69	137.94
1073.72	135.766
1073.75	133.157
1073.77	130.317
1073.83	124.305
1073.88	117.494
1073.93	109.35
1073.99	100.76
1074.06	89.5193
1074.1	84.0166
1074.14	78.6116
1074.16	74.3599
1074.19	70.3629
1074.22	66.3526
1074.25	62.6199
1074.28	58.9106
1074.31	55.4899
1074.34	52.2339
1074.36	49.1475
1074.39	46.1323
1074.42	43.3973
1074.44	42.003
1074.45	40.7461
1074.46	39.5315
1074.48	38.3591
1074.49	37.1489
1074.51	36.0619
1074.52	35.0151
1074.53	34.008
1074.55	32.972
1074.56	32.0444
1074.58	31.154
1074.59	30.2999
1074.61	29.4813
1074.62	28.697
1074.63	27.9463
1074.65	27.2784
1074.66	26.5896
1074.67	25.9774
1074.69	25.3467
1074.7	24.7869
1074.71	24.2107
1074.73	23.6997
1074.74	23.1743
1074.75	22.7087
1074.78	21.8069
1074.81	20.9875
1074.84	20.2177
1074.86	19.5459
1074.89	18.9374
1074.92	18.3864
1074.94	17.8876
1074.97	17.436
1075	17.0271
1075.03	16.6565
1075.05	16.2967
1075.08	15.9829
1075.11	15.6887
1075.14	15.431
1075.17	15.1883
1075.2	14.9747
1075.22	14.7723
1075.25	14.5931
1075.31	14.2696
1075.37	13.9915
1075.42	13.7489
1075.48	13.5378
1075.53	13.3676
1075.58	13.2147
1075.68	12.9412
1075.77	12.7011
1075.87	12.4864
1075.97	12.2898
1076.07	12.1114
1076.17	11.9465
1076.27	11.793
1076.38	11.6266
1076.49	11.4713
1076.72	11.1875
1076.95	10.9315
1077.18	10.6969
1077.38	10.4962
1077.59	10.3047
1077.8	10.1199
1078	9.93966
1078.19	9.7792
1078.38	9.62057
1078.56	9.46178
1078.75	9.30178
1078.94	9.13865
1079.12	8.97311
1079.31	8.80325
1079.49	8.62798
1079.76	8.36257
1080.03	8.07959
1080.17	7.9296
1080.3	7.77466
1080.44	7.6118
1080.57	7.44272
1080.69	7.29249
1080.8	7.13587
1080.91	6.97232
1081.03	6.80284
1081.14	6.62385
1081.25	6.43626
1081.37	6.23954
1081.48	6.03512
1081.58	5.85777
1081.67	5.67591
1081.76	5.48823
1081.85	5.29606
1081.95	5.1001
1082	5.00305
1082.04	4.90999
1082.09	4.81834
1082.13	4.73392
1082.18	4.65572
1082.23	4.59053
1082.28	4.53215
1082.34	4.50947
1082.37	4.5165
1082.4	4.53827
1082.43	4.57929
1082.45	4.63994
1082.48	4.72845
1082.51	4.84298
1082.54	4.9968
1082.57	5.18485
1082.58	5.30368
1082.6	5.42711
1082.61	5.56356
1082.63	5.71394
1082.64	5.89167
1082.65	6.07413
1082.67	6.27375
1082.68	6.49168
1082.7	6.74689
1082.71	7.00671
1082.73	7.2888
1082.74	7.59457
1082.75	7.95015
1082.77	8.30977
1082.78	8.69784
1082.8	9.11605
1082.81	9.59958
1082.83	10.0859
1082.84	10.608
1082.85	11.1678
1082.87	11.7674
1082.88	12.4088
1082.9	13.0943
1082.91	13.826
1082.92	14.664
1082.94	15.4989
1082.95	16.3874
1082.97	17.3317
1082.98	18.4085
1083	19.4768
1083.01	20.6089
1083.02	21.8073
1083.04	23.1681
1083.05	24.5126
1083.07	25.9317
1083.08	27.428
1083.1	29.0043
1083.11	30.6632
1083.12	32.4074
1083.14	34.2395
1083.15	36.0217
1083.16	37.7377
1083.17	39.6755
1083.19	41.5385
1083.21	45.6553
1083.24	49.9164
1083.26	54.6878
1083.29	59.8083
1083.31	65.2864
1083.34	70.8874
1083.35	74.8096
1083.37	78.6241
1083.38	83.377
1083.4	88.3212
1083.43	95.503
1083.45	102.737
1083.48	110.617
1083.5	118.502
1083.53	128.428
1083.56	138.397
1083.59	149.086
1083.61	159.718
1083.67	182.112
1083.73	205.13
1083.8	233.863
1083.86	256.633
1083.91	277.692
1083.94	287.697
1083.97	296.8
1084	305.574
1084.03	313.346
1084.05	319.891
1084.08	325.533
1084.11	330.682
1084.13	334.91
1084.16	338.649
1084.18	341.415
1084.2	342.772
1084.2	343.102
1084.22	343.86
1084.23	344.344
1084.26	344.673
1084.3	343.242
1084.35	339.445
1084.39	333.385
1084.43	325.218
1084.48	315.142
1084.52	303.104
1084.57	289.9
1084.63	270.114
1084.69	248.923
1084.78	216.387
1084.82	200.37
1084.87	184.691
1084.91	169.533
1084.95	155.049
1084.97	148.099
1085	141.358
1085.02	134.839
1085.04	128.548
1085.06	122.762
1085.08	117.455
1085.1	112.348
1085.12	107.442
1085.14	102.738
1085.16	98.2347
1085.18	93.9312
1085.2	89.825
1085.22	85.9131
1085.24	82.1918
1085.26	78.657
1085.28	75.304
1085.3	72.1277
1085.32	69.1225
1085.34	66.2829
1085.36	63.6028
1085.38	60.7098
1085.41	58.1235
1085.43	55.7055
1085.45	53.4472
1085.47	51.3402
1085.49	49.3761
1085.52	47.5466
1085.54	45.8436
1085.56	44.2593
1085.58	42.7861
1085.6	41.4166
1085.63	40.1439
1085.65	38.9612
1085.67	37.8621
1085.69	36.8405
1085.71	35.8907
1085.75	34.6639
1085.78	33.589
1085.81	32.6129
1085.84	31.725
1085.87	30.9158
1085.9	30.1767
1085.93	29.5
1085.96	28.8789
1085.99	28.3071
1086.02	27.7793
1086.05	27.2906
1086.08	26.8368
1086.14	26.0193
1086.2	25.3017
1086.25	24.7764
1086.29	24.306
1086.34	23.8731
1086.39	23.4725
1086.44	23.1002
1086.49	22.7526
1086.58	22.1208
1086.67	21.5984
1086.76	21.1315
1086.85	20.7063
1086.93	20.3171
1087.02	19.9551
1087.11	19.6247
1087.2	19.3184
1087.29	19.0335
1087.42	18.6273
1087.56	18.263
1087.7	17.9318
1087.83	17.6291
1087.97	17.3493
1088.11	17.0934
1088.24	16.8565
1088.38	16.6365
1088.55	16.3724
1088.73	16.1315
1088.91	15.9083
1089.08	15.7029
1089.26	15.5109
1089.44	15.3326
1089.61	15.1645
1089.79	15.0072
1089.93	14.8841
1090.08	14.7669
1090.22	14.6535
1090.3	14.5987
1090.37	14.5448
1090.44	14.4911
1090.51	14.4392
1090.58	14.3882
1090.66	14.3383
1090.69	14.3139
1090.73	14.2899
1090.76	14.2664
1090.8	14.2434
1090.84	14.2211
1090.87	14.1996
1090.91	14.179
1090.94	14.1596
1091	14.1316
1091.06	14.1085
1091.11	14.0909
1091.17	14.0803
1091.22	14.0787
1091.28	14.088
1091.34	14.1107
1091.39	14.1493
1091.42	14.1764
1091.45	14.2076
1091.48	14.2441
1091.51	14.2863
1091.53	14.3344
1091.56	14.3887
1091.59	14.4495
1091.62	14.517
1091.65	14.5913
1091.67	14.6726
1091.7	14.7609
1091.73	14.8563
1091.76	14.9587
1091.79	15.0678
1091.84	15.3057
1091.89	15.5428
1091.94	15.7912
1092.04	16.3184
1092.09	16.587
1092.14	16.8511
1092.19	17.104
1092.24	17.3393
1092.28	17.4859
1092.31	17.6194
1092.35	17.7379
1092.38	17.8399
1092.41	17.915
1092.44	17.9753
1092.46	18.015
1092.48	18.0314
1092.49	18.0443
1092.5	18.0494
1092.51	18.0565
1092.51	18.0569
1092.52	18.0584
1092.52	18.0596
1092.53	18.061
1092.55	18.0598
1092.59	18.0332
1092.62	17.9978
1092.65	17.9505
1092.67	17.8908
1092.7	17.8192
1092.74	17.7063
1092.77	17.5789
1092.81	17.4358
1092.84	17.2791
1092.88	17.1057
1092.91	16.9276
1092.98	16.5514
1093.07	16.0848
1093.11	15.8529
1093.15	15.6312
1093.19	15.4112
1093.23	15.2053
1093.28	15.005
1093.32	14.821
1093.36	14.6451
1093.4	14.4824
1093.44	14.3331
1093.48	14.2
1093.52	14.0764
1093.57	13.9675
1093.61	13.8673
1093.65	13.7798
1093.69	13.6963
1093.74	13.6225
1093.78	13.5574
1093.82	13.5012
1093.87	13.4502
1093.91	13.4051
1093.96	13.3649
1094	13.3297
1094.04	13.2972
1094.09	13.2677
1094.13	13.2408
1094.17	13.2165
1094.22	13.1933
1094.26	13.1721
1094.31	13.1516
1094.35	13.1325
1094.39	13.1139
1094.44	13.0959
1094.52	13.0621
1094.61	13.0297
1094.7	12.999
1094.79	12.9691
1094.87	12.9404
1095.05	12.8854
1095.21	12.8372
1095.36	12.7912
1095.68	12.7033
1096	12.6199
1096.31	12.5405
1096.63	12.464
1096.95	12.3904
1097.26	12.3189
1097.58	12.2492
1097.91	12.1773
1098.24	12.1068
1098.91	11.9686
1099.34	11.8797
1099.78	11.7908
1100.64	11.6106
1101.51	11.4225
1101.94	11.3233
1102.37	11.2195
1102.64	11.1526
1103.11	11.0284
1103.57	10.894
1104.04	10.7457
1104.5	10.5796
1104.87	10.4325
1105.24	10.2676
1105.6	10.0794
1105.79	9.97448
1105.97	9.86098
1106.2	9.70186
1106.43	9.52312
1106.55	9.4246
1106.67	9.32026
1106.78	9.20752
1106.9	9.08743
1106.99	8.98567
1107.08	8.8776
1107.18	8.76278
1107.27	8.64228
1107.36	8.51357
1107.45	8.38046
1107.54	8.2428
1107.59	8.17453
1107.63	8.1096
1107.67	8.05735
1107.71	8.01004
1107.75	7.96665
1107.78	7.93139
1107.82	7.90481
1107.86	7.89123
1107.89	7.89331
1107.93	7.91527
1107.97	7.96385
1108.01	8.04266
1108.05	8.1635
1108.08	8.32856
1108.1	8.4346
1108.12	8.55697
1108.14	8.69722
1108.16	8.84807
1108.18	9.02799
1108.19	9.21968
1108.21	9.44635
1108.23	9.68598
1108.25	10.0304
1108.28	10.4217
1108.3	10.864
1108.32	11.3619
1108.35	11.9203
1108.37	12.544
1108.39	13.2382
1108.41	14.0083
1108.44	14.8596
1108.46	15.7977
1108.48	16.8281
1108.51	17.9564
1108.53	19.1882
1108.55	20.5289
1108.58	21.9838
1108.6	23.4871
1108.62	25.1038
1108.64	26.8379
1108.66	28.6929
1108.69	30.6721
1108.71	32.7782
1108.73	35.0134
1108.75	37.3793
1108.77	39.7606
1108.8	42.3842
1108.82	45.1393
1108.84	48.0246
1108.86	51.038
1108.88	54.1764
1108.91	57.4358
1108.95	64.1361
1108.99	71.7384
1109.04	79.5367
1109.09	87.7824
1109.13	96.0074
1109.18	105.18
1109.23	114.211
1109.24	116.16
1109.27	120.859
1109.32	129.798
1109.36	134.871
1109.39	139.581
1109.43	145.445
1109.47	149.186
1109.49	151.314
1109.51	153.278
1109.54	154.966
1109.56	156.314
1109.58	157.562
1109.6	158.141
1109.61	158.292
1109.62	158.66
1109.63	158.887
1109.66	159.016
1109.68	158.856
1109.71	158.134
1109.76	156.22
1109.8	153.286
1109.84	150.181
1109.87	146.495
1109.92	141.158
1109.96	135.27
1110	129.448
1110.07	118.808
1110.14	107.639
1110.18	100.177
1110.23	92.9574
1110.27	85.9103
1110.31	79.1179
1110.34	75.3985
1110.36	71.9354
1110.39	68.5855
1110.41	65.3553
1110.43	62.2498
1110.46	59.2731
1110.48	56.4279
1110.51	53.716
1110.53	51.2427
1110.55	48.9919
1110.57	46.8527
1110.6	44.8238
1110.62	42.9034
1110.64	41.0891
1110.66	39.3785
1110.68	37.7684
1110.7	36.2556
1110.73	34.8367
1110.75	33.5079
1110.77	32.2654
1110.79	31.1054
1110.82	30.0238
1110.84	29.0167
1110.86	28.08
1110.88	27.1718
1110.9	26.367
1110.93	25.6207
1110.95	24.9294
1110.97	24.2893
1110.99	23.697
1111.01	23.1492
1111.04	22.6427
1111.06	22.154
1111.08	21.7227
1111.1	21.3239
1111.12	20.9551
1111.15	20.6139
1111.17	20.298
1111.19	20.0054
1111.21	19.7341
1111.25	19.3001
1111.29	18.9277
1111.33	18.5977
1111.37	18.304
1111.4	18.0412
1111.44	17.8047
1111.48	17.5907
1111.52	17.3959
1111.6	17.0494
1111.67	16.7569
1111.75	16.5018
1111.82	16.2756
1111.91	16.0397
1112	15.8311
1112.09	15.6406
1112.18	15.469
1112.35	15.165
1112.53	14.9063
1112.65	14.7485
1112.77	14.6055
1113.01	14.3521
1113.25	14.1349
1113.49	13.9469
1113.85	13.7095
1114.2	13.5093
1114.55	13.3364
1114.91	13.1858
1115.39	13.0073
1115.87	12.853
1116.35	12.7173
1116.83	12.5961
1117.54	12.4377
1118.25	12.2969
1118.95	12.1679
1119.66	12.0471
1120.43	11.9198
1120.94	11.8353
1121.46	11.7493
1121.97	11.6595
1122.49	11.5629
1122.74	11.5107
1123	11.4549
1123.26	11.3942
1123.52	11.3271
1123.66	11.2855
1123.81	11.2408
1123.95	11.1926
1124.02	11.1674
1124.09	11.1418
1124.17	11.1158
1124.24	11.0909
1124.31	11.0681
1124.35	11.0582
1124.38	11.0496
1124.42	11.0428
1124.46	11.0386
1124.49	11.0373
1124.53	11.0399
1124.56	11.0472
1124.6	11.0601
1124.64	11.0799
1124.67	11.1079
1124.72	11.1542
1124.76	11.2158
1124.8	11.2964
1124.84	11.3997
1124.86	11.464
1124.88	11.5327
1124.9	11.6089
1124.93	11.6933
1124.95	11.7863
1124.97	11.8885
1124.99	12.0004
1125.01	12.1226
1125.03	12.2622
1125.05	12.407
1125.07	12.5638
1125.1	12.7329
1125.12	12.9148
1125.14	13.1101
1125.16	13.3191
1125.18	13.5421
1125.2	13.7796
1125.22	14.0318
1125.24	14.2989
1125.26	14.581
1125.28	14.8783
1125.31	15.1907
1125.33	15.5181
1125.35	15.8605
1125.37	16.2522
1125.39	16.6429
1125.44	17.4688
1125.48	18.3489
1125.52	19.2755
1125.61	21.226
1125.7	23.2179
1125.74	24.1909
1125.79	25.1261
1125.83	26.0062
1125.88	26.8143
1125.92	27.5343
1125.96	28.1517
1125.99	28.4405
1126.01	28.6933
1126.04	28.9405
1126.05	29.0302
1126.07	29.1223
1126.08	29.1851
1126.09	29.2394
1126.1	29.2851
1126.1	29.2889
1126.1	29.2996
1126.11	29.3097
1126.12	29.3437
1126.13	29.3658
1126.14	29.3792
1126.16	29.3824
1126.19	29.3335
1126.23	29.1537
1126.28	28.8398
1126.32	28.4026
1126.36	27.934
1126.39	27.4049
1126.43	26.8125
1126.47	26.1657
1126.54	24.7276
1126.62	23.2073
1126.69	21.6395
1126.73	20.8771
1126.77	20.1317
1126.8	19.4667
1126.84	18.8252
1126.87	18.2104
1126.9	17.6249
1126.94	17.0708
1126.95	16.806
1126.97	16.5495
1126.99	16.3013
1127	16.0617
1127.04	15.6205
1127.06	15.4056
1127.07	15.1991
1127.11	14.8107
1127.14	14.4544
1127.17	14.1379
1127.21	13.8408
1127.24	13.5713
1127.28	13.3277
1127.31	13.1143
1127.34	12.9553
1127.36	12.8094
1127.39	12.6899
1127.41	12.5793
1127.43	12.477
1127.46	12.3862
1127.48	12.2985
1127.51	12.2174
1127.55	12.0757
1127.6	11.9514
1127.65	11.8467
1127.69	11.7561
1127.74	11.6778
1127.79	11.605
1127.84	11.5437
1127.89	11.4937
1127.94	11.4554
1128	11.4301
1128.05	11.4201
1128.1	11.4285
1128.12	11.4407
1128.15	11.4589
1128.17	11.4849
1128.2	11.5175
1128.23	11.5602
1128.25	11.6106
1128.28	11.6738
1128.3	11.7458
1128.33	11.8301
1128.35	11.9277
1128.38	12.0446
1128.4	12.173
1128.43	12.3247
1128.45	12.4893
1128.48	12.6814
1128.5	12.8876
1128.53	13.1163
1128.55	13.3686
1128.58	13.681
1128.61	14.0135
1128.64	14.3781
1128.66	14.7762
1128.69	15.2089
1128.72	15.6771
1128.74	16.1815
1128.77	16.7227
1128.8	17.3007
1128.83	17.9155
1128.85	18.5664
1128.88	19.2528
1128.91	19.9733
1128.93	20.7263
1128.99	22.321
1129.05	24.467
1129.12	26.7115
1129.19	28.9809
1129.26	31.1582
1129.29	32.2733
1129.33	33.3037
1129.37	34.2952
1129.4	35.1803
1129.44	36.019
1129.47	36.7463
1129.51	37.3663
1129.53	37.6627
1129.55	37.8698
1129.56	37.9898
1129.58	38.0868
1129.58	38.1594
1129.6	38.2375
1129.6	38.261
1129.61	38.2881
1129.62	38.3462
1129.63	38.3814
1129.64	38.404
1129.65	38.4142
1129.68	38.384
1129.72	38.2139
1129.75	37.9474
1129.78	37.5876
1129.83	36.8889
1129.87	36.0261
1129.92	34.9846
1129.97	33.8078
1130.02	32.5238
1130.06	31.162
1130.14	28.8375
1130.22	26.4996
1130.25	25.3435
1130.29	24.2496
1130.33	23.1967
1130.37	22.1917
1130.4	21.436
1130.43	20.7158
1130.46	20.0327
1130.49	19.3877
1130.52	18.7814
1130.55	18.2137
1130.58	17.6845
1130.61	17.2089
1130.64	16.7529
1130.67	16.3326
1130.7	15.9464
1130.73	15.5927
1130.76	15.2698
1130.79	14.9759
1130.82	14.709
1130.85	14.475
1130.88	14.2284
1130.91	14.009
1130.95	13.8144
1130.98	13.642
1131.01	13.5236
1131.04	13.4159
1131.06	13.3178
1131.09	13.2318
1131.14	13.0787
1131.19	12.9509
1131.24	12.8417
1131.29	12.7513
1131.34	12.6743
1131.39	12.6078
1131.44	12.5487
1131.5	12.4975
1131.55	12.4516
1131.6	12.4101
1131.7	12.3367
1131.8	12.2727
1131.89	12.224
1131.97	12.1794
1132.02	12.1581
1132.06	12.1374
1132.1	12.1175
1132.14	12.0988
1132.19	12.0803
1132.23	12.0627
1132.27	12.0461
1132.32	12.0308
1132.36	12.0165
1132.4	12.004
1132.44	11.9929
1132.48	11.9842
1132.51	11.9795
1132.55	11.9763
1132.58	11.9747
1132.61	11.9749
1132.66	11.9821
1132.72	11.9995
1132.78	12.0302
1132.81	12.0514
1132.84	12.077
1132.87	12.1072
1132.9	12.1426
1132.93	12.1836
1132.96	12.2288
1132.99	12.2816
1133.02	12.3411
1133.05	12.4075
1133.08	12.4811
1133.11	12.5621
1133.14	12.6506
1133.17	12.7469
1133.2	12.8474
1133.23	12.9589
1133.26	13.0779
1133.29	13.2043
1133.32	13.3332
1133.35	13.4729
1133.38	13.6187
1133.44	13.9205
1133.52	14.357
1133.6	14.8003
1133.64	15.0195
1133.68	15.2258
1133.72	15.4261
1133.76	15.6074
1133.8	15.7403
1133.83	15.8609
1133.86	15.9679
1133.89	16.06
1133.92	16.1231
1133.94	16.1735
1133.97	16.2134
1133.98	16.2287
1133.99	16.2406
1134	16.2487
1134.01	16.2561
1134.01	16.2567
1134.01	16.2585
1134.02	16.2602
1134.02	16.2626
1134.04	16.2675
1134.07	16.2627
1134.11	16.237
1134.14	16.1902
1134.17	16.1443
1134.19	16.0883
1134.24	15.9483
1134.29	15.7743
1134.34	15.5712
1134.4	15.3161
1134.45	15.0448
1134.56	14.4664
1134.62	14.174
1134.67	13.8948
1134.7	13.7574
1134.73	13.624
1134.76	13.4949
1134.78	13.3751
1134.82	13.2227
1134.86	13.0831
1134.89	12.9522
1134.93	12.8303
1134.96	12.7142
1135	12.6103
1135.03	12.5149
1135.07	12.4278
1135.1	12.3464
1135.14	12.2749
1135.17	12.2103
1135.21	12.1521
1135.24	12.0999
1135.28	12.0532
1135.31	12.0114
1135.35	11.9741
1135.38	11.9399
1135.42	11.9103
1135.45	11.8838
1135.49	11.8602
1135.52	11.8389
1135.56	11.8198
1135.59	11.8026
1135.63	11.7869
1135.66	11.7723
1135.7	11.7593
1135.73	11.7473
1135.77	11.7362
1135.8	11.7259
1135.84	11.7162
1135.91	11.6984
1135.98	11.6811
1136.06	11.6655
1136.13	11.651
1136.21	11.6372
1136.36	11.6115
1136.5	11.5876
1136.65	11.5651
1136.8	11.5436
1137.1	11.5032
1137.39	11.4654
1137.69	11.4294
1137.98	11.3948
1138.28	11.3612
1138.75	11.309
1139.23	11.2578
1139.82	11.1942
1140.41	11.1301
1141	11.0642
1141.6	10.9954
1142.25	10.9144
1142.9	10.8257
1143.55	10.7258
1144.2	10.6102
1144.59	10.5314
1144.97	10.4422
1145.36	10.3393
1145.74	10.218
1146.05	10.1019
1146.21	10.0357
1146.36	9.96364
1146.52	9.88348
1146.67	9.79494
1146.83	9.6954
1146.99	9.58524
1147.07	9.52286
1147.15	9.45958
1147.23	9.39597
1147.31	9.33749
1147.35	9.31152
1147.39	9.28952
1147.43	9.27307
1147.47	9.26422
1147.52	9.2649
1147.56	9.27788
1147.6	9.30729
1147.64	9.35576
1147.67	9.41996
1147.71	9.50495
1147.74	9.61639
1147.78	9.75894
1147.81	9.94352
1147.85	10.1658
1147.87	10.2986
1147.88	10.4366
1147.9	10.5971
1147.92	10.763
1147.94	10.9548
1147.95	11.1642
1147.97	11.3924
1147.99	11.6261
1148.01	11.8939
1148.02	12.1671
1148.04	12.4788
1148.06	12.7955
1148.08	13.1555
1148.09	13.5199
1148.11	13.9326
1148.13	14.3489
1148.15	14.8187
1148.16	15.2908
1148.18	15.8217
1148.2	16.3535
1148.22	17.0521
1148.24	17.7618
1148.26	18.5545
1148.28	19.356
1148.3	20.2472
1148.32	21.1441
1148.34	22.0883
1148.36	23.0803
1148.38	24.1734
1148.4	25.2633
1148.42	26.4586
1148.44	27.6449
1148.49	30.2187
1148.53	32.9041
1148.56	35.1664
1148.59	37.4444
1148.65	42.289
1148.71	47.326
1148.78	52.4175
1148.81	55.3704
1148.85	58.2535
1148.89	61.0317
1148.93	63.6699
1148.97	66.3879
1149.01	68.7899
1149.03	70.2004
1149.06	71.4337
1149.1	73.1369
1149.12	74.0221
1149.14	74.6539
1149.15	74.9681
1149.17	75.2255
1149.18	75.4535
1149.19	75.7321
1149.2	75.8341
1149.2	75.8869
1149.21	75.9911
1149.22	76.0667
1149.24	76.1784
1149.26	76.2088
1149.28	76.1362
1149.31	75.8704
1149.34	75.3336
1149.37	74.6928
1149.39	73.8867
1149.42	72.8066
1149.45	71.544
1149.48	70.2131
1149.51	68.8019
1149.56	65.6505
1149.62	61.7372
1149.68	57.5278
1149.79	49.5737
1149.85	45.6769
1149.87	43.7743
1149.9	41.9132
1149.93	39.5742
1149.97	37.3303
1150	35.1923
1150.04	33.2246
1150.06	32.2285
1150.07	31.3174
1150.09	30.3845
1150.11	29.5337
1150.13	28.6651
1150.14	27.8752
1150.16	27.1148
1150.18	26.3838
1150.21	25.2429
1150.23	24.2159
1150.25	23.7111
1150.26	23.2248
1150.27	22.7566
1150.29	22.3379
1150.3	21.9039
1150.32	21.4869
1150.34	20.7297
1150.37	20.0316
1150.4	19.3896
1150.42	18.7796
1150.45	18.2419
1150.48	17.7504
1150.51	17.3021
1150.53	16.8792
1150.56	16.509
1150.59	16.1727
1150.61	15.8674
1150.64	15.6397
1150.66	15.4387
1150.68	15.2525
1150.7	15.08
1150.74	14.7721
1150.78	14.5076
1150.83	14.2799
1150.87	14.0831
1150.91	13.9125
1150.95	13.7637
1150.99	13.6302
1151.04	13.5152
1151.08	13.4129
1151.12	13.3211
1151.2	13.1627
1151.29	13.0295
1151.4	12.8822
1151.51	12.7577
1151.62	12.6488
1151.72	12.5519
1151.94	12.3844
1152.16	12.2446
1152.35	12.1395
1152.54	12.0466
1152.92	11.8866
1153.29	11.7519
1153.67	11.635
1154.07	11.5249
1154.46	11.4239
1154.86	11.3288
1155.26	11.2364
1155.77	11.116
1156.03	11.0537
1156.29	10.9885
1156.55	10.9189
1156.8	10.8431
1156.93	10.802
1157.06	10.7583
1157.19	10.7119
1157.32	10.663
1157.38	10.6417
1157.43	10.6206
1157.49	10.5999
1157.54	10.5807
1157.6	10.5632
1157.65	10.549
1157.7	10.5393
1157.76	10.5365
1157.81	10.5432
1157.87	10.5625
1157.89	10.5789
1157.92	10.5997
1157.95	10.6259
1157.98	10.6584
1158	10.6995
1158.03	10.7473
1158.06	10.8039
1158.09	10.8703
1158.11	10.9508
1158.14	11.0406
1158.17	11.1437
1158.19	11.2613
1158.21	11.3584
1158.23	11.4646
1158.25	11.5805
1158.27	11.7
1158.3	11.9085
1158.33	12.1428
1158.36	12.4046
1158.39	12.6854
1158.42	13.0061
1158.45	13.3587
1158.48	13.7446
1158.51	14.1502
1158.54	14.604
1158.57	15.0931
1158.6	15.6176
1158.63	16.158
1158.66	16.7508
1158.69	17.3768
1158.72	18.0343
1158.75	18.698
1158.79	19.6053
1158.82	20.5241
1158.9	22.4371
1158.97	24.4178
1159.01	25.3847
1159.05	26.3299
1159.09	27.2661
1159.12	28.1321
1159.16	28.9416
1159.2	29.6838
1159.23	30.3485
1159.27	30.9262
1159.31	31.4891
1159.34	31.7631
1159.34	31.7722
1159.35	31.7989
1159.35	31.8164
1159.35	31.8503
1159.36	31.9144
1159.37	31.9942
1159.38	32.0643
1159.39	32.1144
1159.4	32.1623
1159.4	32.1833
1159.42	32.2251
1159.43	32.2531
1159.44	32.2711
1159.46	32.2794
1159.48	32.255
1159.52	32.1101
1159.55	31.8715
1159.59	31.5454
1159.62	31.1705
1159.65	30.7272
1159.68	30.2208
1159.72	29.6757
1159.77	28.6369
1159.82	27.5125
1159.92	25.0728
1160.01	23.0711
1160.05	22.1002
1160.09	21.1556
1160.13	20.2245
1160.17	19.3586
1160.19	18.9334
1160.21	18.5409
1160.23	18.1422
1160.26	17.7756
1160.28	17.4048
1160.3	17.0487
1160.32	16.7074
1160.34	16.3962
1160.36	16.0839
1160.38	15.8002
1160.4	15.5165
1160.42	15.2596
1160.44	15.0037
1160.46	14.7728
1160.48	14.5434
1160.5	14.3372
1160.52	14.1329
1160.54	13.9497
1160.56	13.7689
1160.58	13.6071
1160.61	13.4478
1160.63	13.2988
1160.65	13.1596
1160.67	13.0357
1160.71	12.8061
1160.75	12.6066
1160.79	12.4336
1160.83	12.2839
1160.87	12.1544
1160.91	12.0424
1160.96	11.941
1161	11.8536
1161.04	11.7779
1161.09	11.712
1161.13	11.6544
1161.17	11.6035
1161.21	11.5582
1161.26	11.5176
1161.3	11.4808
1161.34	11.4471
1161.43	11.3873
1161.51	11.3348
1161.6	11.2875
1161.77	11.2033
1161.94	11.1282
1162.12	11.0589
1162.29	10.9935
1162.53	10.9061
1162.74	10.8315
1162.95	10.7576
1163.16	10.6823
1163.37	10.6051
1163.58	10.5239
1163.79	10.4381
1163.99	10.3456
1164.2	10.2444
1164.46	10.1052
1164.59	10.0278
1164.71	9.94389
1164.84	9.85303
1164.97	9.75579
1165.03	9.70528
1165.09	9.6557
1165.16	9.60701
1165.22	9.56312
1165.26	9.53775
1165.3	9.5175
1165.35	9.50339
1165.39	9.49743
1165.43	9.50243
1165.47	9.52126
1165.51	9.5576
1165.55	9.61581
1165.59	9.70355
1165.63	9.82276
1165.65	9.89889
1165.67	9.9821
1165.7	10.0818
1165.72	10.1895
1165.74	10.3171
1165.76	10.4536
1165.78	10.6141
1165.8	10.7844
1165.82	10.983
1165.84	11.1924
1165.86	11.435
1165.88	11.6892
1165.91	12.0705
1165.93	12.4824
1165.96	12.9414
1165.99	13.4507
1166.01	14.0363
1166.04	14.6581
1166.06	15.3399
1166.09	16.0845
1166.12	16.9273
1166.14	17.8084
1166.17	18.7599
1166.2	19.7837
1166.22	20.8813
1166.25	22.0535
1166.27	23.301
1166.3	24.6236
1166.32	25.7462
1166.34	26.9168
1166.38	29.3361
1166.42	31.9232
1166.46	34.6628
1166.5	37.5346
1166.55	40.5137
1166.63	46.6704
1166.71	52.9219
1166.75	55.9129
1166.79	58.7809
1166.84	61.7348
1166.88	64.3737
1166.91	65.9014
1166.94	67.2496
1166.94	67.4382
1166.95	67.9417
1166.96	68.4224
1167	69.9336
1167.02	70.6772
1167.05	71.2562
1167.06	71.5207
1167.07	71.7579
1167.08	71.9677
1167.1	72.2235
1167.1	72.2914
1167.1	72.3415
1167.11	72.4407
1167.12	72.5132
1167.14	72.6323
1167.16	72.6471
1167.19	72.5496
1167.21	72.2911
1167.26	71.4859
1167.28	70.8213
1167.31	70.0179
1167.35	68.3194
1167.4	66.3159
1167.45	63.3465
1167.51	60.0013
1167.56	57.1126
1167.6	54.1727
1167.69	48.1504
1167.72	45.7669
1167.76	43.4874
1167.79	41.2597
1167.82	39.0981
1167.86	37.015
1167.89	35.0204
1167.93	33.1223
1167.96	31.3269
1167.98	30.1727
1168	29.1152
1168.03	28.1036
1168.05	27.138
1168.07	26.2184
1168.09	25.3443
1168.12	24.5152
1168.14	23.7304
1168.16	22.9561
1168.18	22.2587
1168.2	21.6023
1168.23	20.9854
1168.25	20.4068
1168.27	19.8649
1168.29	19.3582
1168.31	18.885
1168.33	18.4827
1168.35	18.1239
1168.37	17.7868
1168.39	17.4704
1168.41	17.1737
1168.43	16.8956
1168.45	16.6352
1168.47	16.3915
1168.49	16.1635
1168.51	15.9504
1168.54	15.5652
1168.58	15.2293
1168.62	14.9363
1168.66	14.6746
1168.7	14.4525
1168.73	14.2582
1168.77	14.0879
1168.81	13.9381
1168.85	13.8057
1168.89	13.6883
1168.92	13.5836
1168.97	13.4734
1169.01	13.3777
1169.1	13.2145
1169.19	13.0777
1169.28	12.9624
1169.37	12.8606
1169.45	12.7712
1169.63	12.6163
1169.8	12.4915
1169.97	12.3835
1170.14	12.2885
1170.31	12.2045
1170.64	12.0604
1170.98	11.9407
1171.43	11.8075
1171.88	11.6966
1172.33	11.6014
1172.78	11.5178
1173.55	11.3935
1174.33	11.2857
1175.1	11.1882
1175.87	11.0968
1176.38	11.0375
1177.41	10.9182
1178.05	10.8401
1178.7	10.7559
1179.34	10.6613
1179.66	10.6079
1179.98	10.5492
1180.34	10.4756
1180.69	10.3896
1180.87	10.3401
1181.04	10.2849
1181.22	10.2229
1181.31	10.1893
1181.4	10.1539
1181.5	10.1096
1181.55	10.0873
1181.61	10.0651
1181.66	10.0431
1181.71	10.0229
1181.76	10.005
1181.81	9.9907
1181.87	9.98177
1181.92	9.98088
1181.97	9.99083
1182.02	10.0154
1182.05	10.0355
1182.08	10.0605
1182.1	10.0917
1182.13	10.1301
1182.15	10.1766
1182.18	10.232
1182.21	10.2976
1182.23	10.3743
1182.27	10.5052
1182.31	10.6603
1182.34	10.8465
1182.38	11.0677
1182.39	11.1927
1182.41	11.328
1182.43	11.4742
1182.45	11.6317
1182.47	11.8011
1182.49	11.983
1182.5	12.1779
1182.52	12.3863
1182.54	12.6215
1182.56	12.8593
1182.58	13.1122
1182.59	13.3805
1182.61	13.6648
1182.63	13.9654
1182.65	14.2828
1182.67	14.6173
1182.68	14.9691
1182.7	15.3385
1182.72	15.7258
1182.74	16.1309
1182.76	16.5542
1182.77	16.9954
1182.81	17.9319
1182.83	18.5673
1182.86	19.2016
1182.9	20.5449
1182.94	21.9808
1182.99	23.4984
1183.03	25.1201
1183.08	26.756
1183.16	30.093
1183.21	31.7836
1183.25	33.3908
1183.3	34.9255
1183.34	36.3605
1183.38	37.6695
1183.43	38.8277
1183.46	39.4761
1183.48	40.0492
1183.52	40.6065
1183.54	40.9264
1183.56	41.1485
1183.57	41.2664
1183.58	41.3706
1183.59	41.4455
1183.6	41.5309
1183.6	41.5557
1183.62	41.6189
1183.63	41.6654
1183.64	41.6933
1183.65	41.7084
1183.67	41.6883
1183.71	41.5541
1183.74	41.3342
1183.77	41.0219
1183.79	40.681
1183.82	40.2766
1183.86	39.3122
1183.9	38.5701
1183.93	37.7494
1183.99	35.9091
1184.06	33.8356
1184.12	31.6731
1184.19	29.4327
1184.25	27.253
1184.28	26.323
1184.31	25.4136
1184.33	24.5284
1184.36	23.7009
1184.39	22.8724
1184.42	22.0764
1184.44	21.3146
1184.47	20.6138
1184.5	19.9231
1184.53	19.2695
1184.56	18.6532
1184.58	18.0943
1184.61	17.5509
1184.64	17.0436
1184.67	16.5716
1184.69	16.1487
1184.72	15.8269
1184.74	15.5246
1184.76	15.2412
1184.78	14.976
1184.8	14.7281
1184.83	14.4968
1184.85	14.2813
1184.87	14.0806
1184.89	13.8942
1184.91	13.7211
1184.94	13.5605
1184.96	13.4117
1184.98	13.2739
1185	13.1465
1185.05	12.9246
1185.09	12.7304
1185.13	12.5648
1185.18	12.4236
1185.22	12.3054
1185.26	12.2015
1185.31	12.1122
1185.35	12.0349
1185.39	11.969
1185.44	11.906
1185.49	11.8507
1185.54	11.8017
1185.58	11.7588
1185.68	11.6831
1185.77	11.6198
1185.86	11.5676
1185.95	11.5209
1186.12	11.4401
1186.3	11.3711
1186.47	11.3107
1186.65	11.2566
1186.82	11.2081
1187.17	11.1232
1187.47	11.0592
1187.78	11.0018
1188.39	10.9006
1188.99	10.8108
1189.6	10.7272
1190.35	10.6265
1190.72	10.5752
1191.1	10.5221
1191.47	10.466
1191.85	10.4055
1192.22	10.3385
1192.41	10.3017
1192.59	10.2622
1192.74	10.2274
1192.9	10.1898
1193.05	10.1489
1193.2	10.1042
1193.35	10.0551
1193.43	10.0291
1193.5	10.0023
1193.58	9.97526
1193.66	9.94905
1193.69	9.93672
1193.73	9.92528
1193.77	9.91509
1193.81	9.90661
1193.86	9.89935
1193.9	9.8969
1193.95	9.90093
1193.99	9.91313
1194.04	9.93649
1194.09	9.97388
1194.14	10.0289
1194.18	10.1038
1194.21	10.1526
1194.23	10.2065
1194.25	10.2709
1194.28	10.3412
1194.3	10.4242
1194.32	10.5138
1194.35	10.6141
1194.37	10.7258
1194.39	10.8555
1194.42	10.9933
1194.44	11.1451
1194.46	11.3118
1194.49	11.5026
1194.51	11.7025
1194.53	11.9199
1194.55	12.1556
1194.59	12.4919
1194.61	12.8493
1194.64	13.24
1194.67	13.665
1194.7	14.1417
1194.73	14.6391
1194.76	15.1727
1194.79	15.7425
1194.82	16.3699
1194.85	17.0121
1194.88	17.6884
1194.91	18.3972
1194.93	19.1365
1194.96	19.9037
1195.02	21.5099
1195.09	23.3921
1195.15	25.2824
1195.22	27.1811
1195.25	28.0884
1195.28	28.9666
1195.31	29.8078
1195.34	30.604
1195.38	31.3473
1195.41	32.0305
1195.44	32.6467
1195.47	33.1897
1195.51	33.7697
1195.53	34.0027
1195.55	34.1742
1195.56	34.2884
1195.57	34.3735
1195.58	34.4358
1195.6	34.5063
1195.6	34.5321
1195.61	34.5557
1195.62	34.6065
1195.63	34.6376
1195.64	34.6577
1195.65	34.6676
1195.68	34.6412
1195.71	34.5053
1195.74	34.3214
1195.77	34.0812
1195.8	33.7571
1195.83	33.3822
1195.86	32.9502
1195.88	32.4649
1195.93	31.4583
1195.99	30.3178
1196.04	29.0737
1196.09	27.7833
1196.17	25.4568
1196.22	24.3046
1196.26	23.1711
1196.3	22.0442
1196.35	20.9864
1196.37	20.4648
1196.39	19.9805
1196.41	19.4883
1196.43	19.0335
1196.45	18.6559
1196.47	18.2897
1196.49	17.9351
1196.5	17.5924
1196.52	17.2617
1196.54	16.9429
1196.56	16.6361
1196.58	16.3574
1196.59	16.0738
1196.61	15.802
1196.63	15.5418
1196.65	15.2931
1196.66	15.0557
1196.68	14.8293
1196.7	14.6137
1196.72	14.4197
1196.74	14.2242
1196.75	14.0387
1196.79	13.6962
1196.83	13.3896
1196.86	13.1233
1196.9	12.8793
1196.93	12.6688
1196.97	12.4771
1197	12.3124
1197.03	12.1946
1197.06	12.0879
1197.09	11.9915
1197.12	11.9043
1197.14	11.8255
1197.17	11.7541
1197.23	11.6311
1197.28	11.5298
1197.34	11.4458
1197.39	11.3755
1197.45	11.316
1197.51	11.2649
1197.56	11.2204
1197.62	11.1812
1197.67	11.1462
1197.73	11.1144
1197.79	11.0854
1197.9	11.0336
1198.01	10.9877
1198.12	10.9469
1198.35	10.8758
1198.57	10.8148
1198.8	10.7612
1199.02	10.7133
1199.24	10.6698
1199.69	10.5928
1200.08	10.5339
1200.47	10.4802
1200.85	10.4302
1201.24	10.3829
1202.01	10.294
1202.79	10.2096
1203.44	10.1401
1204.74	10.0009
1205.64	9.90208
1206.54	9.79839
1207.43	9.6875
1208.33	9.56665
1208.98	9.47046
1209.63	9.36532
1210.28	9.24876
1210.93	9.11742
1211.38	9.01577
1211.83	8.9023
1212.28	8.7737
1212.73	8.62516
1213.03	8.50862
1213.34	8.37649
1213.49	8.30275
1213.64	8.22301
1213.8	8.13631
1213.95	8.0422
1214.06	7.96717
1214.17	7.88713
1214.29	7.80255
1214.4	7.71542
1214.45	7.67232
1214.51	7.63092
1214.56	7.59284
1214.62	7.56038
1214.68	7.53672
1214.73	7.52615
1214.79	7.53436
1214.82	7.54775
1214.85	7.56877
1214.88	7.60904
1214.92	7.66702
1214.95	7.74618
1214.99	7.8472
1215.02	7.98019
1215.06	8.1476
1215.1	8.35494
1215.13	8.60052
1215.15	8.74569
1215.17	8.90481
1215.18	9.07876
1215.2	9.26848
1215.22	9.47492
1215.24	9.69905
1215.26	9.94187
1215.27	10.1893
1215.29	10.4714
1215.31	10.7751
1215.33	11.1017
1215.35	11.4319
1215.36	11.8057
1215.38	12.2054
1215.4	12.6319
1215.42	13.0603
1215.43	13.4323
1215.44	13.8222
1215.47	14.6573
1215.5	15.5688
1215.53	16.5598
1215.56	17.6326
1215.58	18.7895
1215.61	20.032
1215.64	21.3608
1215.67	22.7764
1215.7	24.278
1215.72	25.8645
1215.75	27.5334
1215.78	29.2817
1215.81	31.1051
1215.84	32.9987
1215.86	34.9561
1215.92	39.1076
1215.98	43.3439
1216.03	47.6522
1216.09	51.9367
1216.12	54.6299
1216.16	57.1697
1216.2	59.6728
1216.23	61.9726
1216.26	63.9966
1216.3	65.8592
1216.31	66.3888
1216.33	67.4446
1216.37	69.4322
1216.4	70.5672
1216.43	71.3348
1216.45	71.803
1216.46	72.0535
1216.47	72.2767
1216.48	72.4724
1216.5	72.72
1216.5	72.7568
1216.5	72.8026
1216.51	72.8921
1216.52	72.9558
1216.54	73.0384
1216.55	73.0608
1216.57	73.0011
1216.61	72.7135
1216.64	72.154
1216.67	71.5547
1216.69	70.8123
1216.72	69.7487
1216.75	68.5022
1216.78	67.1827
1216.81	65.7271
1216.87	62.5206
1216.93	58.552
1217	54.2818
1217.12	45.8349
1217.17	41.6853
1217.21	39.6709
1217.23	37.774
1217.27	35.3759
1217.31	33.1484
1217.35	31.0369
1217.37	30.0002
1217.38	29.0488
1217.4	28.0776
1217.42	27.189
1217.44	26.2846
1217.46	25.4597
1217.48	24.6227
1217.49	23.8614
1217.51	23.091
1217.53	22.3923
1217.55	21.7963
1217.56	21.2236
1217.58	20.6738
1217.59	20.1787
1217.61	19.672
1217.63	19.1868
1217.64	18.7226
1217.66	18.306
1217.67	17.881
1217.69	17.4754
1217.7	17.0886
1217.72	16.7425
1217.75	16.0758
1217.78	15.4709
1217.81	14.9065
1217.85	14.4133
1217.88	13.9549
1217.91	13.5557
1217.94	13.1857
1217.97	12.8641
1218	12.5752
1218.03	12.3157
1218.07	12.0753
1218.1	11.8662
1218.13	11.6721
1218.16	11.5028
1218.19	11.345
1218.22	11.2066
1218.25	11.0769
1218.28	10.9624
1218.35	10.758
1218.41	10.5841
1218.47	10.4332
1218.54	10.302
1218.63	10.1306
1218.72	9.98059
1218.81	9.84287
1218.9	9.71656
1219.09	9.4827
1219.27	9.2668
1219.42	9.09684
1219.56	8.93066
1219.71	8.76327
1219.86	8.5945
1220.01	8.42011
1220.08	8.33155
1220.16	8.24189
1220.23	8.15051
1220.31	8.06107
1220.38	7.97456
1220.46	7.89468
1220.5	7.85623
1220.54	7.82267
1220.58	7.7956
1220.62	7.77699
1220.65	7.76926
1220.69	7.77532
1220.73	7.79868
1220.77	7.84349
1220.82	7.91464
1220.86	8.01782
1220.89	8.15958
1220.91	8.24723
1220.93	8.3474
1220.95	8.46118
1220.97	8.58971
1220.99	8.73421
1221.02	8.89593
1221.04	9.07621
1221.06	9.27642
1221.08	9.49801
1221.09	9.72968
1221.11	9.94175
1221.13	10.1702
1221.16	10.6625
1221.17	10.9439
1221.19	11.245
1221.2	11.5666
1221.22	11.8876
1221.24	12.2516
1221.25	12.6387
1221.27	13.0499
1221.28	13.4579
1221.3	13.9179
1221.32	14.4045
1221.33	14.9184
1221.35	15.4257
1221.36	15.9948
1221.38	16.5934
1221.39	17.2222
1221.41	17.8397
1221.42	18.5289
1221.44	19.2501
1221.47	20.7401
1221.5	22.409
1221.53	24.1542
1221.57	26.0262
1221.6	28.0244
1221.63	30.429
1221.67	32.9105
1221.7	35.5278
1221.73	38.2705
1221.77	41.2114
1221.8	44.1666
1221.87	50.2923
1221.97	59.2224
1222.02	63.6507
1222.07	67.8257
1222.11	71.5194
1222.15	74.8589
1222.17	75.8552
1222.19	77.3488
1222.24	80.1608
1222.28	82.4602
1222.31	83.7984
1222.33	84.5024
1222.35	85.0183
1222.36	85.336
1222.37	85.6148
1222.39	85.9921
1222.4	86.0838
1222.4	86.1394
1222.41	86.2695
1222.43	86.3585
1222.44	86.4511
1222.47	86.4328
1222.49	86.2601
1222.52	85.8412
1222.56	84.778
1222.61	83.0587
1222.65	81.263
1222.69	79.1429
1222.74	76.1401
1222.79	72.7709
1222.83	69.5825
1222.87	66.3063
1222.95	59.4641
1223	55.3986
1223.05	51.3722
1223.09	47.4439
1223.14	43.7408
1223.18	40.5836
1223.22	37.6617
1223.24	36.2315
1223.27	34.9132
1223.29	33.5761
1223.31	32.3484
1223.33	31.108
1223.35	29.9177
1223.37	28.7778
1223.39	27.7389
1223.41	26.6967
1223.43	25.75
1223.45	24.8035
1223.47	23.9465
1223.5	22.974
1223.52	22.0609
1223.54	21.2051
1223.57	20.4047
1223.59	19.6574
1223.62	18.9608
1223.64	18.3125
1223.66	17.7345
1223.69	17.1739
1223.71	16.6544
1223.73	16.1736
1223.76	15.729
1223.78	15.3184
1223.81	14.9395
1223.83	14.59
1223.85	14.2807
1223.88	13.9948
1223.9	13.7304
1223.92	13.4861
1223.94	13.2601
1223.97	13.0512
1223.99	12.8579
1224.04	12.52
1224.08	12.2224
1224.13	11.9703
1224.17	11.7459
1224.22	11.5533
1224.26	11.3792
1224.31	11.2272
1224.36	11.0874
1224.4	10.9632
1224.49	10.7416
1224.58	10.5494
1224.71	10.308
1224.84	10.0964
1224.97	9.90415
1225.1	9.72596
1225.23	9.55716
1225.36	9.39788
1225.62	9.09689
1225.76	8.94369
1226.04	8.64282
1226.25	8.4195
1226.46	8.19657
1226.67	7.96934
1226.87	7.73765
1227.08	7.49696
1227.29	7.24724
1227.5	6.98499
1227.71	6.70767
1227.9	6.436
1228.09	6.1486
1228.19	5.99703
1228.28	5.84201
1228.38	5.68008
1228.47	5.51447
1228.57	5.34167
1228.66	5.16542
1228.76	4.9825
1228.85	4.79778
1228.95	4.60951
1229.05	4.42551
1229.14	4.25083
1229.19	4.16976
1229.23	4.09788
1229.28	4.03516
1229.33	3.98722
1229.38	3.95925
1229.43	3.9579
1229.45	3.96977
1229.48	3.99165
1229.5	4.02494
1229.52	4.07122
1229.55	4.13226
1229.57	4.21003
1229.6	4.30672
1229.62	4.41938
1229.64	4.56038
1229.67	4.72824
1229.69	4.92621
1229.71	5.15783
1229.74	5.427
1229.76	5.73798
1229.79	6.09538
1229.81	6.48608
1229.82	6.71024
1229.83	6.94927
1229.85	7.2039
1229.86	7.4749
1229.87	7.76306
1229.88	8.0692
1229.89	8.39418
1229.91	8.73887
1229.92	9.10418
1229.93	9.49103
1229.94	9.9004
1229.95	10.3333
1229.96	10.7907
1229.98	11.2736
1229.99	11.7832
1230	12.2746
1230.01	12.7902
1230.02	13.3309
1230.03	13.8974
1230.04	14.4909
1230.06	15.1121
1230.07	15.7621
1230.09	17.0862
1230.1	17.8253
1230.11	18.5969
1230.13	20.1641
1230.15	21.945
1230.17	23.7851
1230.19	25.8678
1230.22	28.1172
1230.24	30.5418
1230.26	33.0272
1230.28	35.8178
1230.3	38.6672
1230.33	41.8539
1230.35	45.0948
1230.37	48.3676
1230.39	51.8268
1230.41	55.4768
1230.42	59.1245
1230.43	60.9144
1230.45	65.0365
1230.47	69.139
1230.5	75.9898
1230.53	83.0488
1230.56	90.5355
1230.59	98.445
1230.61	105.013
1230.64	111.834
1230.66	118.899
1230.68	125.878
1230.73	141.112
1230.77	156.757
1230.82	174.092
1230.87	191.887
1230.96	227.864
1231.01	245.481
1231.06	262.103
1231.1	274.885
1231.13	286.608
1231.19	302.423
1231.24	314.363
1231.28	324.125
1231.33	332.199
1231.37	335.931
1231.39	338.58
1231.4	338.927
1231.41	339.309
1231.42	340.18
1231.44	340.713
1231.47	340.935
1231.52	339.227
1231.56	335.524
1231.6	330.323
1231.64	323.722
1231.69	314.86
1231.73	304.496
1231.78	292.553
1231.82	279.784
1231.87	265.845
1231.91	251.586
1232	222.091
1232.04	206.932
1232.09	192.312
1232.13	177.734
1232.18	163.984
1232.21	154.66
1232.24	145.956
1232.27	137.592
1232.3	129.586
1232.33	121.952
1232.36	114.699
1232.39	107.834
1232.42	101.357
1232.44	96.6537
1232.46	92.3652
1232.48	88.2798
1232.51	84.3941
1232.53	80.7039
1232.55	77.2045
1232.57	73.8907
1232.59	70.7569
1232.62	67.6666
1232.64	64.8819
1232.66	62.2581
1232.68	59.7887
1232.7	57.4667
1232.73	55.2855
1232.75	53.2383
1232.77	51.3183
1232.79	49.4399
1232.82	47.7595
1232.84	46.1864
1232.86	44.7144
1232.88	43.2771
1232.9	41.9933
1232.93	40.7928
1232.95	39.6703
1232.97	38.5746
1232.99	37.596
1233.02	36.6804
1233.04	35.8236
1233.06	35.0213
1233.08	34.2698
1233.13	32.9043
1233.17	31.7263
1233.21	30.7039
1233.25	29.7907
1233.29	28.9713
1233.34	28.216
1233.38	27.5485
1233.42	26.9409
1233.46	26.385
1233.51	25.8624
1233.55	25.3915
1233.63	24.5479
1233.72	23.8027
1233.8	23.1511
1233.89	22.535
1233.98	21.9817
1234.07	21.4808
1234.16	21.0291
1234.25	20.6103
1234.33	20.2288
1234.42	19.872
1234.51	19.5445
1234.65	19.0783
1234.78	18.658
1234.92	18.2768
1235.06	17.9315
1235.19	17.6127
1235.33	17.3192
1235.47	17.048
1235.61	16.7983
1235.78	16.4972
1235.96	16.2231
1236.14	15.9709
1236.31	15.738
1236.67	15.3196
1237.02	14.9556
1237.44	14.5789
1237.86	14.2494
1238.28	13.9556
1238.7	13.6914
1239.05	13.4854
1239.41	13.2938
1239.76	13.1137
1240.11	12.9429
1240.82	12.6222
1241.53	12.32
1241.98	12.1315
1242.43	11.9425
1242.88	11.7494
1243.33	11.5484
1243.69	11.3806
1244.04	11.2011
1244.4	11.0044
1244.58	10.898
1244.75	10.7847
1245.01	10.6045
1245.14	10.5062
1245.27	10.4022
1245.4	10.2899
1245.52	10.1691
1245.65	10.0394
1245.78	9.90237
1245.87	9.80404
1245.96	9.70655
1246	9.6593
1246.05	9.6158
1246.09	9.57636
1246.14	9.54278
1246.18	9.51689
1246.23	9.50275
1246.27	9.50324
1246.31	9.52271
1246.36	9.56777
1246.4	9.64284
1246.45	9.75611
1246.47	9.82975
1246.49	9.91632
1246.52	10.0628
1246.55	10.2351
1246.58	10.4415
1246.61	10.6861
1246.64	10.9837
1246.67	11.3201
1246.7	11.7092
1246.73	12.1561
1246.75	12.4201
1246.76	12.6846
1246.79	13.2664
1246.81	13.585
1246.82	13.923
1246.84	14.2812
1246.85	14.6603
1246.87	15.061
1246.88	15.484
1246.9	15.93
1246.91	16.3996
1246.93	16.8935
1246.94	17.4124
1246.96	17.957
1246.97	18.5276
1247	19.4548
1247.02	20.4022
1247.04	21.4103
1247.06	22.4803
1247.09	23.6131
1247.11	24.8097
1247.13	26.0703
1247.15	27.3952
1247.17	28.8488
1247.2	30.3041
1247.24	33.4012
1247.28	36.7358
1247.33	40.2889
1247.36	42.9096
1247.39	45.5261
1247.45	50.9478
1247.51	56.5257
1247.57	62.1282
1247.61	65.5318
1247.64	68.7638
1247.68	71.8828
1247.71	74.8543
1247.75	77.4196
1247.78	79.7379
1247.78	80.1522
1247.81	81.6123
1247.85	84.2336
1247.89	86.4176
1247.92	87.333
1247.94	88.1251
1247.95	88.6218
1247.97	88.9237
1247.98	89.3262
1248	89.6501
1248	89.7148
1248.01	89.8572
1248.02	89.9618
1248.04	90.114
1248.06	90.1545
1248.09	90.044
1248.12	89.6535
1248.16	88.7812
1248.19	87.9933
1248.21	87.0388
1248.25	85.2141
1248.29	83.0864
1248.34	80.3939
1248.38	77.385
1248.42	74.347
1248.46	71.1321
1248.55	64.4474
1248.63	57.6134
1248.67	54.1989
1248.71	50.9419
1248.75	47.7091
1248.79	44.6824
1248.83	41.7304
1248.85	40.3506
1248.87	39.0123
1248.89	37.6529
1248.91	36.4029
1248.93	35.1972
1248.95	34.0361
1248.97	32.9201
1248.99	31.8489
1249.01	30.8227
1249.03	29.8409
1249.05	28.7661
1249.08	27.7917
1249.1	26.8686
1249.12	25.9955
1249.14	25.1711
1249.16	24.394
1249.19	23.6625
1249.21	22.975
1249.23	22.3013
1249.25	21.6982
1249.27	21.1336
1249.3	20.6057
1249.32	20.1127
1249.34	19.6527
1249.36	19.2238
1249.38	18.8244
1249.41	18.469
1249.42	18.1526
1249.45	17.8565
1249.46	17.5795
1249.49	17.3079
1249.51	17.0665
1249.55	16.6297
1249.59	16.2388
1249.63	15.9056
1249.67	15.6066
1249.71	15.3505
1249.75	15.1192
1249.79	14.9195
1249.83	14.7374
1249.87	14.5785
1249.91	14.4318
1249.95	14.3023
1250.03	14.0727
1250.08	13.9437
1250.14	13.8261
1250.24	13.6191
1250.34	13.4379
1250.44	13.2757
1250.55	13.1277
1250.65	12.991
1250.86	12.7432
1251.09	12.4895
1251.27	12.3139
1251.45	12.1479
1251.62	11.9867
1251.8	11.8299
1251.98	11.6735
1252.15	11.5163
1252.33	11.3563
1252.51	11.1921
1252.68	11.0195
1252.86	10.8366
1253.04	10.6402
1253.12	10.5367
1253.21	10.4289
1253.29	10.3259
1253.38	10.22
1253.46	10.1123
1253.54	10.0056
1253.62	9.90445
1253.66	9.85773
1253.7	9.81677
1253.74	9.7813
1253.78	9.75518
1253.82	9.73978
1253.86	9.73903
1253.9	9.75546
1253.94	9.79296
1253.98	9.85634
1254.02	9.94834
1254.06	10.0801
1254.09	10.257
1254.11	10.3678
1254.13	10.4872
1254.15	10.6215
1254.17	10.7718
1254.19	10.9486
1254.21	11.1357
1254.23	11.3541
1254.25	11.5834
1254.27	11.8495
1254.29	12.1272
1254.31	12.4308
1254.33	12.7617
1254.35	13.1415
1254.37	13.5338
1254.38	13.9584
1254.4	14.4171
1254.42	14.9385
1254.44	15.4722
1254.46	16.0451
1254.48	16.6587
1254.5	17.3863
1254.52	18.1293
1254.54	18.923
1254.56	19.769
1254.58	20.7153
1254.6	21.6735
1254.62	22.6885
1254.64	23.7614
1254.66	24.9516
1254.68	26.1465
1254.7	27.4019
1254.72	28.7182
1254.74	30.0956
1254.76	31.534
1254.8	34.592
1254.84	37.8006
1254.88	41.2227
1254.92	44.843
1254.96	48.5419
1255	52.4891
1255.04	56.4537
1255.11	64.7092
1255.19	73.4187
1255.23	77.7069
1255.27	81.7396
1255.31	85.2898
1255.35	88.6237
1255.36	89.3122
1255.38	91.4619
1255.43	94.7647
1255.47	97.3596
1255.5	99.2303
1255.52	100.354
1255.54	101.123
1255.56	101.815
1255.58	102.409
1255.6	102.77
1255.6	102.847
1255.62	103.064
1255.63	103.228
1255.65	103.379
1255.67	103.383
1255.7	103.22
1255.73	102.633
1255.78	101.312
1255.83	99.336
1255.87	97.0751
1255.91	94.3932
1255.96	90.9548
1256	87.2141
1256.07	81.2591
1256.14	74.9177
1256.23	65.903
1256.28	61.5034
1256.32	57.2199
1256.35	54.334
1256.39	51.5406
1256.42	48.8512
1256.45	46.3537
1256.48	43.8941
1256.51	41.6311
1256.54	39.4224
1256.58	37.4078
1256.6	35.933
1256.62	34.5889
1256.64	33.3118
1256.67	32.1009
1256.69	30.9066
1256.72	29.8269
1256.74	28.8089
1256.76	27.8508
1256.79	26.9127
1256.81	26.0706
1256.83	25.2818
1256.85	24.5442
1256.88	23.8552
1256.9	23.2126
1256.92	22.614
1256.95	22.0569
1256.98	21.3465
1257.01	20.7249
1257.04	20.1461
1257.07	19.6409
1257.1	19.1713
1257.13	18.762
1257.17	18.3819
1257.2	18.0505
1257.23	17.7424
1257.26	17.4735
1257.29	17.2229
1257.32	17.0034
1257.36	16.7982
1257.39	16.6176
1257.42	16.4478
1257.45	16.2976
1257.5	16.093
1257.54	15.9157
1257.59	15.7539
1257.64	15.6114
1257.73	15.3613
1257.82	15.1517
1257.91	14.9678
1258.01	14.8069
1258.1	14.6607
1258.19	14.5294
1258.31	14.3768
1258.43	14.2389
1258.66	13.9989
1258.9	13.7938
1259.13	13.6167
1259.32	13.4918
1259.5	13.3784
1259.87	13.1781
1260.24	13.005
1260.61	12.8524
1261.12	12.6692
1261.62	12.5072
1262.13	12.3607
1262.63	12.2255
1263.44	12.0251
1264.25	11.8361
1265.02	11.6575
1265.8	11.4751
1266.57	11.2807
1266.96	11.1762
1267.35	11.0648
1267.72	10.9494
1268.09	10.8237
1268.46	10.6844
1268.83	10.5273
1269.15	10.373
1269.47	10.1962
1269.63	10.0973
1269.79	9.98992
1269.95	9.87261
1270.11	9.74457
1270.29	9.57862
1270.38	9.48741
1270.48	9.39173
1270.57	9.28964
1270.66	9.18417
1270.75	9.07525
1270.85	8.9698
1270.89	8.92144
1270.94	8.87801
1270.98	8.84021
1271.02	8.81034
1271.07	8.79103
1271.11	8.78684
1271.16	8.80168
1271.2	8.84101
1271.25	8.91341
1271.29	9.02366
1271.31	9.09627
1271.33	9.18223
1271.36	9.28293
1271.38	9.39986
1271.4	9.53463
1271.42	9.68893
1271.44	9.86455
1271.47	10.0634
1271.49	10.2876
1271.51	10.5391
1271.53	10.8202
1271.55	11.1332
1271.58	11.5139
1271.6	11.92
1271.62	12.3695
1271.65	12.8654
1271.67	13.4107
1271.69	14.0086
1271.72	14.6622
1271.74	15.3747
1271.76	16.1842
1271.79	17.0264
1271.81	17.9367
1271.83	18.918
1271.85	19.9729
1271.88	21.104
1271.9	22.3137
1271.92	23.604
1271.95	25.0382
1271.97	26.4984
1271.99	28.0436
1272.02	29.6745
1272.04	31.468
1272.06	33.2744
1272.09	35.1657
1272.11	37.1407
1272.13	39.2888
1272.16	41.4285
1272.2	45.9327
1272.25	50.7092
1272.29	55.7155
1272.35	61.4711
1272.4	67.2437
1272.45	73.1685
1272.5	78.9099
1272.55	85.0189
1272.61	90.6672
1272.62	92.5459
1272.65	95.0084
1272.7	99.1802
1272.75	102.656
1272.79	105.21
1272.81	106.466
1272.83	107.47
1272.85	108.335
1272.87	109.056
1272.9	109.725
1272.9	109.812
1272.9	109.914
1272.92	110.14
1272.93	110.308
1272.95	110.456
1272.98	110.416
1273.01	110.036
1273.05	109.263
1273.08	108.311
1273.11	107.147
1273.14	105.534
1273.17	103.703
1273.21	100.76
1273.25	97.4021
1273.32	91.8624
1273.38	85.7718
1273.44	79.3405
1273.51	72.8752
1273.56	66.8619
1273.62	61.1102
1273.65	58.277
1273.68	55.6151
1273.71	52.9438
1273.73	50.4547
1273.77	47.7262
1273.8	45.2074
1273.83	42.741
1273.86	40.4839
1273.89	38.2922
1273.92	36.3028
1273.94	35.3271
1273.95	34.386
1273.97	33.479
1273.99	32.6592
1274.01	31.3072
1274.04	30.0405
1274.06	28.8564
1274.09	27.7929
1274.12	26.7617
1274.14	25.8391
1274.17	24.9479
1274.19	24.1532
1274.22	23.388
1274.24	22.6817
1274.27	22.0306
1274.29	21.4532
1274.32	20.9001
1274.35	20.4107
1274.37	19.9425
1274.4	19.5288
1274.43	19.0471
1274.46	18.627
1274.49	18.2367
1274.52	17.8961
1274.55	17.5794
1274.59	17.3026
1274.62	17.0445
1274.65	16.8183
1274.68	16.6065
1274.71	16.4199
1274.74	16.2444
1274.77	16.0889
1274.84	15.8102
1274.9	15.5725
1274.95	15.41
1275	15.2636
1275.1	15.0107
1275.19	14.7951
1275.29	14.6068
1275.39	14.4392
1275.48	14.288
1275.68	14.0231
1275.82	13.8579
1275.95	13.7088
1276.09	13.5716
1276.23	13.4441
1276.36	13.3244
1276.5	13.211
1276.57	13.1559
1276.64	13.1029
1276.71	13.0505
1276.77	13.0004
1276.82	12.9675
1276.87	12.9356
1276.91	12.9049
1276.96	12.8764
1277.02	12.8396
1277.05	12.8228
1277.08	12.8079
1277.12	12.7942
1277.15	12.783
1277.18	12.7737
1277.21	12.7674
1277.24	12.764
1277.27	12.7643
1277.3	12.7687
1277.34	12.7775
1277.37	12.7919
1277.4	12.8118
1277.43	12.8381
1277.46	12.8716
1277.49	12.9145
1277.52	12.965
1277.56	13.0273
1277.59	13.0985
1277.62	13.1839
1277.65	13.2793
1277.68	13.3881
1277.71	13.511
1277.74	13.6537
1277.77	13.808
1277.81	13.9848
1277.84	14.1735
1277.87	14.3869
1277.9	14.612
1277.93	14.8556
1277.96	15.1175
1277.99	15.3513
1278.01	15.5978
1278.04	15.8567
1278.07	16.1169
1278.12	16.6915
1278.17	17.294
1278.27	18.5975
1278.37	19.9475
1278.43	20.6148
1278.48	21.2415
1278.53	21.8378
1278.58	22.3669
1278.63	22.8116
1278.68	23.1767
1278.7	23.3425
1278.73	23.4793
1278.76	23.6054
1278.77	23.6397
1278.78	23.6774
1278.79	23.7076
1278.8	23.7364
1278.8	23.7435
1278.81	23.7585
1278.82	23.7783
1278.83	23.7933
1278.84	23.8056
1278.87	23.8087
1278.91	23.7617
1278.95	23.6323
1279	23.425
1279.05	23.1449
1279.09	22.8068
1279.14	22.4031
1279.18	21.9597
1279.23	21.466
1279.27	20.9407
1279.37	19.834
1279.41	19.2707
1279.46	18.7119
1279.5	18.165
1279.55	17.6473
1279.59	17.1412
1279.62	16.8983
1279.64	16.6626
1279.66	16.4345
1279.69	16.2144
1279.71	16.0024
1279.73	15.8074
1279.76	15.6118
1279.78	15.4248
1279.8	15.2461
1279.82	15.076
1279.85	14.9142
1279.87	14.7607
1279.89	14.6153
1279.91	14.4837
1279.94	14.3536
1279.96	14.231
1280.01	14.0073
1280.05	13.8104
1280.1	13.6415
1280.14	13.4906
1280.19	13.3596
1280.24	13.246
1280.28	13.1496
1280.33	13.0643
1280.37	12.9904
1280.42	12.9263
1280.46	12.8704
1280.51	12.8215
1280.56	12.7785
1280.6	12.7404
1280.65	12.707
1280.69	12.6763
1280.74	12.6483
1280.79	12.6227
1280.83	12.5996
1280.88	12.5775
1280.92	12.5568
1281.01	12.5191
1281.11	12.4844
1281.2	12.4525
1281.38	12.3942
1281.56	12.3415
1281.75	12.293
1282.07	12.2139
1282.4	12.1424
1282.73	12.0762
1283.06	12.0143
1283.38	11.9551
1283.71	11.8981
1284.37	11.7873
1284.83	11.7091
1285.29	11.6283
1285.74	11.5454
1285.96	11.5005
1286.18	11.4525
1286.29	11.4269
1286.4	11.4001
1286.51	11.3723
1286.57	11.3583
1286.62	11.3443
1286.68	11.3301
1286.73	11.3166
1286.79	11.3037
1286.85	11.2922
1286.9	11.2824
1286.96	11.2757
1287.01	11.2729
1287.07	11.2754
1287.12	11.2846
1287.17	11.3023
1287.22	11.331
1287.28	11.3733
1287.33	11.4324
1287.36	11.4701
1287.38	11.5118
1287.41	11.5612
1287.44	11.6153
1287.46	11.6786
1287.49	11.747
1287.52	11.8263
1287.54	11.9113
1287.57	12.0088
1287.6	12.1124
1287.62	12.2303
1287.65	12.3544
1287.68	12.4947
1287.7	12.6412
1287.73	12.8055
1287.76	12.9757
1287.78	13.1653
1287.81	13.3603
1287.84	13.5758
1287.86	13.7958
1287.89	14.0373
1287.91	14.282
1287.94	14.5384
1287.97	14.7956
1288.02	15.3506
1288.07	15.9417
1288.12	16.5497
1288.22	17.8291
1288.27	18.48
1288.32	19.1057
1288.37	19.6598
1288.41	20.1832
1288.46	20.6665
1288.5	21.0915
1288.55	21.4463
1288.59	21.7447
1288.63	21.9865
1288.66	22.0896
1288.66	22.1229
1288.68	22.1596
1288.69	22.1918
1288.7	22.2195
1288.7	22.2241
1288.71	22.2388
1288.72	22.2583
1288.73	22.2731
1288.74	22.2855
1288.77	22.2879
1288.81	22.2383
1288.85	22.1234
1288.9	21.9462
1288.94	21.6915
1288.99	21.3752
1289.03	21.0043
1289.08	20.596
1289.12	20.14
1289.17	19.6535
1289.26	18.6233
1289.34	17.5712
1289.39	17.0551
1289.43	16.5648
1289.48	16.083
1289.5	15.8457
1289.52	15.6249
1289.55	15.4011
1289.57	15.1939
1289.59	14.9847
1289.61	14.792
1289.64	14.5984
1289.66	14.4207
1289.68	14.243
1289.7	14.0806
1289.73	13.9187
1289.75	13.7714
1289.77	13.6313
1289.79	13.4984
1289.82	13.3668
1289.84	13.248
1289.88	13.0251
1289.93	12.828
1289.97	12.6546
1290.02	12.5028
1290.06	12.3705
1290.11	12.2554
1290.15	12.1577
1290.2	12.0711
1290.24	11.9961
1290.29	11.9311
1290.33	11.8746
1290.38	11.8254
1290.42	11.7823
1290.47	11.7443
1290.51	11.7113
1290.56	11.6811
1290.6	11.6537
1290.65	11.6289
1290.69	11.606
1290.78	11.5649
1290.87	11.5287
1290.96	11.4952
1291.05	11.464
1291.23	11.4059
1291.41	11.3509
1291.59	11.2976
1291.97	11.1833
1292.17	11.1238
1292.36	11.0616
1292.55	10.9948
1292.74	10.9223
1292.84	10.883
1292.94	10.8421
1293.03	10.7993
1293.13	10.755
1293.19	10.7279
1293.24	10.7011
1293.3	10.6752
1293.36	10.6516
1293.42	10.6307
1293.48	10.6148
1293.53	10.6063
1293.59	10.6083
1293.65	10.6251
1293.68	10.6406
1293.71	10.6619
1293.74	10.6898
1293.76	10.7253
1293.79	10.7693
1293.82	10.8211
1293.85	10.8854
1293.88	10.962
1293.91	11.0521
1293.94	11.1535
1293.96	11.2748
1293.99	11.4145
1294.02	11.5742
1294.05	11.749
1294.09	11.991
1294.12	12.2683
1294.15	12.584
1294.19	12.93
1294.22	13.3298
1294.24	13.5471
1294.25	13.7765
1294.27	14.0181
1294.29	14.2724
1294.32	14.8028
1294.34	15.0955
1294.36	15.4017
1294.39	16.0551
1294.42	16.7638
1294.46	17.5048
1294.49	18.3224
1294.52	19.1674
1294.56	20.0893
1294.59	21.0309
1294.63	22.107
1294.66	23.197
1294.73	25.481
1294.8	27.8528
1294.87	30.2389
1294.91	31.5439
1294.95	32.8122
1294.98	33.9063
1295.02	34.9471
1295.05	35.9235
1295.09	36.8251
1295.12	37.6639
1295.16	38.4032
1295.2	39.1592
1295.22	39.3355
1295.23	39.5627
1295.25	39.7844
1295.27	39.9066
1295.28	40.0064
1295.29	40.0944
1295.3	40.1768
1295.3	40.1831
1295.3	40.2011
1295.31	40.2127
1295.31	40.2501
1295.32	40.2782
1295.33	40.3204
1295.34	40.3506
1295.36	40.3723
1295.38	40.365
1295.41	40.246
1295.44	40.0673
1295.47	39.8246
1295.51	39.2871
1295.56	38.5843
1295.6	37.7939
1295.64	36.8871
1295.68	35.8794
1295.72	34.8146
1295.79	32.8051
1295.86	30.6821
1295.93	28.5263
1295.96	27.4589
1296	26.4093
1296.05	24.8977
1296.08	24.1687
1296.1	23.4872
1296.13	22.8004
1296.15	22.1374
1296.18	21.4995
1296.2	20.9106
1296.24	20.1494
1296.27	19.4551
1296.31	18.8051
1296.34	18.1992
1296.35	17.9041
1296.37	17.6204
1296.4	17.1016
1296.44	16.624
1296.47	16.1858
1296.51	15.7735
1296.54	15.4095
1296.57	15.0789
1296.6	14.7796
1296.64	14.5014
1296.67	14.2586
1296.7	14.0402
1296.74	13.8443
1296.78	13.6097
1296.83	13.4122
1296.87	13.2423
1296.91	13.0959
1296.96	12.9672
1297	12.8587
1297.05	12.7648
1297.09	12.6831
1297.13	12.6225
1297.17	12.5681
1297.2	12.5192
1297.24	12.4748
1297.31	12.3975
1297.39	12.3322
1297.46	12.2756
1297.54	12.2259
1297.61	12.1813
1297.68	12.1413
1297.86	12.0564
1298.04	11.9847
1298.21	11.9222
1298.39	11.8669
1298.75	11.772
1299.1	11.6926
1299.42	11.6294
1299.75	11.5732
1300.4	11.4759
1301.05	11.3926
1301.7	11.3189
1302.7	11.217
1303.71	11.1245
1304.71	11.0376
1305.71	10.9537
1307.25	10.8272
1308.79	10.6986
1310.32	10.5635
1311.86	10.4171
1312.86	10.3124
1313.87	10.1982
1314.87	10.0718
1315.87	9.9292
1316.52	9.82582
1317.17	9.71157
1317.82	9.58391
1318.47	9.43973
1318.97	9.31395
1319.48	9.17271
1319.98	9.0123
1320.48	8.82761
1320.81	8.69185
1321.13	8.54045
1321.45	8.37012
1321.78	8.17723
1322.09	7.96517
1322.25	7.8476
1322.4	7.7208
1322.56	7.58354
1322.71	7.43445
1322.86	7.272
1323.02	7.09485
1323.1	6.99504
1323.18	6.89259
1323.26	6.7871
1323.35	6.68012
1323.43	6.57459
1323.51	6.47552
1323.59	6.39116
1323.63	6.35797
1323.67	6.33452
1323.71	6.3224
1323.75	6.32573
1323.79	6.34863
1323.83	6.39455
1323.87	6.47152
1323.91	6.58228
1323.95	6.74018
1323.99	6.94626
1324.04	7.22112
1324.06	7.39061
1324.08	7.57219
1324.1	7.7858
1324.12	8.01283
1324.14	8.26467
1324.16	8.54316
1324.18	8.86637
1324.2	9.20561
1324.22	9.5776
1324.24	9.98449
1324.26	10.4517
1324.28	10.9371
1324.3	11.4644
1324.32	12.0358
1324.35	12.9147
1324.38	13.8916
1324.4	14.9731
1324.43	16.1214
1324.46	17.4278
1324.49	18.8582
1324.51	20.4186
1324.54	22.0518
1324.57	23.8835
1324.6	25.8605
1324.62	27.9865
1324.65	30.1806
1324.68	32.6072
1324.71	35.0941
1324.74	37.8253
1324.76	40.6045
1324.8	44.6405
1324.84	48.9301
1324.87	53.4586
1324.91	58.2065
1324.95	63.1491
1324.98	68.257
1325.06	78.6815
1325.16	93.1985
1325.18	95.9188
1325.19	98.4691
1325.24	105.095
1325.28	110.355
1325.32	115.304
1325.36	119.438
1325.39	123.121
1325.43	126.874
1325.47	130.016
1325.5	131.678
1325.52	133.122
1325.54	134.341
1325.57	135.365
1325.6	136.232
1325.6	136.279
1325.61	136.39
1325.62	136.658
1325.63	136.823
1325.66	136.915
1325.68	136.767
1325.72	136.019
1325.77	134.35
1325.81	131.806
1325.86	128.79
1325.9	125.176
1325.95	120.726
1325.99	115.762
1326.06	107.818
1326.12	99.4423
1326.22	87.4277
1326.26	81.4856
1326.31	75.827
1326.33	72.7765
1326.36	69.807
1326.38	66.9289
1326.41	64.1518
1326.43	61.4845
1326.46	58.9347
1326.48	56.5095
1326.51	54.2151
1326.54	51.3141
1326.56	49.9616
1326.58	48.7498
1326.59	47.5281
1326.61	46.4411
1326.62	45.3536
1326.64	44.394
1326.67	43.0197
1326.69	41.7986
1326.72	40.7313
1326.74	39.8174
1326.77	39.0564
1326.79	38.447
1326.82	37.9876
1326.84	37.6759
1326.86	37.5176
1326.89	37.4798
1326.91	37.56
1326.93	37.7553
1326.96	38.0624
1326.98	38.4778
1327	38.9976
1327.02	39.5889
1327.05	40.3011
1327.07	41.1048
1327.09	41.995
1327.12	42.9666
1327.16	45.1315
1327.21	47.4971
1327.26	50.6504
1327.32	53.9408
1327.37	57.3916
1327.42	60.7777
1327.46	62.8637
1327.49	64.8265
1327.52	66.7064
1327.56	68.4821
1327.59	70.2294
1327.63	71.8146
1327.64	72.3171
1327.67	73.3287
1327.7	74.6351
1327.73	75.2795
1327.75	75.7823
1327.76	76.0122
1327.77	76.2189
1327.79	76.4772
1327.8	76.6499
1327.81	76.7073
1327.82	76.8651
1327.84	76.9725
1327.86	77.0066
1327.89	76.9351
1327.91	76.7164
1327.95	76.1074
1328	74.9287
1328.04	73.7301
1328.08	72.2892
1328.13	70.2032
1328.17	67.8227
1328.21	65.6013
1328.25	63.2333
1328.33	58.1866
1328.43	52.0122
1328.47	48.9365
1328.52	45.9232
1328.56	43.4339
1328.6	41.033
1328.64	38.7354
1328.68	36.606
1328.7	35.5593
1328.72	34.5445
1328.74	33.5621
1328.76	32.6128
1328.78	31.6968
1328.8	30.8144
1328.82	29.9655
1328.84	29.1902
1328.86	28.2538
1328.89	27.3649
1328.91	26.5226
1328.93	25.7583
1328.96	25.0044
1328.98	24.3226
1329.01	23.6523
1329.03	23.048
1329.05	22.4556
1329.08	21.9229
1329.1	21.4021
1329.12	20.9349
1329.15	20.4792
1329.17	20.0713
1329.19	19.6741
1329.22	19.3191
1329.24	19.0297
1329.26	18.7573
1329.3	18.2597
1329.34	17.8194
1329.38	17.4298
1329.42	17.0849
1329.46	16.7791
1329.5	16.5075
1329.54	16.2714
1329.58	16.0547
1329.62	15.8603
1329.66	15.6851
1329.7	15.5303
1329.74	15.3856
1329.78	15.2533
1329.85	15.0216
1329.95	14.7835
1330.04	14.5799
1330.14	14.3998
1330.23	14.2377
1330.42	13.9536
1330.61	13.7092
1330.77	13.5247
1330.93	13.3584
1331.24	13.0663
1331.56	12.8148
1331.88	12.595
1332.26	12.3646
1332.63	12.1596
1333.01	11.9729
1333.39	11.8008
1333.73	11.6512
1334.08	11.5089
1334.78	11.2372
1335.24	11.0607
1335.7	10.8843
1336.23	10.681
1336.75	10.4681
1337.27	10.2386
1337.53	10.1152
1337.79	9.98502
1338.11	9.81306
1338.43	9.62503
1338.74	9.41609
1339.06	9.18054
1339.34	8.94864
1339.48	8.82099
1339.61	8.68524
1339.75	8.53824
1339.89	8.38084
1340.03	8.20945
1340.16	8.02567
1340.24	7.91218
1340.32	7.79479
1340.4	7.67483
1340.48	7.55632
1340.56	7.44065
1340.64	7.33784
1340.68	7.29349
1340.72	7.25681
1340.76	7.23025
1340.8	7.21693
1340.84	7.21968
1340.88	7.24331
1340.92	7.29294
1340.96	7.37459
1341	7.49534
1341.04	7.66339
1341.08	7.88818
1341.12	8.17224
1341.14	8.34641
1341.16	8.54204
1341.18	8.76088
1341.2	9.00476
1341.22	9.27561
1341.24	9.57544
1341.26	9.90637
1341.28	10.2706
1341.3	10.6704
1341.32	11.1081
1341.34	11.5862
1341.36	12.1071
1341.38	12.6735
1341.4	13.2879
1341.42	13.953
1341.44	14.6343
1341.46	15.5675
1341.49	16.5418
1341.51	17.6465
1341.53	18.7938
1341.56	20.0879
1341.58	21.425
1341.6	22.9254
1341.63	24.4679
1341.65	26.1902
1341.67	27.9518
1341.7	29.9088
1341.72	31.9007
1341.75	34.1025
1341.77	36.3322
1341.79	38.7847
1341.82	41.2557
1341.84	43.5003
1341.86	45.8333
1341.89	50.7601
1341.93	56.0228
1341.98	61.6011
1342.02	67.4671
1342.06	73.5855
1342.1	79.9138
1342.13	86.238
1342.24	104.089
1342.26	106.883
1342.29	111.926
1342.36	122.589
1342.4	128.487
1342.44	134.016
1342.47	137.999
1342.5	141.685
1342.54	145.854
1342.58	149.619
1342.61	151.581
1342.63	153.278
1342.66	154.802
1342.69	156.289
1342.7	156.55
1342.71	156.726
1342.72	157.173
1342.74	157.452
1342.78	157.545
1342.81	157.19
1342.84	156.226
1342.87	155.076
1342.9	153.588
1342.93	151.561
1342.96	149.239
1343	145.142
1343.05	140.381
1343.11	132.908
1343.17	124.749
1343.23	115.901
1343.3	106.903
1343.35	98.1465
1343.41	89.6727
1343.44	85.3945
1343.47	81.3503
1343.5	77.4109
1343.53	73.5893
1343.56	69.6467
1343.59	65.8624
1343.62	62.245
1343.65	58.9094
1343.68	55.6375
1343.71	52.5457
1343.74	49.6347
1343.77	46.9887
1343.8	45.0727
1343.82	43.33
1343.84	41.6003
1343.87	40.0321
1343.89	38.4806
1343.91	37.0782
1343.93	35.7531
1343.95	34.5028
1343.98	33.2726
1344	32.1666
1344.02	31.1267
1344.04	30.1501
1344.07	29.1936
1344.09	28.3373
1344.11	27.5353
1344.13	26.7849
1344.16	25.8096
1344.19	24.9232
1344.23	24.1186
1344.25	23.4111
1344.29	22.7471
1344.32	22.1451
1344.35	21.5993
1344.38	21.1193
1344.41	20.6684
1344.44	20.2587
1344.47	19.8859
1344.5	19.5566
1344.53	19.2455
1344.56	18.9609
1344.62	18.4674
1344.69	18.009
1344.76	17.6193
1344.83	17.2834
1344.89	16.9898
1344.96	16.7297
1345.03	16.4966
1345.09	16.2855
1345.16	16.0926
1345.28	15.7769
1345.41	15.5005
1345.53	15.2552
1345.65	15.035
1345.78	14.8358
1345.9	14.6544
1346.14	14.3362
1346.39	14.0627
1346.64	13.825
1346.88	13.6156
1347.13	13.4297
1347.36	13.2687
1347.6	13.1225
1348.06	12.8629
1348.53	12.6374
1349	12.4368
1349.4	12.2794
1349.81	12.1317
1350.21	11.9908
1350.61	11.8538
1350.97	11.7326
1351.33	11.61
1351.68	11.482
1351.86	11.4149
1351.95	11.3808
1352.04	11.3464
1352.11	11.3182
1352.19	11.2906
1352.26	11.264
1352.33	11.2399
1352.4	11.2189
1352.44	11.2103
1352.48	11.2035
1352.51	11.1987
1352.55	11.1964
1352.59	11.1971
1352.62	11.2011
1352.66	11.2095
1352.69	11.2224
1352.73	11.2413
1352.77	11.266
1352.8	11.2989
1352.84	11.3391
1352.88	11.3883
1352.91	11.4477
1352.95	11.5205
1352.99	11.6037
1353.02	11.7005
1353.06	11.8118
1353.09	11.9425
1353.13	12.0866
1353.17	12.2483
1353.2	12.4285
1353.24	12.6161
1353.27	12.8149
1353.3	13.0372
1353.34	13.2699
1353.37	13.527
1353.4	13.7931
1353.44	14.0837
1353.47	14.3808
1353.51	14.7015
1353.54	15.0256
1353.61	15.7156
1353.74	17.1544
1353.8	17.7884
1353.86	18.3969
1353.91	18.963
1353.94	19.2207
1353.97	19.4623
1354	19.6711
1354.03	19.8562
1354.05	20.0307
1354.08	20.1805
1354.13	20.4151
1354.16	20.5109
1354.17	20.5436
1354.18	20.5725
1354.19	20.5976
1354.2	20.6171
1354.2	20.6189
1354.2	20.6257
1354.21	20.6305
1354.22	20.6455
1354.23	20.6567
1354.24	20.6657
1354.27	20.6638
1354.32	20.5992
1354.35	20.5319
1354.37	20.4463
1354.43	20.2165
1354.46	20.0563
1354.48	19.8749
1354.54	19.4545
1354.6	18.9686
1354.66	18.4317
1354.78	17.2038
1354.84	16.5731
1354.9	15.9514
1354.93	15.6431
1354.96	15.3514
1354.99	15.0582
1355.02	14.7833
1355.06	14.5093
1355.09	14.2547
1355.12	14.0029
1355.15	13.7707
1355.18	13.55
1355.2	13.3476
1355.23	13.1562
1355.26	12.9755
1355.29	12.8055
1355.32	12.6459
1355.35	12.4965
1355.38	12.3569
1355.41	12.2267
1355.44	12.1056
1355.47	11.993
1355.49	11.8886
1355.52	11.7918
1355.55	11.7023
1355.58	11.6194
1355.61	11.5428
1355.67	11.4044
1355.73	11.288
1355.79	11.188
1355.84	11.1014
1355.9	11.0258
1355.96	10.9589
1356.02	10.899
1356.08	10.8445
1356.15	10.7843
1356.22	10.7284
1356.29	10.6757
1356.36	10.6257
1356.5	10.5278
1356.63	10.4321
1356.77	10.3347
1356.91	10.2355
1357.05	10.1317
1357.19	10.0234
1357.33	9.90788
1357.47	9.78541
1357.61	9.65292
1357.75	9.51145
1357.85	9.40488
1357.95	9.29484
1358.05	9.18451
1358.1	9.13055
1358.15	9.08037
1358.2	9.03365
1358.24	8.99446
1358.3	8.96412
1358.34	8.94752
1358.39	8.94871
1358.44	8.97337
1358.49	9.02827
1358.54	9.12178
1358.57	9.20839
1358.61	9.31887
1358.64	9.45675
1358.67	9.62589
1358.7	9.83051
1358.73	10.0752
1358.77	10.3649
1358.8	10.7048
1358.83	11.1006
1358.86	11.5582
1358.89	12.0836
1358.92	12.6833
1358.96	13.3638
1358.97	13.7363
1358.99	14.1315
1359	14.5502
1359.02	14.9932
1359.04	15.4612
1359.05	15.9235
1359.08	16.815
1359.11	17.7484
1359.13	18.7585
1359.16	19.8479
1359.18	21.066
1359.21	22.3247
1359.24	23.6694
1359.26	25.1013
1359.29	26.6817
1359.32	28.2938
1359.34	29.9941
1359.37	31.7817
1359.39	33.6552
1359.42	35.6121
1359.44	37.6496
1359.47	39.7638
1359.5	42.4646
1359.54	45.2646
1359.6	51.1131
1359.66	57.1935
1359.73	63.3643
1359.8	70.5845
1359.84	74.0644
1359.88	77.3208
1359.91	79.9231
1359.94	82.3118
1359.94	82.7726
1359.96	83.972
1359.98	85.1264
1360	86.7021
1360.03	88.5383
1360.06	90.1945
1360.09	91.7988
1360.12	93.0391
1360.14	93.6681
1360.15	94.2227
1360.17	94.7017
1360.19	95.2471
1360.2	95.3593
1360.2	95.4286
1360.22	95.6242
1360.23	95.7738
1360.25	95.9181
1360.27	95.9404
1360.3	95.8062
1360.34	95.2625
1360.38	94.3216
1360.41	93.2649
1360.44	91.9643
1360.48	90.0702
1360.52	87.8646
1360.56	85.1114
1360.6	82.0677
1360.64	79.0201
1360.68	75.8889
1360.76	69.3097
1360.85	61.2606
1360.9	57.3283
1360.95	53.4922
1360.99	50.2656
1361.03	47.2393
1361.06	44.3478
1361.1	41.6041
1361.12	40.2576
1361.14	38.9535
1361.16	37.6924
1361.18	36.5349
1361.2	35.3592
1361.22	34.2831
1361.24	33.1933
1361.26	32.1986
1361.28	31.0959
1361.3	30.092
1361.33	29.0902
1361.35	28.181
1361.37	27.2765
1361.39	26.4578
1361.41	25.6816
1361.43	24.9466
1361.45	24.2193
1361.47	23.5644
1361.5	22.9179
1361.52	22.3371
1361.54	21.7649
1361.56	21.2519
1361.58	20.7698
1361.6	20.317
1361.62	19.9118
1361.64	19.5306
1361.66	19.1722
1361.68	18.8517
1361.72	18.2509
1361.76	17.7197
1361.8	17.2393
1361.84	16.8263
1361.88	16.4615
1361.92	16.1391
1361.96	15.847
1361.99	15.5951
1362.03	15.3718
1362.07	15.1735
1362.11	14.9933
1362.15	14.8377
1362.19	14.7
1362.23	14.5789
1362.28	14.446
1362.33	14.3373
1362.38	14.2523
1362.43	14.1916
1362.48	14.1562
1362.53	14.1481
1362.56	14.155
1362.58	14.1697
1362.61	14.1925
1362.63	14.2225
1362.66	14.2697
1362.69	14.3274
1362.71	14.4003
1362.74	14.484
1362.78	14.6198
1362.82	14.7777
1362.86	14.9677
1362.89	15.1809
1362.93	15.4299
1362.97	15.7022
1363.01	16.0131
1363.04	16.3461
1363.08	16.719
1363.12	17.1112
1363.16	17.5428
1363.19	17.9891
1363.23	18.4719
1363.27	18.963
1363.34	20.0073
1363.41	21.0452
1363.49	22.0672
1363.52	22.5726
1363.56	23.0493
1363.59	23.5193
1363.63	23.9517
1363.66	24.3107
1363.69	24.6336
1363.72	24.9298
1363.75	25.1968
1363.78	25.4397
1363.81	25.6408
1363.84	25.8166
1363.86	25.8973
1363.87	25.9437
1363.88	25.9809
1363.89	26.0131
1363.9	26.0284
1363.91	26.0423
1363.92	26.0637
1363.93	26.0799
1363.94	26.0916
1363.96	26.0963
1364	26.0648
1364.03	25.9834
1364.06	25.8585
1364.09	25.7014
1364.12	25.5073
1364.16	25.2781
1364.19	25.0249
1364.22	24.7036
1364.25	24.349
1364.32	23.568
1364.39	22.6901
1364.46	21.7729
1364.52	20.9044
1364.58	20.0536
1364.61	19.6287
1364.64	19.2117
1364.67	18.8045
1364.7	18.4213
1364.73	18.038
1364.76	17.6689
1364.8	17.3147
1364.83	16.9871
1364.86	16.6647
1364.89	16.3686
1364.92	16.0793
1364.95	15.8155
1364.98	15.5674
1365.01	15.3424
1365.03	15.1315
1365.06	14.9344
1365.09	14.7506
1365.12	14.5796
1365.15	14.4209
1365.18	14.2738
1365.21	14.1333
1365.24	14.0081
1365.27	13.8926
1365.3	13.7863
1365.33	13.6884
1365.36	13.5984
1365.41	13.4398
1365.47	13.3038
1365.53	13.1909
1365.59	13.095
1365.65	13.013
1365.71	12.9412
1365.76	12.8799
1365.82	12.8259
1365.88	12.7777
1365.93	12.74
1365.98	12.7059
1366.08	12.6442
1366.17	12.5892
1366.27	12.5391
1366.47	12.4488
1366.66	12.3688
1367.06	12.2287
1367.45	12.1075
1368.04	11.9487
1368.63	11.8087
1369.22	11.6808
1369.81	11.5604
1370.2	11.4827
1370.93	11.3379
1371.67	11.1894
1372.04	11.1111
1372.41	11.0281
1372.77	10.9385
1373.14	10.8393
1373.46	10.742
1373.62	10.6881
1373.78	10.6303
1373.94	10.5669
1374.1	10.4982
1374.18	10.4615
1374.26	10.4238
1374.34	10.3857
1374.42	10.3487
1374.48	10.3239
1374.53	10.3017
1374.59	10.2829
1374.64	10.2691
1374.7	10.2626
1374.75	10.2663
1374.81	10.2835
1374.86	10.3187
1374.89	10.3452
1374.92	10.3784
1374.95	10.4192
1374.97	10.4668
1375	10.5255
1375.03	10.5921
1375.06	10.6728
1375.08	10.7629
1375.11	10.8703
1375.14	10.9886
1375.17	11.128
1375.19	11.2797
1375.22	11.4566
1375.25	11.6474
1375.28	11.8677
1375.3	12.1033
1375.34	12.424
1375.37	12.7716
1375.4	13.1575
1375.43	13.5837
1375.46	14.0673
1375.5	14.5807
1375.53	15.1392
1375.56	15.7438
1375.59	16.4162
1375.63	17.1158
1375.66	17.862
1375.69	18.6539
1375.72	19.517
1375.75	20.397
1375.79	21.3168
1375.82	22.2731
1375.89	24.4082
1375.95	26.6106
1376.02	28.8557
1376.09	31.0793
1376.13	32.4625
1376.17	33.7888
1376.22	35.0387
1376.26	36.1936
1376.31	37.3038
1376.35	38.2651
1376.4	39.1058
1376.41	39.2239
1376.42	39.4435
1376.45	39.7081
1376.46	39.8538
1376.47	39.9556
1376.48	40.0384
1376.49	40.1254
1376.5	40.1638
1376.5	40.1876
1376.52	40.2588
1376.53	40.3051
1376.54	40.3355
1376.56	40.3598
1376.58	40.3458
1376.63	40.1784
1376.66	39.927
1376.69	39.5849
1376.75	38.828
1376.8	37.8676
1376.85	36.7652
1376.9	35.5157
1376.95	34.1484
1377	32.7229
1377.09	30.2474
1377.17	27.7714
1377.21	26.5552
1377.25	25.3687
1377.29	24.2213
1377.33	23.1211
1377.37	22.2993
1377.4	21.5365
1377.43	20.7855
1377.46	20.0944
1377.49	19.4195
1377.52	18.8034
1377.55	18.2063
1377.59	17.6653
1377.62	17.1447
1377.65	16.6762
1377.68	16.2284
1377.71	15.828
1377.74	15.4476
1377.77	15.1094
1377.81	14.7899
1377.84	14.5072
1377.86	14.2813
1377.89	14.073
1377.92	13.8813
1377.94	13.7113
1377.97	13.5489
1378	13.4052
1378.02	13.2681
1378.05	13.147
1378.08	13.0317
1378.1	12.926
1378.16	12.7438
1378.21	12.5904
1378.26	12.4607
1378.32	12.3488
1378.37	12.2551
1378.42	12.1744
1378.48	12.1043
1378.53	12.0417
1378.58	11.9872
1378.64	11.9384
1378.69	11.8942
1378.79	11.8226
1378.88	11.7601
1378.98	11.7043
1379.08	11.6536
1379.27	11.5639
1379.46	11.4859
1379.66	11.4161
1379.85	11.3531
1380.24	11.2416
1380.55	11.1627
1380.86	11.0906
1381.48	10.9606
1382.1	10.843
1382.72	10.7329
1383.34	10.6268
1384.34	10.4572
1385.35	10.2847
1386.36	10.1027
1387.37	9.90431
1387.98	9.77047
1388.61	9.62481
1389.22	9.46407
1389.84	9.2842
1390.27	9.14616
1390.7	8.99369
1391.12	8.82349
1391.55	8.6312
1391.9	8.45314
1392.25	8.25198
1392.6	8.02187
1392.77	7.89395
1392.94	7.75564
1393.16	7.56998
1393.37	7.36325
1393.48	7.25026
1393.58	7.13165
1393.69	7.00477
1393.8	6.87181
1393.9	6.73067
1394.01	6.58555
1394.12	6.43775
1394.17	6.36641
1394.22	6.29838
1394.27	6.23483
1394.33	6.18124
1394.38	6.14043
1394.43	6.11777
1394.49	6.12048
1394.54	6.15739
1394.59	6.23937
1394.62	6.30275
1394.65	6.38012
1394.68	6.50046
1394.71	6.64727
1394.74	6.83466
1394.77	7.05582
1394.81	7.33066
1394.84	7.6479
1394.87	8.0347
1394.9	8.47382
1394.91	8.72765
1394.93	9.00135
1394.95	9.296
1394.96	9.59226
1394.98	9.93069
1394.99	10.2934
1395.01	10.6817
1395.03	11.0699
1395.04	11.511
1395.06	11.9813
1395.07	12.4821
1395.09	12.9803
1395.1	13.5437
1395.12	14.1415
1395.14	14.7748
1395.15	15.4021
1395.18	16.6166
1395.21	17.9462
1395.23	19.3971
1395.26	20.9145
1395.29	22.6208
1395.31	24.3944
1395.34	26.3767
1395.36	28.4249
1395.39	30.7002
1395.42	33.1298
1395.44	35.7159
1395.47	38.3555
1395.5	41.2521
1395.52	44.1904
1395.55	47.3947
1395.58	50.6249
1395.61	54.9229
1395.64	59.4323
1395.68	64.1396
1395.71	69.0275
1395.74	74.076
1395.77	79.2614
1395.84	89.7696
1395.9	99.1492
1395.9	99.973
1395.91	101.948
1395.93	103.919
1395.97	110.274
1396	116.5
1396.06	124.782
1396.11	132.372
1396.14	136.239
1396.17	139.871
1396.22	145.821
1396.26	149.298
1396.29	151.736
1396.31	153.633
1396.34	155.301
1396.37	156.653
1396.4	157.865
1396.4	157.978
1396.41	158.23
1396.42	158.437
1396.44	158.704
1396.48	158.751
1396.52	158.202
1396.56	156.956
1396.61	154.223
1396.64	151.643
1396.68	148.641
1396.72	145.193
1396.75	141.342
1396.82	133.384
1396.88	124.522
1396.96	114.038
1397.03	103.381
1397.08	95.5451
1397.13	88.0029
1397.19	80.5708
1397.21	77.0467
1397.24	73.6152
1397.28	68.9064
1397.31	64.537
1397.35	60.3896
1397.38	56.4733
1397.4	54.5015
1397.42	52.6947
1397.44	50.9475
1397.46	49.26
1397.48	47.6319
1397.49	46.063
1397.51	44.5525
1397.53	43.1
1397.55	41.6288
1397.57	40.2927
1397.59	39.0118
1397.6	37.7849
1397.62	36.6108
1397.64	35.4883
1397.66	34.4161
1397.67	33.3927
1397.69	32.4167
1397.71	31.4867
1397.73	30.6011
1397.75	29.7584
1397.77	28.9571
1397.78	28.1956
1397.8	27.4725
1397.82	26.7862
1397.84	26.0999
1397.86	25.4844
1397.89	24.3485
1397.93	23.3299
1397.96	22.4176
1398	21.5797
1398.04	20.8515
1398.07	20.2002
1398.11	19.6172
1398.15	19.0813
1398.18	18.6143
1398.22	18.1946
1398.25	17.8166
1398.29	17.4753
1398.33	17.1662
1398.36	16.8853
1398.4	16.6291
1398.47	16.1734
1398.54	15.7911
1398.62	15.4605
1398.69	15.17
1398.76	14.908
1398.83	14.6752
1398.98	14.2684
1399.11	13.9474
1399.24	13.6639
1399.37	13.41
1399.5	13.1818
1399.63	12.9717
1399.77	12.7799
1400.03	12.4352
1400.32	12.1039
1400.61	11.8106
1400.9	11.5458
1401.19	11.3032
1401.48	11.076
1401.77	10.8615
1402.06	10.6557
1402.35	10.4557
1402.77	10.17
1403.29	9.81287
1403.56	9.63155
1403.82	9.44626
1404.08	9.25477
1404.35	9.05696
1404.61	8.8504
1404.87	8.63318
1405.16	8.37871
1405.45	8.10631
1405.74	7.81022
1406.03	7.48789
1406.17	7.31424
1406.32	7.13161
1406.46	6.93914
1406.61	6.73738
1406.75	6.52259
1406.9	6.29523
1407.04	6.05452
1407.19	5.80196
1407.27	5.65792
1407.35	5.5105
1407.42	5.36054
1407.5	5.20951
1407.58	5.05988
1407.66	4.91566
1407.74	4.7832
1407.82	4.67352
1407.89	4.60242
1407.93	4.58365
1407.96	4.57899
1408	4.59216
1408.04	4.62614
1408.07	4.68527
1408.11	4.77448
1408.15	4.9035
1408.16	4.98202
1408.18	5.07205
1408.2	5.17457
1408.22	5.2906
1408.24	5.42124
1408.25	5.56766
1408.27	5.7407
1408.29	5.92352
1408.31	6.12613
1408.33	6.35
1408.35	6.59668
1408.36	6.86779
1408.38	7.16506
1408.4	7.49028
1408.42	7.86596
1408.44	8.25463
1408.45	8.67724
1408.47	9.13595
1408.49	9.63297
1408.51	10.1706
1408.53	10.7512
1408.54	11.3773
1408.56	12.0514
1408.58	12.776
1408.6	13.5539
1408.62	14.3877
1408.63	15.2802
1408.65	16.2343
1408.67	17.2529
1408.69	18.3386
1408.71	19.561
1408.72	20.7942
1408.74	22.1036
1408.76	23.4921
1408.78	24.9626
1408.8	26.5178
1408.81	28.1606
1408.83	29.8937
1408.85	31.7196
1408.87	33.6409
1408.89	35.66
1408.9	37.7792
1408.92	40.0005
1408.94	42.3259
1408.96	44.7571
1408.98	47.2957
1408.99	49.793
1409.01	52.3881
1409.05	57.8741
1409.08	63.7564
1409.11	70.0335
1409.14	75.4954
1409.17	81.2153
1409.19	86.534
1409.22	91.8207
1409.27	103.129
1409.3	112.083
1409.34	121.09
1409.41	139.772
1409.53	171.188
1409.6	190.166
1409.64	199.143
1409.67	207.757
1409.71	216.147
1409.75	223.779
1409.78	230.251
1409.81	235.996
1409.86	242.814
1409.89	247.665
1409.93	251.785
1409.96	254.375
1409.99	256.329
1410	257.102
1410.01	257.482
1410.04	258.507
1410.07	258.897
1410.1	258.684
1410.13	257.892
1410.16	256.481
1410.19	254.487
1410.22	251.652
1410.25	248.298
1410.3	241.964
1410.35	234.619
1410.41	224.373
1410.47	213.099
1410.54	199.969
1410.6	186.761
1410.66	174.71
1410.72	163.107
1410.78	152.203
1410.84	142.191
1410.88	135.493
1410.92	130.849
1410.95	126.663
1411	120.527
1411.05	115.194
1411.11	110.616
1411.16	106.723
1411.19	104.692
1411.22	102.91
1411.25	101.288
1411.28	99.8057
1411.32	98.1833
1411.35	96.7376
1411.39	95.0927
1411.42	94.0032
1411.44	93.2579
1411.46	92.8007
1411.47	92.4152
1411.48	92.0652
1411.49	91.5397
1411.5	91.2938
1411.51	91.0826
1411.52	90.4449
1411.54	89.8356
1411.56	89.2171
1411.58	88.2871
1411.62	87.0139
1411.65	85.6799
1411.68	84.3208
1411.71	82.9384
1411.75	81.345
1411.78	79.7206
1411.84	76.5772
1411.9	73.2122
1411.97	69.2444
1412.03	65.1898
1412.15	57.7132
1412.21	54.0498
1412.24	52.2615
1412.27	50.5103
1412.31	48.5775
1412.34	46.7605
1412.37	45.0071
1412.4	43.3219
1412.44	41.7086
1412.47	40.1698
1412.5	38.7073
1412.54	37.3221
1412.57	36.0915
1412.6	34.9653
1412.63	33.902
1412.66	32.9003
1412.69	31.9588
1412.72	31.0756
1412.75	30.2487
1412.78	29.4757
1412.81	28.7543
1412.84	28.0819
1412.87	27.456
1412.9	26.8738
1412.93	26.3327
1412.96	25.83
1412.99	25.3633
1413.02	24.93
1413.05	24.4761
1413.08	24.0704
1413.12	23.696
1413.15	23.3501
1413.18	23.0301
1413.22	22.7336
1413.25	22.4583
1413.28	22.2023
1413.32	21.9567
1413.35	21.7341
1413.42	21.3296
1413.48	20.9707
1413.55	20.649
1413.61	20.3787
1413.67	20.1339
1413.73	19.9069
1413.79	19.6949
1413.91	19.3082
1414.03	18.9618
1414.15	18.6452
1414.27	18.3578
1414.51	17.848
1414.78	17.3647
1415.04	16.9462
1415.3	16.5791
1415.57	16.2536
1415.81	15.9876
1416.05	15.7455
1416.29	15.5239
1416.53	15.3209
1417.01	14.9579
1417.49	14.6425
1418.03	14.338
1418.55	14.0695
1419.08	13.8286
1419.61	13.6109
1420.09	13.4285
1420.58	13.2591
1421.54	12.9491
1422.5	12.6681
1423.46	12.4066
1424.62	12.1066
1425.78	11.8116
1426.64	11.5863
1427.51	11.3524
1428.38	11.1032
1429.24	10.8315
1429.77	10.6496
1430.3	10.452
1430.83	10.2347
1431.36	9.99254
1431.74	9.79626
1432.13	9.57876
1432.52	9.33467
1432.71	9.20006
1432.9	9.05651
1433.16	8.83983
1433.43	8.59728
1433.56	8.46417
1433.69	8.32401
1433.83	8.17645
1433.96	8.02445
1434.06	7.91429
1434.1	7.86223
1434.15	7.81323
1434.2	7.76875
1434.25	7.73066
1434.3	7.70131
1434.34	7.68362
1434.39	7.6813
1434.44	7.69887
1434.49	7.74134
1434.54	7.8149
1434.59	7.92676
1434.61	7.99961
1434.63	8.08526
1434.66	8.18492
1434.68	8.2999
1434.71	8.43155
1434.73	8.58132
1434.76	8.82745
1434.8	9.10828
1434.83	9.43478
1434.86	9.81146
1434.89	10.243
1434.93	10.7341
1434.96	11.2895
1434.99	11.914
1435.03	12.6123
1435.04	13.0022
1435.06	13.3888
1435.08	13.8207
1435.09	14.2477
1435.11	14.7237
1435.13	15.193
1435.16	16.2279
1435.19	17.3554
1435.23	18.5776
1435.26	19.8958
1435.28	20.9588
1435.31	22.0313
1435.33	23.1544
1435.36	24.3273
1435.4	26.8178
1435.45	29.4902
1435.5	32.3261
1435.55	35.301
1435.6	38.3848
1435.64	41.5414
1435.75	48.3643
1435.8	51.6548
1435.85	54.8061
1435.9	57.867
1435.95	60.5938
1435.97	61.4155
1435.99	62.1544
1436.03	63.9235
1436.08	65.7098
1436.11	66.6366
1436.14	67.1915
1436.15	67.5041
1436.16	67.692
1436.18	67.8854
1436.19	68.1117
1436.2	68.16
1436.2	68.1953
1436.21	68.2769
1436.23	68.3357
1436.24	68.3828
1436.26	68.3733
1436.29	68.2334
1436.32	67.8973
1436.35	67.3549
1436.38	66.6696
1436.41	65.8506
1436.45	64.7811
1436.48	63.5853
1436.51	62.2886
1436.54	60.867
1436.6	57.7513
1436.67	53.7024
1436.74	49.4126
1436.81	45.2961
1436.87	41.1665
1436.94	37.124
1436.97	35.1925
1437	33.3117
1437.03	31.8826
1437.05	30.4925
1437.08	29.1442
1437.1	27.8403
1437.13	26.583
1437.15	25.3743
1437.18	24.2156
1437.2	23.1084
1437.23	22.0538
1437.25	21.0526
1437.28	20.1054
1437.3	19.213
1437.33	18.3757
1437.35	17.5938
1437.38	16.8677
1437.4	16.2234
1437.43	15.6309
1437.45	15.1122
1437.47	14.7598
1437.48	14.4524
1437.51	13.9088
1437.55	13.4617
1437.58	13.1131
1437.6	12.9688
1437.61	12.8597
1437.64	12.7204
1437.67	12.6901
1437.69	12.7174
1437.71	12.7739
1437.72	12.8668
1437.74	12.986
1437.76	13.1369
1437.77	13.3204
1437.79	13.5376
1437.8	13.7894
1437.82	14.077
1437.84	14.4015
1437.85	14.788
1437.87	15.1925
1437.88	15.6377
1437.9	16.1249
1437.92	16.6557
1437.93	17.2313
1437.95	17.8533
1437.97	18.5231
1437.98	19.1959
1438	19.9134
1438.01	20.6768
1438.02	21.4319
1438.04	22.2879
1438.05	23.1937
1438.07	24.1506
1438.08	25.0909
1438.1	26.1502
1438.11	27.2644
1438.14	29.5788
1438.17	32.1116
1438.2	34.8709
1438.23	37.9718
1438.26	41.2142
1438.29	44.8275
1438.32	48.5751
1438.35	52.7183
1438.38	56.9821
1438.41	61.4992
1438.44	66.267
1438.46	70.5747
1438.48	74.8779
1438.51	79.3402
1438.53	83.9557
1438.58	93.6151
1438.63	103.783
1438.66	111.689
1438.72	123.43
1438.83	150.671
1438.88	162.052
1438.93	173.069
1439	186.34
1439.03	192.7
1439.06	198.488
1439.09	203.536
1439.12	208.033
1439.16	212.92
1439.19	217.17
1439.22	220.466
1439.28	224.491
1439.3	225.894
1439.31	226.305
1439.34	227.265
1439.36	227.73
1439.4	227.588
1439.44	226.504
1439.48	224.876
1439.51	222.616
1439.55	219.169
1439.59	215.049
1439.62	210.1
1439.66	204.641
1439.7	198.46
1439.74	191.948
1439.82	177.593
1439.89	162.223
1439.97	146.46
1440.02	135.676
1440.08	125.328
1440.13	115.151
1440.15	110.329
1440.18	105.636
1440.22	98.8547
1440.26	92.5688
1440.3	86.4657
1440.34	80.8701
1440.36	78.0665
1440.37	75.494
1440.39	73.0099
1440.41	70.6141
1440.43	68.1868
1440.45	65.97
1440.47	63.8389
1440.49	61.7925
1440.51	59.7281
1440.53	57.8507
1440.55	56.053
1440.57	54.3333
1440.59	52.6052
1440.61	51.0393
1440.62	49.5451
1440.64	48.1204
1440.66	46.6934
1440.68	45.4043
1440.7	44.1778
1440.72	43.0114
1440.74	41.8462
1440.76	40.7962
1440.78	39.7993
1440.8	38.8534
1440.83	37.1487
1440.87	35.6123
1440.91	34.2287
1440.94	33.0153
1440.98	31.8912
1441.02	30.8792
1441.05	29.9673
1441.09	29.166
1441.13	28.421
1441.16	27.7468
1441.2	27.1353
1441.24	26.5935
1441.28	26.0852
1441.31	25.6202
1441.35	25.1936
1441.39	24.811
1441.46	24.0839
1441.54	23.4582
1441.62	22.912
1441.69	22.4287
1441.77	21.9963
1441.85	21.6054
1441.92	21.2491
1442	20.9221
1442.12	20.465
1442.24	20.0566
1442.36	19.6885
1442.48	19.3544
1442.6	19.0493
1442.71	18.7694
1442.95	18.2727
1443.11	17.9869
1443.26	17.7277
1443.57	17.2704
1443.88	16.879
1444.19	16.5393
1444.61	16.1416
1445.03	15.8026
1445.45	15.5093
1445.87	15.252
1446.48	14.9253
1447.1	14.6463
1447.71	14.4034
1448.33	14.1886
1449.23	13.915
1450.12	13.6759
1451.02	13.4619
1451.91	13.2664
1453.26	12.9968
1454.6	12.744
1455.95	12.4962
1457.29	12.2416
1458.02	12.0961
1458.75	11.9423
1459.48	11.7763
1460.2	11.5938
1460.79	11.4301
1461.38	11.2477
1461.97	11.0407
1462.56	10.8012
1462.87	10.6589
1463.17	10.5022
1463.48	10.3284
1463.79	10.1339
1464.1	9.91408
1464.41	9.66289
1464.56	9.52313
1464.71	9.37232
1464.87	9.20902
1465.02	9.03156
1465.22	8.7823
1465.32	8.64677
1465.41	8.50353
1465.51	8.35264
1465.61	8.19488
1465.71	8.03239
1465.81	7.86973
1465.88	7.74729
1465.96	7.63706
1466.04	7.54972
1466.08	7.519
1466.11	7.50106
1466.15	7.49808
1466.19	7.51375
1466.23	7.55323
1466.27	7.61936
1466.31	7.72147
1466.35	7.86079
1466.38	8.05232
1466.42	8.29461
1466.46	8.61016
1466.5	8.9933
1466.52	9.22879
1466.54	9.47621
1466.56	9.74835
1466.58	10.0469
1466.6	10.3915
1466.62	10.7496
1466.63	11.1396
1466.65	11.5634
1466.67	12.0481
1466.69	12.5474
1466.71	13.0866
1466.73	13.6679
1466.75	14.3276
1466.77	15.002
1466.79	15.7251
1466.81	16.4991
1466.83	17.3713
1466.85	18.2568
1466.87	19.2
1466.88	20.2031
1466.9	21.326
1466.92	22.4586
1466.94	23.6574
1466.96	24.9244
1466.98	26.3339
1467	27.7465
1467.02	29.2327
1467.04	30.7939
1467.06	32.786
1467.08	34.892
1467.11	37.1135
1467.13	39.3477
1467.15	41.7983
1467.17	44.3666
1467.2	47.0523
1467.22	49.7302
1467.24	52.6422
1467.27	55.6671
1467.31	61.9003
1467.36	68.6761
1467.4	75.6595
1467.44	82.6134
1467.49	89.7874
1467.57	104.54
1467.6	108.691
1467.64	115.923
1467.69	123.712
1467.73	131.099
1467.77	137.234
1467.81	142.907
1467.84	147.679
1467.88	151.994
1467.91	156.533
1467.95	160.66
1467.99	164.12
1468.02	166.434
1468.05	168.129
1468.09	170.194
1468.1	170.691
1468.11	170.926
1468.13	171.497
1468.15	171.851
1468.18	172.032
1468.22	171.559
1468.27	170
1468.32	167.402
1468.36	164.398
1468.4	160.731
1468.45	155.696
1468.5	149.95
1468.57	141.154
1468.64	131.562
1468.73	116.751
1468.78	109.251
1468.83	101.828
1468.88	94.5734
1468.93	87.5648
1468.98	80.8675
1469	77.7167
1469.03	74.6579
1469.05	71.9383
1469.07	69.4199
1469.09	66.9792
1469.11	64.6175
1469.13	62.2294
1469.15	60.0326
1469.18	57.9169
1469.2	55.8823
1469.22	53.8374
1469.24	51.9675
1469.26	50.1768
1469.28	48.4643
1469.3	46.8285
1469.32	45.268
1469.35	43.7811
1469.37	42.3659
1469.39	40.772
1469.41	39.3315
1469.44	37.921
1469.46	36.6498
1469.49	35.4081
1469.51	34.2917
1469.54	33.2036
1469.56	32.2273
1469.59	31.2776
1469.61	30.4269
1469.64	29.6005
1469.66	28.8613
1469.69	28.1441
1469.71	27.5031
1469.73	26.8815
1469.76	26.3262
1469.79	25.6036
1469.82	24.9678
1469.86	24.3737
1469.89	23.8503
1469.93	23.3603
1469.96	22.9276
1469.99	22.5326
1470.03	22.1713
1470.06	21.8306
1470.09	21.5272
1470.16	20.9897
1470.22	20.5221
1470.29	20.1227
1470.34	19.8582
1470.39	19.6165
1470.49	19.189
1470.59	18.8201
1470.68	18.4961
1470.78	18.2076
1470.88	17.9479
1471.08	17.4963
1471.27	17.1149
1471.47	16.7884
1471.66	16.5024
1471.86	16.2515
1472.05	16.0271
1472.25	15.826
1472.44	15.6443
1472.64	15.4792
1473.03	15.1897
1473.42	14.9439
1473.82	14.7307
1474.21	14.544
1474.6	14.3778
1474.99	14.2288
1475.7	13.9914
1476.41	13.7865
1477.13	13.6051
1477.84	13.4404
1478.41	13.3173
1479.55	13.0849
1480.37	12.9215
1481.19	12.7541
1481.6	12.6662
1482	12.5738
1482.41	12.475
1482.82	12.3668
1483.21	12.2505
1483.41	12.186
1483.61	12.1164
1483.8	12.0399
1483.9	11.9989
1484	11.956
1484.1	11.9115
1484.19	11.8663
1484.24	11.8438
1484.29	11.8217
1484.34	11.8005
1484.39	11.7811
1484.44	11.7632
1484.49	11.7483
1484.53	11.7372
1484.58	11.7314
1484.63	11.7324
1484.68	11.7421
1484.73	11.7628
1484.78	11.7972
1484.83	11.8484
1484.88	11.9198
1484.93	12.0154
1484.98	12.1396
1485	12.2154
1485.03	12.297
1485.05	12.3918
1485.07	12.4928
1485.1	12.6091
1485.12	12.7321
1485.15	12.8669
1485.17	13.014
1485.21	13.2448
1485.24	13.4955
1485.27	13.7827
1485.3	14.091
1485.34	14.4406
1485.37	14.8118
1485.41	15.2283
1485.44	15.666
1485.47	16.152
1485.51	16.6576
1485.54	17.2132
1485.57	17.7855
1485.61	18.4078
1485.64	19.0421
1485.71	20.3917
1485.79	22.1456
1485.87	23.9802
1485.95	25.8315
1485.99	26.7405
1486.03	27.6254
1486.07	28.5383
1486.11	29.38
1486.15	30.161
1486.2	30.8706
1486.24	31.471
1486.28	31.9901
1486.32	32.4594
1486.33	32.5679
1486.35	32.7297
1486.37	32.8352
1486.38	32.9037
1486.39	32.9647
1486.4	33.0227
1486.41	33.0442
1486.42	33.0891
1486.43	33.1227
1486.44	33.1484
1486.45	33.1721
1486.48	33.1736
1486.53	33.0637
1486.58	32.831
1486.62	32.4791
1486.65	32.1384
1486.69	31.7377
1486.72	31.2812
1486.76	30.7894
1486.82	29.7523
1486.88	28.5963
1486.94	27.3561
1487	26.0874
1487.06	24.8865
1487.12	23.7151
1487.17	22.572
1487.2	22.0164
1487.23	21.4737
1487.26	20.9456
1487.28	20.4334
1487.31	19.9382
1487.34	19.4611
1487.37	19.0028
1487.4	18.5637
1487.42	18.1444
1487.45	17.745
1487.48	17.3788
1487.51	17.0311
1487.53	16.7018
1487.56	16.4018
1487.59	16.1076
1487.61	15.8307
1487.64	15.5705
1487.67	15.3353
1487.69	15.1064
1487.72	14.8924
1487.75	14.6926
1487.77	14.5131
1487.8	14.3393
1487.83	14.1834
1487.85	14.0328
1487.88	13.8979
1487.91	13.7678
1487.93	13.647
1487.99	13.4348
1488.04	13.2515
1488.09	13.093
1488.15	12.9527
1488.2	12.8325
1488.25	12.7266
1488.31	12.6325
1488.37	12.5254
1488.44	12.4316
1488.51	12.3465
1488.57	12.268
1488.63	12.205
1488.69	12.1456
1488.8	12.032
1488.91	11.9223
1489.02	11.8139
1489.25	11.5929
1489.47	11.36
1489.59	11.2294
1489.71	11.0927
1489.83	10.9504
1489.94	10.8057
1490	10.7346
1490.06	10.6665
1490.12	10.6036
1490.18	10.5492
1490.24	10.5077
1490.3	10.4849
1490.36	10.4882
1490.41	10.5261
1490.45	10.5643
1490.48	10.6175
1490.51	10.6879
1490.54	10.778
1490.57	10.8905
1490.6	11.0283
1490.63	11.1945
1490.66	11.3857
1490.69	11.6182
1490.72	11.8901
1490.76	12.2054
1490.79	12.5686
1490.82	12.9842
1490.85	13.4569
1490.88	13.9915
1490.91	14.5725
1490.94	15.2434
1490.97	15.9908
1491	16.8198
1491.03	17.735
1491.06	18.7409
1491.1	19.8417
1491.13	21.0413
1491.16	22.343
1491.19	23.7496
1491.22	25.2633
1491.25	26.8855
1491.28	28.6166
1491.31	30.4565
1491.34	32.4036
1491.37	34.4556
1491.4	36.5379
1491.44	39.0069
1491.47	41.5844
1491.51	44.2605
1491.54	46.9413
1491.61	52.5847
1491.67	58.3941
1491.72	62.5795
1491.77	66.719
1491.82	70.7512
1491.86	74.535
1491.91	77.7297
1491.95	80.7057
1491.96	81.3111
1491.99	83.4235
1492.02	85.1865
1492.05	86.7869
1492.09	88.4776
1492.12	89.7204
1492.13	90.3477
1492.15	90.8749
1492.17	91.3121
1492.19	91.859
1492.2	92.012
1492.2	92.1001
1492.22	92.302
1492.23	92.4646
1492.25	92.65
1492.28	92.7228
1492.31	92.6326
1492.35	92.1584
1492.39	91.2892
1492.43	90.2425
1492.46	88.9721
1492.5	87.1406
1492.55	85.0031
1492.6	82.1068
1492.64	78.9549
1492.69	76.0532
1492.73	73.0088
1492.81	66.726
1492.86	62.6373
1492.92	58.5714
1492.97	54.5896
1493.02	50.7443
1493.07	47.8232
1493.11	45.0326
1493.15	42.386
1493.17	41.1201
1493.19	39.951
1493.21	38.7628
1493.23	37.6153
1493.25	36.5088
1493.27	35.4436
1493.29	34.4195
1493.32	33.4366
1493.34	32.4943
1493.36	31.6344
1493.38	30.6102
1493.41	29.6413
1493.43	28.7263
1493.46	27.8972
1493.48	27.0834
1493.51	26.3483
1493.53	25.6289
1493.55	24.9809
1493.58	24.3485
1493.6	23.7576
1493.63	23.206
1493.65	22.7117
1493.68	22.2314
1493.7	21.8018
1493.73	21.3851
1493.75	21.013
1493.79	20.4223
1493.84	19.9016
1493.88	19.4429
1493.92	19.048
1493.96	18.6909
1494	18.3759
1494.04	18.0974
1494.09	17.8563
1494.13	17.6365
1494.17	17.4404
1494.21	17.2648
1494.25	17.1104
1494.34	16.84
1494.42	16.614
1494.53	16.3705
1494.63	16.1678
1494.74	15.9929
1494.84	15.8392
1495.06	15.5768
1495.27	15.3606
1495.43	15.2137
1495.6	15.0832
1495.94	14.8611
1496.27	14.6773
1496.6	14.5227
1497.03	14.3568
1497.45	14.2174
1497.66	14.1556
1497.88	14.099
1497.98	14.0727
1498.09	14.0481
1498.14	14.0366
1498.19	14.0258
1498.25	14.0157
1498.3	14.0067
1498.36	13.9987
1498.41	13.9923
1498.46	13.9877
1498.51	13.9853
1498.57	13.9854
1498.62	13.9888
1498.67	13.9959
1498.73	14.0076
1498.78	14.0245
1498.83	14.0476
1498.88	14.0778
1498.94	14.1163
1498.99	14.164
1499.04	14.2221
1499.1	14.2917
1499.15	14.374
1499.2	14.4719
1499.26	14.5828
1499.31	14.7093
1499.36	14.852
1499.42	15.0113
1499.47	15.1875
1499.52	15.3804
1499.58	15.5898
1499.63	15.8149
1499.68	16.0547
1499.73	16.3078
1499.79	16.5727
1499.89	17.1297
1500	17.708
1500	389.817
1700	389.817
2000	389.817
2500	389.817
3000	389.817
3500	389.817
4000	389.817
5000	389.817
6000	389.817
7200	389.817
8000	389.817
8500	389.817
10000	389.817
12500	389.817
15000	389.817
17000	389.817
20000	389.817
25000	389.817
30000	389.817
35000	389.817
40000	389.817
50000	389.817
60000	389.817
72000	389.817
85000	389.817
99999.9	389.817
100000	12.5567
105000	12.4842
110000	12.4123
120000	12.2721
130000	12.1365
140000	12.0058
143918	11.956
143918	11.956
149000	11.8927
150000	11.8803
160000	11.7581
170000	11.6376
180000	11.5194
190000	11.4044
200000	11.2933
210000	11.1853
220000	11.079
230000	10.9749
240000	10.8733
250000	10.7744
260000	10.6777
270000	10.5826
280000	10.4892
290000	10.3979
297276	10.3328
297276	10.3328
300000	10.3088
309200	10.2286
310000	10.2217
320000	10.1362
330000	10.0523
340000	9.96989
350000	9.88898
360000	9.8097
370000	9.73226
380000	9.65659
390000	9.58265
400000	9.51038
410000	9.43962
420000	9.37024
430000	9.30221
440000	9.23553
450000	9.17017
460000	9.10611
470000	9.04335
480000	8.98185
490000	8.9216
499142	8.86761
499142	8.86761
500000	8.86259
520000	8.74844
540000	8.63954
550000	8.58704
560000	8.53582
580000	8.43722
599000	8.34834
600000	8.34367
620000	8.25429
640000	8.16852
650000	8.1271
660000	8.0867
680000	8.0092
700000	7.93636
720000	7.86743
740000	7.80163
744394	7.78762
744394	7.78762
750000	7.77
760000	7.73927
780000	7.68064
789689	7.65369
789689	7.65369
800000	7.62608
813390	7.59166
813391	7.59166
820000	7.57516
840000	7.52718
850000	7.50426
852960	7.49761
852960	7.49761
855371	7.49224
855371	7.49224
860000	7.48203
880000	7.43958
900000	7.39973
920000	7.36253
930694	7.34385
930694	7.34385
940000	7.3283
950000	7.31236
951885	7.30945
951885	7.30945
960000	7.29725
966749	7.28752
966749	7.28752
973277	7.27849
973277	7.27849
980000	7.26959
993764	7.25263
993765	7.25263
1e+06	7.24554
1.02e+06	7.22411
1.02801e+06	7.21595
1.02801e+06	7.21594
1.02821e+06	7.21574
1.02821e+06	7.21574
1.02841e+06	7.21554
1.02841e+06	7.21554
1.04e+06	7.20419
1.049e+06	7.19574
1.049e+06	7.19574
1.05e+06	7.19483
1.06e+06	7.18586
1.07371e+06	7.17426
1.07371e+06	7.17425
1.08e+06	7.16919
1.09008e+06	7.16144
1.09008e+06	7.16144
1.0963e+06	7.15688
1.09631e+06	7.15688
1.1e+06	7.15425
1.12e+06	7.1411
1.14e+06	7.12982
1.15e+06	7.12491
1.15496e+06	7.12265
1.15496e+06	7.12265
1.16e+06	7.12048
1.17504e+06	7.11477
1.17504e+06	7.11477
1.18e+06	7.11315
1.2e+06	7.10789
1.22e+06	7.10478
1.24e+06	7.10389
1.25e+06	7.10429
1.25539e+06	7.10469
1.25539e+06	7.10469
1.26e+06	7.10506
1.28e+06	7.10704
1.3e+06	7.10967
1.32e+06	7.11304
1.34e+06	7.11722
1.35e+06	7.11964
1.36e+06	7.12229
1.38e+06	7.12833
1.4e+06	7.13542
1.42e+06	7.14363
1.44e+06	7.15303
1.44621e+06	7.15621
1.44621e+06	7.15621
1.45e+06	7.15821
1.46e+06	7.16372
1.48e+06	7.17576
1.5e+06	7.18924
1.52e+06	7.20345
1.54e+06	7.21767
1.55e+06	7.2248
1.56e+06	7.23195
1.58e+06	7.24633
1.59685e+06	7.25855
1.59685e+06	7.25855
1.6e+06	7.26085
1.62e+06	7.27554
1.64e+06	7.29045
1.65e+06	7.298
1.66e+06	7.30562
1.68e+06	7.32109
1.7e+06	7.33689
1.72e+06	7.35308
1.74e+06	7.36969
1.75e+06	7.37817
1.75754e+06	7.38461
1.75754e+06	7.38461
1.76e+06	7.38672
1.78e+06	7.40392
1.8e+06	7.42123
1.82e+06	7.43863
1.84e+06	7.45609
1.85e+06	7.46483
1.85797e+06	7.4718
1.85797e+06	7.4718
1.86e+06	7.47357
1.88e+06	7.49106
1.9e+06	7.50852
1.92e+06	7.52592
1.94e+06	7.54325
1.95e+06	7.55188
1.9584e+06	7.5591
1.9584e+06	7.5591
1.96e+06	7.56047
1.98e+06	7.57755
2e+06	7.59447
2.05e+06	7.63631
2.1e+06	7.67765
2.15e+06	7.71843
2.15927e+06	7.72592
2.15927e+06	7.72592
2.2e+06	7.7586
2.25e+06	7.79811
2.3e+06	7.83615
2.30991e+06	7.84343
2.30991e+06	7.84343
2.35e+06	7.87211
2.4e+06	7.90632
2.4003e+06	7.90651
2.4003e+06	7.90651
2.45e+06	7.93906
2.5e+06	7.97066
2.50354e+06	7.97286
2.50354e+06	7.97286
2.55e+06	8.00079
2.6e+06	8.0291
2.65e+06	8.05582
2.7e+06	8.08117
2.75e+06	8.1054
2.8e+06	8.12819
2.85e+06	8.14913
2.9e+06	8.16831
2.95e+06	8.18584
2.95267e+06	8.18673
2.95267e+06	8.18673
3e+06	8.20178
3.05e+06	8.2163
3.1e+06	8.22951
3.15e+06	8.2414
3.2e+06	8.25199
3.20274e+06	8.25253
3.20274e+06	8.25253
3.25e+06	8.2613
3.3e+06	8.26934
3.35e+06	8.27614
3.4e+06	8.28168
3.4026e+06	8.28194
3.4026e+06	8.28194
3.45e+06	8.28601
3.5e+06	8.28912
3.55e+06	8.29106
3.55325e+06	8.29115
3.55325e+06	8.29115
3.6e+06	8.29187
3.65e+06	8.29151
3.65268e+06	8.29146
3.65268e+06	8.29146
3.7e+06	8.28998
3.75e+06	8.28726
3.75311e+06	8.28705
3.75311e+06	8.28705
3.8e+06	8.28333
3.85e+06	8.27818
3.85354e+06	8.27776
3.85354e+06	8.27776
3.9e+06	8.27178
3.92585e+06	8.26798
3.92585e+06	8.26798
3.95e+06	8.26413
4e+06	8.25521
4.05e+06	8.24539
4.1e+06	8.23499
4.15e+06	8.22394
4.2e+06	8.21216
4.25e+06	8.19955
4.3e+06	8.18605
4.35e+06	8.17155
4.4e+06	8.15599
4.45e+06	8.13928
4.5e+06	8.12134
4.55e+06	8.10265
4.6e+06	8.0837
4.65e+06	8.06439
4.7e+06	8.04466
4.75e+06	8.0244
4.8e+06	8.00355
4.85e+06	7.98201
4.9e+06	7.9597
4.95e+06	7.93653
5e+06	7.91242
5.05e+06	7.88777
5.1e+06	7.86303
5.15e+06	7.83816
5.2e+06	7.81316
5.25e+06	7.788
5.3e+06	7.76267
5.35e+06	7.73714
5.4e+06	7.7114
5.45e+06	7.68542
5.5e+06	7.6592
5.55e+06	7.63272
5.6e+06	7.60605
5.65e+06	7.57923
5.7e+06	7.55231
5.75e+06	7.52534
5.8e+06	7.49837
5.85e+06	7.47145
5.9e+06	7.44463
5.95e+06	7.41795
6e+06	7.39146
6.1e+06	7.33902
6.2e+06	7.28717
6.25e+06	7.26146
6.3e+06	7.23589
6.4e+06	7.18516
6.5e+06	7.13495
6.6e+06	7.08526
6.7e+06	7.03605
6.75e+06	7.01163
6.8e+06	6.98732
6.874e+06	6.95154
6.874e+06	6.95154
6.9e+06	6.93903
7e+06	6.89117
7.1e+06	6.84445
7.2e+06	6.79954
7.25e+06	6.77772
7.3e+06	6.75629
7.4e+06	6.71458
7.5e+06	6.67426
7.6e+06	6.63521
7.7e+06	6.59729
7.75e+06	6.57871
7.8e+06	6.56036
7.9e+06	6.5243
8e+06	6.48898
8.1e+06	6.4545
8.2e+06	6.4211
8.25e+06	6.40481
8.3e+06	6.38881
8.4e+06	6.35767
8.5e+06	6.32772
8.6e+06	6.29898
8.7e+06	6.2715
8.75e+06	6.25824
8.8e+06	6.24531
8.9e+06	6.22045
9e+06	6.19695
9.1e+06	6.17461
9.2e+06	6.15319
9.25e+06	6.14283
9.3e+06	6.13269
9.4e+06	6.1131
9.5e+06	6.09441
9.6e+06	6.07662
9.7e+06	6.0597
9.75e+06	6.05157
9.8e+06	6.04366
9.9e+06	6.02849
1e+07	6.01417
1.01e+07	6.00051
1.02e+07	5.98737
1.025e+07	5.98101
1.03e+07	5.97481
1.04e+07	5.96291
1.05e+07	5.95174
1.06e+07	5.94138
1.07e+07	5.9319
1.075e+07	5.92751
1.08e+07	5.92336
1.09e+07	5.91585
1.1e+07	5.90943
1.11e+07	5.90394
1.12e+07	5.89916
1.125e+07	5.89704
1.13e+07	5.89512
1.14e+07	5.89184
1.15e+07	5.88936
1.16e+07	5.8877
1.17e+07	5.88688
1.175e+07	5.8868
1.18e+07	5.88694
1.19e+07	5.8879
1.2e+07	5.88979
1.21e+07	5.89228
1.22e+07	5.89507
1.225e+07	5.89661
1.23e+07	5.89824
1.24e+07	5.90182
1.25e+07	5.9059
1.26e+07	5.9105
1.26422e+07	5.91262
1.26422e+07	5.91262
1.27e+07	5.91571
1.275e+07	5.91856
1.28e+07	5.92158
1.29e+07	5.92816
1.3e+07	5.93551
1.31e+07	5.94332
1.32e+07	5.95124
1.325e+07	5.95526
1.33e+07	5.95934
1.34e+07	5.96765
1.35e+07	5.97623
1.36e+07	5.98512
1.37e+07	5.99439
1.375e+07	5.99917
1.38e+07	6.00407
1.39e+07	6.01421
1.4e+07	6.02488
1.41e+07	6.03581
1.42e+07	6.04677
1.425e+07	6.05227
1.43e+07	6.05778
1.44e+07	6.06886
1.45e+07	6.08004
1.46e+07	6.09134
1.47e+07	6.1028
1.475e+07	6.10859
1.48e+07	6.11443
1.49e+07	6.12627
1.5e+07	6.13834
1.51e+07	6.15054
1.52e+07	6.16278
1.525e+07	6.1689
1.53e+07	6.17503
1.54e+07	6.18729
1.55e+07	6.19956
1.56e+07	6.21183
1.57e+07	6.22409
1.575e+07	6.23021
1.58e+07	6.23633
1.59e+07	6.24855
1.6e+07	6.26074
1.625e+07	6.29112
1.65e+07	6.32141
1.675e+07	6.35162
1.7e+07	6.38174
1.725e+07	6.41115
1.75e+07	6.43949
1.775e+07	6.46709
1.8e+07	6.49427
1.825e+07	6.52049
1.85e+07	6.5453
1.875e+07	6.56916
1.9e+07	6.59252
1.925e+07	6.61462
1.95e+07	6.6347
1.975e+07	6.65323
1.99378e+07	6.6664
1.99378e+07	6.6664
2e+07	6.67066
2.025e+07	6.68661
2.05e+07	6.70049
2.075e+07	6.71238
2.1e+07	6.72239
2.125e+07	6.73063
2.15e+07	6.73719
2.175e+07	6.74217
2.2e+07	6.74568
2.225e+07	6.74735
2.25e+07	6.74677
2.275e+07	6.74397
2.3e+07	6.73898
2.325e+07	6.73184
2.35e+07	6.72257
2.375e+07	6.71121
2.4e+07	6.69779
2.425e+07	6.68289
2.45e+07	6.66696
2.475e+07	6.64985
2.5e+07	6.6314
2.525e+07	6.61147
2.55e+07	6.5899
2.575e+07	6.56653
2.6e+07	6.54121
2.625e+07	6.51463
2.65e+07	6.48753
2.675e+07	6.45983
2.7e+07	6.43148
2.725e+07	6.4024
2.75e+07	6.37251
2.775e+07	6.34175
2.8e+07	6.31004
2.825e+07	6.2777
2.85e+07	6.24502
2.875e+07	6.21193
2.9e+07	6.17836
2.925e+07	6.14425
2.95e+07	6.10952
2.975e+07	6.07411
3e+07	6.03794
