1e-05	126.84
1.03125e-05	124.926
1.0625e-05	123.097
1.09375e-05	121.348
1.125e-05	119.672
1.15625e-05	118.065
1.1875e-05	116.522
1.21875e-05	115.039
1.25e-05	113.612
1.28125e-05	112.238
1.3125e-05	110.914
1.34375e-05	109.636
1.375e-05	108.403
1.4375e-05	106.058
1.5e-05	103.862
1.5625e-05	101.8
1.625e-05	99.8584
1.6875e-05	98.0266
1.75e-05	96.2945
1.8125e-05	94.6533
1.875e-05	93.0955
1.9375e-05	91.6142
2e-05	90.2033
2.09375e-05	88.2076
2.1875e-05	86.3426
2.28125e-05	84.5947
2.375e-05	82.9522
2.46875e-05	81.405
2.5625e-05	79.9443
2.65625e-05	78.5623
2.75e-05	77.2523
2.84375e-05	76.0082
2.9375e-05	74.8249
3.03125e-05	73.6974
3.125e-05	72.6216
3.21875e-05	71.5938
3.3125e-05	70.6103
3.40625e-05	69.6683
3.5e-05	68.7648
3.59375e-05	67.8974
3.6875e-05	67.0637
3.78125e-05	66.2616
3.875e-05	65.4891
3.96875e-05	64.7447
4.0625e-05	64.0265
4.25e-05	62.663
4.4375e-05	61.3883
4.625e-05	60.1931
4.8125e-05	59.0696
5e-05	58.0109
5.15625e-05	57.174
5.3125e-05	56.3749
5.46875e-05	55.611
5.625e-05	54.8797
5.78125e-05	54.1789
5.9375e-05	53.5065
6.09375e-05	52.8606
6.25e-05	52.2396
6.40625e-05	51.642
6.5625e-05	51.0664
6.71875e-05	50.5114
6.875e-05	49.9758
7.1875e-05	48.9588
7.5e-05	48.0077
7.8125e-05	47.1156
8.125e-05	46.2768
8.4375e-05	45.4864
8.75e-05	44.7399
9.0625e-05	44.0335
9.375e-05	43.3637
9.6875e-05	42.7276
0.0001	42.1226
0.000103125	41.5461
0.00010625	40.9961
0.000109375	40.4707
0.0001125	39.9681
0.000115625	39.4867
0.00011875	39.0252
0.000121875	38.5822
0.000125	38.1566
0.000128125	37.7473
0.00013125	37.3532
0.000134375	36.9736
0.0001375	36.6075
0.00014375	35.9129
0.00015	35.2642
0.00015625	34.6565
0.0001625	34.0859
0.00016875	33.5488
0.000175	33.0421
0.00018125	32.5632
0.0001875	32.1097
0.00019375	31.6796
0.0002	31.2708
0.000209375	30.6942
0.00021875	30.1573
0.000228125	29.6557
0.0002375	29.186
0.000246875	28.745
0.00025625	28.3299
0.000265625	27.9385
0.000275	27.5686
0.000284375	27.2183
0.00029375	26.8862
0.000303125	26.5707
0.0003125	26.2705
0.000321875	25.9846
0.00033125	25.7117
0.000340625	25.4511
0.00035	25.2018
0.000359375	24.9631
0.00036875	24.7343
0.000378125	24.5147
0.0003875	24.3038
0.000396875	24.101
0.00040625	23.9059
0.000425	23.5368
0.00044375	23.1933
0.0004625	22.8727
0.00048125	22.5727
0.0005	22.2913
0.000515625	22.0696
0.00053125	21.8586
0.000546875	21.6576
0.0005625	21.4658
0.000578125	21.2825
0.00059375	21.1072
0.000609375	20.9394
0.000625	20.7784
0.000640625	20.624
0.00065625	20.4756
0.000671875	20.3329
0.0006875	20.1956
0.00071875	19.9358
0.00075	19.6939
0.00078125	19.4681
0.0008125	19.2567
0.00084375	19.0583
0.000875	18.8717
0.00090625	18.6957
0.0009375	18.5294
0.00096875	18.3721
0.001	18.2228
0.00103125	18.0811
0.0010625	17.9462
0.00109375	17.8177
0.001125	17.6951
0.00115625	17.578
0.0011875	17.4659
0.00121875	17.3586
0.00125	17.2558
0.00128125	17.157
0.0013125	17.0621
0.00134375	16.9709
0.001375	16.883
0.0014375	16.7168
0.0015	16.562
0.0015625	16.4173
0.001625	16.2818
0.0016875	16.1546
0.00175	16.0348
0.0018125	15.9217
0.001875	15.8148
0.0019375	15.7136
0.002	15.6175
0.00209375	15.4821
0.0021875	15.3563
0.00228125	15.2388
0.002375	15.1289
0.00246875	15.0258
0.0025625	14.9288
0.00265625	14.8374
0.00275	14.751
0.00284375	14.6692
0.0029375	14.5916
0.00303125	14.5179
0.003125	14.4478
0.00321875	14.381
0.0033125	14.3172
0.00340625	14.2562
0.0035	14.1979
0.00359375	14.142
0.0036875	14.0884
0.00378125	14.0369
0.003875	13.9874
0.00396875	13.9398
0.0040625	13.8939
0.00425	13.8071
0.0044375	13.7261
0.004625	13.6504
0.0048125	13.5794
0.005	13.5127
0.00515625	13.46
0.0053125	13.4098
0.00546875	13.3619
0.005625	13.3161
0.00578125	13.2723
0.0059375	13.2303
0.00609375	13.1901
0.00625	13.1514
0.00640625	13.1142
0.0065625	13.0784
0.00671875	13.0439
0.006875	13.0107
0.0071875	12.9477
0.0075	12.8888
0.0078125	12.8337
0.008125	12.7819
0.0084375	12.7332
0.00875	12.6872
0.0090625	12.6437
0.009375	12.6025
0.0096875	12.5634
0.01	12.5262
0.0103125	12.4908
0.010625	12.457
0.0109375	12.4247
0.01125	12.3939
0.0115625	12.3644
0.011875	12.336
0.0121875	12.3088
0.0125	12.2827
0.0128125	12.2576
0.013125	12.2334
0.0134375	12.2101
0.01375	12.1876
0.014375	12.145
0.015	12.1051
0.015625	12.0677
0.01625	12.0326
0.016875	11.9995
0.0175	11.9682
0.018125	11.9386
0.01875	11.9106
0.019375	11.884
0.02	11.8587
0.0206625	11.8331
0.021325	11.8088
0.0219875	11.7856
0.02265	11.7635
0.0233125	11.7424
0.023975	11.7221
0.0246375	11.7027
0.0253	11.6841
0.0264578	11.6533
0.0276156	11.6246
0.0287734	11.5976
0.0299312	11.5723
0.0310891	11.5484
0.0322469	11.5258
0.0334047	11.5045
0.0345625	11.4843
0.0355273	11.4682
0.0364922	11.4527
0.037457	11.4379
0.0384219	11.4237
0.0393867	11.41
0.0403516	11.3968
0.0413164	11.384
0.0422812	11.3718
0.0442109	11.3484
0.0461406	11.3266
0.0480703	11.3062
0.05	11.2869
0.0515625	11.2722
0.053125	11.2581
0.0546875	11.2446
0.05625	11.2317
0.0578125	11.2193
0.059375	11.2074
0.0609375	11.196
0.0625	11.1851
0.0640625	11.1745
0.065625	11.1644
0.0671875	11.1546
0.06875	11.1451
0.071875	11.1271
0.075	11.1103
0.078125	11.0945
0.08125	11.0796
0.084375	11.0656
0.0875	11.0524
0.090625	11.0398
0.09375	11.0279
0.096875	11.0166
0.1	11.0058
0.103125	10.9955
0.10625	10.9857
0.109375	10.9763
0.1125	10.9673
0.115625	10.9587
0.11875	10.9504
0.121875	10.9424
0.125	10.9348
0.128125	10.9274
0.13125	10.9203
0.134375	10.9135
0.1375	10.9069
0.14375	10.8943
0.15	10.8825
0.15625	10.8715
0.1625	10.8611
0.16875	10.8512
0.175	10.8419
0.18125	10.8331
0.1875	10.8248
0.19375	10.8168
0.2	10.8093
0.209375	10.7986
0.21875	10.7885
0.228125	10.7791
0.2375	10.7703
0.246875	10.762
0.25625	10.7541
0.265625	10.7466
0.275	10.7396
0.284375	10.7328
0.29375	10.7264
0.303125	10.7203
0.3125	10.7145
0.321875	10.7089
0.33125	10.7036
0.340625	10.6985
0.35	10.6936
0.359375	10.6888
0.36875	10.6843
0.378125	10.6799
0.3875	10.6757
0.396875	10.6716
0.40625	10.6677
0.425	10.6602
0.44375	10.6532
0.4625	10.6466
0.5	10.6346
0.53125	10.6255
0.5625	10.6171
0.59375	10.6094
0.625	10.6022
0.6875	10.5893
0.75	10.578
0.8125	10.568
0.875	10.559
0.9375	10.5508
1	10.5433
1.0625	10.5365
1.125	10.5301
1.1875	10.5242
1.25	10.5188
1.375	10.5088
1.5	10.4999
1.625	10.492
1.75	10.4847
1.875	10.4781
2	10.4719
2.1875	10.4635
2.375	10.4558
2.5625	10.4488
2.75	10.4423
2.9375	10.4362
3.125	10.4305
3.3125	10.4251
3.5	10.42
3.875	10.4104
4.25	10.4016
4.625	10.3934
5	10.3857
5.3125	10.3796
5.625	10.3737
5.9375	10.368
6.25	10.3625
6.875	10.352
7.5	10.342
8.125	10.3323
8.75	10.323
9.375	10.314
10	10.3053
10.625	10.2967
11.25	10.2884
11.875	10.2802
12.5	10.2721
13.75	10.2563
15	10.2409
16.25	10.2259
17.5	10.2112
18.75	10.1967
20	10.1824
21.875	10.1613
23.75	10.1407
25.625	10.1203
27.5	10.1002
29.375	10.0803
31.25	10.0607
33.125	10.0413
35	10.0221
36.875	10.003
38.75	9.98409
42.5	9.94673
46.25	9.90988
50	9.8735
53.125	9.84349
56.25	9.81374
59.375	9.78423
62.5	9.75492
65.625	9.72581
68.75	9.69687
71.875	9.66809
75	9.63944
81.25	9.58249
87.5	9.52588
93.75	9.46949
100	9.41317
104.631	9.37141
109.262	9.32956
113.892	9.28757
118.523	9.24539
122.228	9.21145
125.932	9.17731
129.637	9.14294
133.342	9.10831
137.046	9.07339
138.899	9.05582
140.751	9.03817
142.603	9.02045
144.456	9.00266
146.308	8.98482
148.16	8.96696
149.086	8.95803
150.012	8.94914
150.939	8.94028
151.865	8.93151
152.357	8.9269
152.849	8.92234
153.341	8.91787
153.833	8.9135
154.325	8.90928
154.571	8.90724
154.817	8.90528
155.063	8.90339
155.309	8.90162
155.555	8.89999
155.801	8.89853
156.018	8.89743
156.235	8.89657
156.452	8.89601
156.669	8.89587
156.778	8.896
156.886	8.8963
156.995	8.8968
157.103	8.89756
157.212	8.89861
157.321	8.90005
157.429	8.90195
157.537	8.90446
157.632	8.90725
157.726	8.91081
157.82	8.91535
157.867	8.91808
157.914	8.92121
157.961	8.9248
158.008	8.92893
158.055	8.93374
158.102	8.93936
158.149	8.946
158.196	8.9539
158.243	8.9634
158.29	8.97496
158.315	8.98225
158.341	8.99037
158.366	8.99949
158.391	9.00973
158.417	9.02131
158.442	9.0343
158.467	9.04895
158.493	9.06547
158.518	9.08418
158.543	9.10519
158.569	9.12883
158.594	9.15539
158.619	9.1853
158.645	9.21862
158.67	9.25577
158.695	9.29705
158.71	9.32268
158.724	9.34981
158.739	9.37848
158.753	9.40852
158.768	9.44039
158.782	9.4739
158.797	9.50909
158.811	9.54572
158.826	9.58429
158.84	9.62457
158.855	9.66654
158.869	9.70987
158.898	9.80167
158.927	9.89958
158.947	9.97025
158.967	10.0433
159.006	10.1952
159.086	10.5109
159.129	10.6805
159.173	10.8404
159.213	10.9732
159.232	11.0329
159.252	11.0876
159.278	11.1483
159.303	11.199
159.328	11.2389
159.353	11.2673
159.376	11.283
159.4	11.288
159.426	11.281
159.451	11.2613
159.477	11.2293
159.502	11.1855
159.522	11.1446
159.541	11.098
159.561	11.0459
159.58	10.9887
159.61	10.8926
159.639	10.7879
159.669	10.6766
159.699	10.5609
159.758	10.3235
159.818	10.091
159.846	9.98482
159.875	9.88327
159.903	9.78708
159.931	9.6971
159.96	9.61305
159.974	9.57344
159.988	9.53571
160.002	9.49933
160.016	9.46457
160.031	9.43141
160.045	9.40005
160.066	9.35475
160.088	9.31313
160.11	9.27483
160.131	9.23969
160.153	9.20753
160.174	9.17817
160.196	9.15142
160.218	9.12709
160.239	9.10489
160.261	9.08486
160.282	9.06671
160.304	9.05027
160.326	9.03538
160.347	9.0219
160.369	9.00969
160.391	8.99862
160.412	8.98853
160.434	8.9794
160.477	8.96353
160.52	8.95029
160.563	8.93915
160.607	8.92967
160.65	8.92155
160.693	8.91451
160.736	8.90835
160.78	8.90289
160.823	8.89804
160.866	8.89369
160.909	8.88976
160.996	8.88291
161.082	8.87713
161.169	8.87217
161.255	8.86785
161.341	8.86403
161.428	8.86063
161.514	8.85756
161.601	8.85477
161.774	8.84985
161.947	8.8456
162.119	8.84184
162.292	8.83846
162.465	8.83537
162.606	8.83302
162.746	8.8308
163.027	8.82666
163.308	8.82282
163.589	8.81919
163.87	8.81574
164.151	8.81242
164.432	8.8092
164.713	8.80607
165.189	8.80094
165.664	8.79597
166.139	8.79114
166.615	8.78642
167.09	8.78182
167.566	8.77733
168.041	8.77294
168.517	8.76869
168.992	8.76456
169.468	8.76058
169.943	8.75678
170.419	8.75317
170.894	8.7498
171.37	8.74671
171.607	8.74529
171.845	8.74396
172.083	8.74273
172.321	8.74161
172.645	8.74029
172.969	8.73923
173.293	8.73848
173.617	8.73809
173.941	8.73811
174.104	8.73831
174.266	8.73865
174.428	8.73913
174.59	8.73978
174.752	8.7406
174.914	8.74163
175.152	8.74352
175.389	8.74595
175.627	8.74901
175.865	8.7528
175.984	8.75501
176.103	8.75745
176.222	8.76014
176.34	8.76311
176.459	8.76639
176.578	8.76999
176.697	8.77396
176.816	8.77833
176.967	8.78453
177.118	8.79154
177.27	8.79948
177.421	8.80849
177.572	8.81872
177.724	8.83039
177.799	8.83683
177.875	8.84372
177.951	8.85109
178.026	8.859
178.145	8.87261
178.264	8.88786
178.383	8.90498
178.502	8.92426
178.561	8.93484
178.621	8.94609
178.68	8.9581
178.739	8.97089
178.799	8.98458
178.858	8.9992
178.918	9.01485
178.977	9.03164
179.064	9.05834
179.15	9.08804
179.237	9.12127
179.28	9.13935
179.323	9.15853
179.366	9.17893
179.41	9.20057
179.453	9.22361
179.496	9.24816
179.539	9.27444
179.582	9.30246
179.626	9.33247
179.669	9.36465
179.728	9.41296
179.788	9.4664
179.847	9.52597
179.907	9.59245
179.936	9.62882
179.966	9.66729
179.996	9.7082
180.025	9.75177
180.055	9.79826
180.085	9.84796
180.115	9.90121
180.144	9.95841
180.173	10.0172
180.201	10.0805
180.23	10.1489
180.258	10.2227
180.286	10.3032
180.315	10.3908
180.343	10.4872
180.371	10.5931
180.4	10.7107
180.428	10.8418
180.456	10.9886
180.471	11.0687
180.485	11.1533
180.499	11.2439
180.513	11.3406
180.527	11.4437
180.541	11.5531
180.556	11.671
180.57	11.7974
180.584	11.9329
180.598	12.0774
180.613	12.2419
180.628	12.4195
180.643	12.6115
180.658	12.8179
180.673	13.0428
180.687	13.2848
180.702	13.5488
180.717	13.8332
180.732	14.1436
180.747	14.4804
180.762	14.8457
180.777	15.2393
180.791	15.6688
180.806	16.1313
180.821	16.6356
180.836	17.178
180.851	17.7688
180.866	18.4077
180.881	19.098
180.895	19.8379
180.91	20.6409
180.925	21.4996
180.94	22.4294
180.955	23.4212
180.97	24.4921
180.984	25.6312
180.999	26.8575
181.014	28.1578
181.029	29.553
181.044	31.0274
181.059	32.6038
181.074	34.2636
181.093	36.5354
181.112	38.9559
181.13	41.5394
181.149	44.2873
181.168	47.1998
181.187	50.2752
181.206	53.5102
181.225	56.8998
181.255	62.5402
181.284	68.4877
181.314	74.7095
181.344	81.1416
181.403	94.3177
181.463	107.272
181.492	113.399
181.522	119.141
181.552	124.387
181.581	129.031
181.611	132.975
181.641	136.134
181.672	138.518
181.703	139.911
181.73	140.295
181.76	139.803
181.789	138.374
181.814	136.504
181.839	134.042
181.863	131.04
181.887	127.548
181.912	123.589
181.936	119.25
181.961	114.558
181.985	109.61
182.034	99.1472
182.132	77.5694
182.161	71.4251
182.19	65.513
182.219	59.8855
182.247	54.6012
182.272	50.3823
182.296	46.4458
182.321	42.7804
182.333	41.0501
182.345	39.3879
182.357	37.7807
182.37	36.254
182.382	34.7935
182.394	33.3983
182.406	32.0671
182.418	30.7987
182.431	29.5916
182.443	28.4441
182.458	27.0611
182.474	25.7692
182.49	24.5646
182.505	23.4501
182.521	22.4074
182.536	21.4457
182.552	20.5485
182.567	19.7233
182.583	18.9554
182.598	18.2508
182.614	17.5966
182.63	16.9975
182.645	16.4421
182.661	15.9342
182.676	15.4641
182.692	15.0346
182.705	14.6913
182.718	14.3744
182.732	14.0796
182.745	13.8054
182.758	13.5484
182.772	13.3111
182.785	13.0902
182.798	12.8845
182.811	12.7068
182.823	12.5417
182.835	12.3867
182.847	12.2413
182.86	12.1037
182.872	11.9754
182.884	11.8547
182.896	11.7411
182.908	11.6333
182.921	11.5325
182.945	11.3474
182.969	11.1819
182.994	11.0333
183.018	10.8988
183.043	10.7776
183.067	10.6669
183.092	10.5663
183.116	10.4737
183.141	10.3888
183.165	10.3105
183.189	10.2379
183.214	10.1701
183.238	10.1072
183.263	10.0482
183.287	9.99315
183.312	9.94122
183.336	9.89255
183.385	9.8033
183.434	9.72326
183.483	9.65136
183.531	9.58617
183.58	9.52705
183.625	9.47768
183.669	9.43223
183.713	9.39018
183.758	9.35119
183.802	9.31487
183.847	9.28111
183.891	9.2496
183.936	9.22013
183.98	9.19247
184.025	9.16657
184.069	9.14222
184.113	9.11931
184.158	9.09766
184.202	9.07727
184.247	9.05799
184.291	9.03975
184.34	9.02077
184.389	9.00286
184.438	8.98593
184.486	8.96994
184.584	8.94038
184.682	8.91375
184.78	8.88962
184.877	8.8677
184.975	8.8477
185.073	8.82938
185.144	8.817
185.215	8.80533
185.286	8.79433
185.357	8.78394
185.428	8.7741
185.5	8.76478
185.642	8.74754
185.784	8.73192
185.926	8.71772
186.068	8.70472
186.21	8.69279
186.308	8.68513
186.406	8.67789
186.504	8.671
186.601	8.66446
186.699	8.65823
186.797	8.65229
186.992	8.64119
187.188	8.631
187.383	8.6216
187.579	8.61287
187.774	8.60475
187.934	8.59849
188.094	8.59254
188.254	8.58687
188.414	8.58146
188.574	8.57628
188.734	8.5713
188.894	8.56651
189.053	8.5619
189.373	8.55311
189.693	8.54486
190.013	8.53706
190.333	8.52964
190.582	8.52409
190.831	8.51871
191.079	8.51349
191.328	8.50841
191.577	8.50345
191.826	8.4986
192.323	8.48919
192.821	8.4801
193.318	8.47127
193.816	8.46264
194.314	8.45419
194.74	8.44705
195.166	8.44
195.593	8.43303
196.019	8.42611
196.873	8.41242
197.725	8.39886
198.294	8.38986
198.863	8.38089
200	8.36297
201.249	8.34327
202.498	8.32347
203.747	8.30351
204.995	8.28337
206.713	8.25529
208.43	8.2267
210.147	8.19753
211.864	8.16772
213.581	8.13723
215.298	8.10599
217.016	8.07396
218.733	8.04111
219.982	8.01667
221.23	7.99177
222.479	7.9664
223.728	7.94056
224.977	7.91427
225.601	7.90098
226.226	7.88758
226.85	7.8741
227.475	7.86054
228.099	7.84693
228.724	7.8333
229.27	7.82137
229.816	7.80948
230.363	7.79766
230.909	7.78597
231.455	7.77449
231.729	7.76885
232.002	7.76331
232.275	7.75787
232.548	7.75257
232.821	7.74742
233.094	7.74247
233.329	7.7384
233.563	7.73453
233.797	7.73089
234.031	7.72752
234.246	7.72471
234.46	7.72223
234.675	7.72013
234.89	7.71848
235.104	7.71737
235.319	7.7169
235.534	7.71721
235.641	7.71771
235.748	7.71846
235.904	7.72009
236.06	7.72242
236.217	7.7256
236.373	7.72976
236.451	7.73227
236.529	7.73511
236.607	7.73829
236.685	7.74187
236.763	7.74588
236.841	7.75036
236.919	7.75537
236.997	7.76096
237.105	7.76974
237.212	7.77994
237.319	7.79182
237.373	7.7985
237.426	7.8057
237.48	7.81351
237.534	7.82196
237.588	7.83113
237.641	7.84106
237.695	7.85188
237.748	7.86363
237.802	7.87646
237.856	7.89046
237.924	7.91022
237.992	7.93248
238.061	7.95765
238.095	7.97151
238.129	7.98627
238.163	8.00209
238.197	8.01898
238.231	8.03716
238.266	8.05665
238.3	8.0777
238.334	8.10037
238.368	8.1249
238.402	8.15153
238.429	8.17419
238.456	8.19837
238.483	8.22442
238.509	8.25235
238.536	8.28257
238.563	8.31513
238.59	8.3504
238.617	8.38871
238.644	8.4306
238.67	8.47618
238.697	8.52608
238.724	8.58085
238.751	8.64134
238.778	8.70781
238.804	8.78127
238.831	8.86261
238.852	8.93182
238.873	9.00651
238.894	9.08797
238.914	9.17602
238.935	9.27215
238.956	9.37614
238.976	9.48917
238.997	9.61202
239.018	9.7462
239.039	9.89132
239.059	10.0489
239.08	10.2199
239.101	10.4063
239.122	10.6073
239.142	10.8249
239.163	11.06
239.177	11.2234
239.19	11.3937
239.203	11.5724
239.217	11.7599
239.23	11.9578
239.244	12.1635
239.27	12.6038
239.297	13.0861
239.324	13.6085
239.351	14.1741
239.378	14.7841
239.405	15.4416
239.431	16.1417
239.458	16.8863
239.485	17.6743
239.512	18.5068
239.539	19.3749
239.565	20.2782
239.592	21.2124
239.651	23.3356
239.709	25.5082
239.763	27.4776
239.817	29.3441
239.844	30.2193
239.87	31.0375
239.897	31.7927
239.924	32.476
239.953	33.1269
239.982	33.6721
240.011	34.1062
240.04	34.4224
240.07	34.6206
240.1	34.6845
240.109	34.6779
240.136	34.5802
240.164	34.3678
240.192	34.0436
240.22	33.6121
240.257	32.8796
240.294	31.9868
240.335	30.8304
240.376	29.5317
240.408	28.4542
240.439	27.3319
240.503	25.0052
240.572	22.4357
240.607	21.1858
240.642	19.9822
240.664	19.2397
240.686	18.5249
240.708	17.8331
240.73	17.1722
240.752	16.5373
240.775	15.9352
240.797	15.3633
240.819	14.8219
240.836	14.4171
240.854	14.0311
240.871	13.6636
240.888	13.3144
240.906	12.983
240.923	12.6691
240.941	12.3723
240.958	12.0935
240.975	11.8289
240.993	11.5797
241.01	11.3453
241.027	11.1262
241.045	10.9192
241.062	10.7252
241.08	10.5434
241.097	10.3741
241.114	10.2147
241.132	10.0657
241.149	9.92651
241.166	9.79647
241.184	9.67505
241.201	9.5617
241.219	9.45591
241.236	9.35772
241.253	9.26554
241.271	9.1795
241.288	9.09916
241.306	9.02414
241.323	8.95405
241.34	8.88854
241.358	8.82726
241.375	8.77024
241.392	8.71891
241.408	8.67066
241.425	8.62526
241.441	8.58252
241.458	8.54224
241.475	8.50425
241.508	8.43447
241.541	8.37203
241.574	8.31591
241.607	8.26526
241.641	8.21948
241.674	8.17769
241.707	8.13951
241.74	8.10448
241.773	8.07224
241.807	8.04245
241.84	8.01484
241.873	7.98917
241.906	7.96531
241.941	7.9419
241.976	7.92003
242.011	7.89955
242.045	7.88039
242.08	7.86231
242.115	7.84527
242.184	7.81402
242.254	7.78593
242.323	7.76061
242.393	7.73762
242.462	7.71666
242.526	7.69909
242.589	7.68284
242.652	7.66772
242.715	7.65362
242.779	7.64041
242.842	7.62803
242.905	7.61639
242.968	7.60541
243.031	7.59502
243.095	7.58519
243.158	7.57586
243.221	7.56699
243.347	7.55045
243.474	7.53532
243.575	7.52407
243.676	7.5135
243.777	7.50352
243.879	7.49407
243.98	7.48509
244.081	7.47653
244.182	7.46833
244.283	7.46048
244.422	7.45017
244.561	7.44035
244.7	7.43096
244.84	7.42195
244.979	7.41327
245.118	7.40488
245.257	7.39675
245.396	7.38886
245.674	7.37364
245.952	7.35908
246.23	7.34503
246.508	7.33139
246.888	7.31331
247.267	7.29567
247.646	7.27834
248.026	7.26124
248.405	7.2443
248.784	7.22745
249.164	7.21065
249.543	7.19385
250.074	7.17028
250.605	7.1466
251.136	7.12275
251.667	7.09868
252.198	7.07435
252.729	7.04973
253.791	6.9995
254.853	6.9478
255.915	6.89445
256.977	6.83932
258.04	6.78227
259.152	6.72032
260.265	6.656
261.378	6.58919
262.49	6.51978
263.047	6.48408
263.603	6.4477
264.159	6.41063
264.716	6.37288
265.272	6.33442
265.828	6.29529
266.385	6.25548
266.941	6.215
267.75	6.15498
268.559	6.09368
269.368	6.03125
270.178	5.96789
270.987	5.90388
271.391	5.87176
271.796	5.83962
272.201	5.80755
272.605	5.77562
273.01	5.74395
273.414	5.71265
273.971	5.67044
274.527	5.6296
275.083	5.59064
275.64	5.55418
276.196	5.52101
276.752	5.49212
277.309	5.4687
277.587	5.45951
277.865	5.45229
278.219	5.44634
278.573	5.44459
278.927	5.44772
279.281	5.45653
279.635	5.47198
279.989	5.49515
280.343	5.52736
280.697	5.5701
281.026	5.62073
281.355	5.68349
281.683	5.7605
282.012	5.85438
282.341	5.96812
282.67	6.10498
282.998	6.26903
283.327	6.46518
283.605	6.66071
283.883	6.88791
284.162	7.15198
284.44	7.45906
284.718	7.81687
284.857	8.01752
284.996	8.23422
285.135	8.46873
285.274	8.72249
285.413	8.99727
285.552	9.29481
285.742	9.74184
285.932	10.2419
286.121	10.8024
286.311	11.4316
286.501	12.1406
286.596	12.5284
286.69	12.9409
286.785	13.3803
286.88	13.8479
286.975	14.3463
287.07	14.8779
287.209	15.7239
287.348	16.6568
287.487	17.6878
287.626	18.8289
287.765	20.0967
287.904	21.5079
287.974	22.2741
288.043	23.083
288.113	23.9389
288.182	24.8451
288.252	25.8069
288.321	26.8256
288.391	27.9085
288.46	29.0575
288.53	30.2813
288.6	31.5824
288.669	32.9709
288.739	34.4501
288.808	36.0324
288.878	37.7219
288.947	39.5335
289.017	41.4729
289.087	43.5581
289.156	45.7967
289.226	48.2071
289.295	50.8067
289.365	53.6194
289.434	56.6591
289.504	59.9601
289.573	63.5415
289.643	67.4467
289.712	71.7022
289.782	76.3568
289.851	81.461
289.921	87.0818
289.99	93.2716
290.06	100.129
290.095	103.834
290.13	107.73
290.164	111.853
290.199	116.209
290.234	120.816
290.269	125.678
290.303	130.846
290.338	136.311
290.373	142.133
290.408	148.306
290.442	154.896
290.477	161.921
290.512	169.419
290.547	177.41
290.582	185.985
290.616	195.176
290.651	205.039
290.686	215.606
290.721	227.009
290.755	239.296
290.79	252.553
290.825	266.832
290.86	282.317
290.894	299.083
290.929	317.254
290.964	336.904
291.002	360.348
291.04	385.932
291.078	413.933
291.116	444.58
291.154	478.211
291.192	514.901
291.23	554.996
291.267	598.759
291.302	642.396
291.337	689.541
291.372	740.378
291.406	794.912
291.441	853.602
291.476	916.413
291.511	983.424
291.546	1054.46
291.58	1129.91
291.615	1209.51
291.65	1293.12
291.685	1380.27
291.72	1471.17
291.754	1564.93
291.824	1760.22
291.961	2157.81
292.03	2350.34
292.098	2529.01
292.137	2621.86
292.176	2706.6
292.215	2781.99
292.254	2846.91
292.293	2900.35
292.332	2941.5
292.371	2969.72
292.41	2984.6
292.434	2987.02
292.473	2980.03
292.512	2959.67
292.551	2926.34
292.59	2880.64
292.629	2823.38
292.668	2755.51
292.707	2678.15
292.746	2592.51
292.801	2460.14
292.856	2317.55
292.966	2016.34
293.071	1728.52
293.124	1590.43
293.176	1458.86
293.219	1356.61
293.262	1259.84
293.305	1168.84
293.348	1083.79
293.391	1004.69
293.434	931.478
293.477	863.985
293.52	802.116
293.546	766.768
293.573	733.296
293.599	701.625
293.625	671.787
293.651	643.478
293.678	616.735
293.704	591.48
293.73	567.721
293.757	545.202
293.783	523.942
293.809	503.868
293.835	484.981
293.862	467.069
293.888	450.207
293.914	434.204
293.94	419.126
293.967	404.802
293.993	391.241
294.019	378.393
294.046	366.26
294.098	343.737
294.151	323.449
294.203	305.051
294.256	288.381
294.308	273.173
294.361	259.311
294.411	247.147
294.461	235.956
294.511	225.594
294.561	216.015
294.612	207.105
294.662	198.832
294.712	191.106
294.762	183.904
294.812	177.153
294.862	170.839
294.912	164.899
294.963	159.326
295.013	154.069
295.063	149.121
295.113	144.441
295.163	140.026
295.216	135.644
295.268	131.51
295.321	127.59
295.373	123.883
295.426	120.361
295.478	117.023
295.584	110.825
295.689	105.205
295.794	100.089
295.899	95.4175
296.004	91.1421
296.071	88.6017
296.138	86.1922
296.271	81.7328
296.405	77.693
296.539	74.025
296.673	70.6779
296.806	67.6178
296.94	64.8094
297.074	62.2243
297.179	60.3333
297.284	58.5551
297.389	56.8805
297.494	55.3015
297.599	53.8105
297.704	52.4009
297.81	51.0667
297.914	49.8034
298.02	48.6038
298.125	47.4643
298.23	46.381
298.335	45.35
298.545	43.4313
298.755	41.6845
298.965	40.0873
299.176	38.6228
299.386	37.2761
299.596	36.0348
299.806	34.8866
300.016	33.823
300.226	32.8347
300.437	31.9154
300.628	31.1332
300.819	30.3977
301.01	29.7049
301.201	29.0515
301.392	28.4336
301.583	27.8493
301.774	27.2955
301.965	26.7706
302.156	26.272
302.347	25.7981
302.538	25.3473
302.729	24.9182
302.92	24.5089
303.111	24.1186
303.493	23.389
303.704	23.0145
303.914	22.6574
304.334	21.991
304.755	21.3815
305.175	20.8225
305.595	20.308
306.016	19.8331
306.436	19.3936
306.856	18.9857
307.124	18.7412
307.391	18.5073
307.926	18.0694
308.461	17.6673
308.996	17.2971
309.531	16.9556
310.066	16.6386
310.601	16.3435
311.136	16.0688
311.556	15.8658
311.977	15.6732
312.397	15.4903
312.817	15.3164
313.238	15.1508
313.658	14.993
314.078	14.8424
314.499	14.6986
314.919	14.561
315.339	14.4294
316.18	14.1825
317.021	13.9552
317.861	13.7453
318.702	13.5508
319.543	13.3701
320.383	13.2018
321.224	13.0447
322.065	12.8977
322.906	12.7598
323.746	12.6302
324.587	12.5082
325.351	12.4034
326.115	12.3044
326.88	12.2097
327.644	12.1196
328.408	12.0334
329.172	11.9514
329.937	11.8729
330.701	11.7978
331.465	11.726
332.229	11.6571
332.994	11.591
333.758	11.5275
335.286	11.4078
336.815	11.2968
338.496	11.1837
340.178	11.0788
341.859	10.9813
343.54	10.8905
345.222	10.8055
346.903	10.7258
348.584	10.6509
350.266	10.5804
351.565	10.5286
352.864	10.4789
354.163	10.4313
355.462	10.3856
356.762	10.342
358.061	10.2999
359.36	10.259
360.659	10.2198
363.258	10.1452
365.856	10.0756
368.455	10.0103
371.053	9.94882
372.735	9.91106
374.416	9.87455
376.097	9.8392
377.779	9.8052
381.141	9.74032
384.504	9.67951
387.867	9.62205
391.229	9.5678
394.592	9.51634
397.955	9.46731
401.012	9.42477
404.069	9.38393
407.126	9.3446
410.183	9.3067
413.24	9.27016
416.297	9.23482
419.354	9.20059
422.411	9.16743
424.245	9.14804
426.079	9.12896
427.913	9.11029
429.748	9.09198
431.582	9.07406
432.499	9.06526
433.416	9.05658
434.333	9.04803
435.25	9.03962
436.167	9.03138
437.084	9.02333
437.81	9.01713
438.536	9.01112
439.262	9.00534
439.988	8.99986
440.715	8.99476
441.078	8.9924
441.441	8.99018
441.804	8.98814
442.167	8.98631
442.53	8.98475
442.893	8.98351
443.237	8.98271
443.581	8.98236
443.924	8.98257
444.268	8.9835
444.612	8.98538
444.784	8.98677
444.956	8.98852
445.128	8.9907
445.3	8.99339
445.472	8.99669
445.644	9.00072
445.826	9.00595
446.007	9.01242
446.188	9.02044
446.279	9.02517
446.37	9.03046
446.461	9.03641
446.552	9.04311
446.642	9.0507
446.733	9.05931
446.824	9.06916
446.914	9.08049
447.005	9.09365
447.096	9.10905
447.146	9.11877
447.196	9.12949
447.247	9.14139
447.297	9.15464
447.347	9.16953
447.397	9.18631
447.447	9.20541
447.497	9.2272
447.548	9.25234
447.598	9.2814
447.648	9.31531
447.698	9.35493
447.723	9.37732
447.748	9.40162
447.773	9.42802
447.798	9.4566
447.823	9.48781
447.848	9.52176
447.874	9.55871
447.899	9.59877
447.925	9.64473
447.951	9.69494
447.977	9.74979
448.004	9.80944
448.03	9.87475
448.056	9.94596
448.082	10.0235
448.109	10.1076
448.135	10.1993
448.161	10.2988
448.188	10.4066
448.214	10.5228
448.24	10.6488
448.266	10.7842
448.293	10.9304
448.319	11.0868
448.338	11.2086
448.357	11.3359
448.376	11.4694
448.395	11.6094
448.414	11.7559
448.433	11.9091
448.453	12.0691
448.472	12.2359
448.51	12.5903
448.548	12.9723
448.586	13.3819
448.625	13.8182
448.651	14.1335
448.677	14.4603
448.73	15.1444
448.782	15.8661
448.835	16.6134
448.997	18.9655
449.05	19.6886
449.102	20.3665
449.155	20.9839
449.207	21.5231
449.26	21.9712
449.286	22.1574
449.312	22.3159
449.338	22.4454
449.364	22.5462
449.39	22.6178
449.416	22.6594
449.44	22.6714
449.456	22.6651
449.482	22.6306
449.508	22.5662
449.534	22.4724
449.56	22.3503
449.595	22.1428
449.63	21.8878
449.648	21.7339
449.703	21.2034
449.728	20.9373
449.762	20.5437
449.796	20.1238
449.863	19.2179
449.931	18.253
449.999	17.266
450.091	15.9365
450.137	15.298
450.184	14.6872
450.217	14.2579
450.251	13.8486
450.285	13.4578
450.319	13.0891
450.353	12.7406
450.387	12.4148
450.421	12.1097
450.454	11.827
450.482	11.6102
450.51	11.408
450.538	11.2192
450.565	11.0433
450.593	10.8798
450.621	10.7282
450.648	10.5879
450.676	10.4584
450.704	10.339
450.732	10.2291
450.759	10.1281
450.787	10.0355
450.815	9.95071
450.842	9.8731
450.87	9.80215
450.898	9.73736
450.918	9.69391
450.938	9.65346
450.958	9.61561
450.978	9.58019
451.018	9.51607
451.058	9.45993
451.098	9.41076
451.138	9.36762
451.178	9.32971
451.218	9.29631
451.258	9.26673
451.298	9.24058
451.338	9.2173
451.378	9.19651
451.418	9.17785
451.458	9.16104
451.498	9.14583
451.538	9.132
451.612	9.1095
451.686	9.09022
451.76	9.07348
451.833	9.05882
451.907	9.04581
451.981	9.03419
452.055	9.02373
452.129	9.01427
452.203	9.00564
452.277	8.99776
452.424	8.98383
452.572	8.9719
452.72	8.96156
452.868	8.95249
453.015	8.94446
453.163	8.93728
453.311	8.93082
453.459	8.92496
453.606	8.91961
453.754	8.9147
453.902	8.91016
454.197	8.90203
454.493	8.8949
454.788	8.88854
455.084	8.88279
455.429	8.87667
455.773	8.87108
456.118	8.86589
456.463	8.86104
456.808	8.85645
457.152	8.8521
457.497	8.84793
457.842	8.84391
458.531	8.83628
459.221	8.82902
459.91	8.82205
460.6	8.8153
461.388	8.80781
462.176	8.80051
462.964	8.79335
463.752	8.78632
464.835	8.7768
465.919	8.76742
467.002	8.75815
468.086	8.74899
470.253	8.7309
472.42	8.71307
474.587	8.69544
476.754	8.67797
478.921	8.66063
481.088	8.64342
483.452	8.62476
485.816	8.60619
490.544	8.56929
495.272	8.53262
500	8.49608
505.655	8.45243
511.309	8.40867
518.378	8.35356
521.912	8.3258
525.446	8.29775
528.98	8.26953
532.514	8.24093
539.583	8.18273
546.651	8.12255
550.185	8.09173
553.719	8.06007
557.254	8.02793
560.788	7.99481
564.322	7.96101
567.856	7.9261
571.744	7.88637
575.631	7.84519
579.519	7.80233
583.406	7.75752
587.294	7.71066
591.182	7.66131
595.069	7.60923
598.957	7.55412
601.784	7.51178
604.611	7.46737
607.439	7.42064
610.266	7.37136
613.093	7.31929
615.921	7.26403
618.748	7.20513
620.162	7.1742
621.575	7.1422
623.519	7.09632
625.463	7.04809
627.407	6.9973
629.35	6.94368
631.294	6.88698
633.238	6.82686
634.21	6.79542
635.182	6.76299
636.154	6.72952
637.125	6.69496
638.539	6.64261
639.953	6.58761
641.367	6.52977
642.78	6.46884
644.194	6.40466
644.901	6.37126
645.608	6.33685
646.314	6.30143
647.021	6.26499
647.728	6.22746
648.435	6.18882
649.407	6.13377
650.379	6.07637
651.351	6.0165
652.322	5.954
653.294	5.88873
654.266	5.82054
655.238	5.74928
655.724	5.71245
656.21	5.67481
657.094	5.6042
657.977	5.53074
658.419	5.49292
658.861	5.45436
659.303	5.41507
659.744	5.37505
660.186	5.3343
660.628	5.29284
661.07	5.25068
661.511	5.20785
661.953	5.16438
662.395	5.12034
662.837	5.07574
663.278	5.03068
663.764	4.98066
664.25	4.93033
664.736	4.87989
665.222	4.8296
665.708	4.77975
666.194	4.73075
666.68	4.68307
667.166	4.63734
667.652	4.59432
668.138	4.55499
668.381	4.53708
668.624	4.52057
668.867	4.50568
669.11	4.49264
669.353	4.4817
669.596	4.47316
669.839	4.46737
670.082	4.46471
670.325	4.4656
670.567	4.47053
670.811	4.48006
671.053	4.49482
671.407	4.52717
671.672	4.56133
671.937	4.60552
672.202	4.66138
672.467	4.73079
672.732	4.81607
672.997	4.91981
673.262	5.04525
673.527	5.1961
673.77	5.36069
674.013	5.55476
674.256	5.78339
674.499	6.05259
674.621	6.20475
674.742	6.36998
674.864	6.54945
674.985	6.74449
675.107	6.95653
675.228	7.18721
675.35	7.43834
675.471	7.71171
675.615	8.06716
675.758	8.46145
675.902	8.89952
676.045	9.38667
676.189	9.93017
676.333	10.5374
676.476	11.2172
676.548	11.5876
676.62	11.9797
676.741	12.6994
676.863	13.4963
676.984	14.3807
677.106	15.3638
677.167	15.8978
677.227	16.4612
677.288	17.0581
677.349	17.6888
677.409	18.358
677.47	19.0663
677.531	19.8178
677.592	20.616
677.652	21.4658
677.713	22.3687
677.774	23.3322
677.835	24.358
677.895	25.455
677.956	26.6259
678.017	27.8812
678.078	29.2247
678.138	30.6691
678.199	32.2195
678.26	33.8918
678.321	35.6926
678.381	37.6416
678.442	39.7483
678.503	42.0371
678.564	44.5209
678.63	47.4877
678.696	50.7533
678.763	54.3572
678.829	58.339
678.862	60.4965
678.895	62.7638
678.928	65.1552
678.961	67.6792
678.994	70.353
679.027	73.1702
679.061	76.1492
679.094	79.301
679.124	82.3581
679.154	85.5807
679.185	88.9791
679.215	92.5523
679.246	96.3353
679.276	100.329
679.306	104.546
679.337	108.984
679.367	113.688
679.398	118.658
679.428	123.909
679.458	129.438
679.489	135.299
679.519	141.47
679.549	148.009
679.58	154.892
679.61	162.184
679.64	169.88
679.671	178
679.701	186.535
679.731	195.561
679.762	205.071
679.792	215.083
679.823	225.581
679.853	236.655
679.883	248.287
679.914	260.496
679.944	273.254
679.975	286.662
680.005	300.644
680.035	315.306
680.066	330.56
680.115	356.988
680.165	385.181
680.215	415.141
680.264	446.848
680.314	480.255
680.364	515.29
680.413	551.849
680.463	589.797
680.524	637.862
680.585	687.298
680.706	788.755
680.828	889.825
680.888	938.586
680.949	985.282
681.039	1049.36
681.084	1078.41
681.129	1105.11
681.174	1129.23
681.22	1150.52
681.265	1168.8
681.31	1183.88
681.37	1198.79
681.43	1207.55
681.46	1209.59
681.509	1209.52
681.558	1205.33
681.607	1197.07
681.656	1184.89
681.704	1168.91
681.753	1149.41
681.802	1126.57
681.851	1100.74
681.924	1057.22
681.997	1008.75
682.07	956.485
682.143	901.587
682.284	791.729
682.355	736.968
682.425	683.364
682.477	645.414
682.528	608.693
682.58	573.292
682.631	539.344
682.682	506.889
682.734	476.122
682.785	447.02
682.837	419.599
682.872	401.688
682.907	384.613
682.943	368.264
682.978	352.72
683.013	337.876
683.049	323.795
683.084	310.376
683.12	297.672
683.155	285.585
683.19	274.159
683.226	263.303
683.261	253.051
683.296	243.319
683.332	234.136
683.367	225.422
683.402	217.203
683.438	209.405
683.473	202.049
683.508	195.07
683.544	188.483
683.579	182.231
683.614	176.327
683.65	170.719
683.685	165.419
683.721	160.379
683.756	155.611
683.791	151.072
683.827	146.773
683.897	138.788
683.968	131.554
684.026	126.127
684.084	121.099
684.142	116.433
684.199	112.1
684.257	108.056
684.315	104.286
684.373	100.755
684.431	97.4511
684.489	94.3448
684.547	91.4293
684.604	88.679
684.662	86.0896
684.72	83.6398
684.778	81.3267
684.836	79.1323
684.894	77.0551
684.964	74.6563
685.035	72.4014
685.106	70.2781
685.176	68.2758
685.247	66.3849
685.318	64.5966
685.389	62.9033
685.459	61.2979
685.53	59.7741
685.601	58.326
685.742	55.6365
685.883	53.1929
686.025	50.9643
686.179	48.7473
686.333	46.7273
686.488	44.8803
686.642	43.1869
686.796	41.6278
686.95	40.19
687.105	38.8588
687.259	37.6249
687.4	36.569
687.542	35.5802
687.683	34.6518
687.825	33.7788
687.966	32.9565
688.107	32.1809
688.249	31.4483
688.39	30.7553
688.532	30.099
688.673	29.4767
688.814	28.886
688.956	28.3245
689.097	27.7903
689.239	27.2816
689.521	26.3337
689.804	25.4687
690.087	24.677
690.37	23.9498
690.653	23.2799
690.936	22.6609
691.218	22.0875
691.501	21.5551
691.784	21.0595
692.015	20.679
692.247	20.3191
692.478	19.9782
692.709	19.6549
692.941	19.3478
693.172	19.0558
693.404	18.7776
693.635	18.5125
693.866	18.2595
694.098	18.018
694.561	17.5662
695.024	17.152
695.486	16.7712
695.769	16.5531
696.052	16.3453
696.335	16.1472
696.618	15.9579
696.9	15.7769
697.183	15.6038
697.749	15.2793
698.314	14.9806
698.88	14.705
699.446	14.4499
700.011	14.2131
700.628	13.9735
701.245	13.7514
701.862	13.545
702.479	13.3526
703.097	13.1729
703.714	13.005
704.331	12.8476
704.948	12.6996
705.513	12.5713
706.079	12.4497
706.645	12.3343
707.21	12.2246
707.776	12.1203
708.342	12.0209
708.907	11.9261
709.473	11.8357
710.038	11.7492
710.604	11.6664
711.17	11.5872
711.735	11.5113
712.867	11.3684
713.998	11.2365
715.129	11.1143
716.26	11.0008
717.392	10.895
718.523	10.7961
719.654	10.7036
720.785	10.6167
721.917	10.535
723.048	10.4581
724.076	10.3919
725.105	10.3292
726.133	10.2693
727.162	10.2122
728.19	10.1576
729.218	10.1055
731.275	10.0079
733.332	9.91819
735.389	9.8354
737.446	9.7587
739.503	9.6874
741.765	9.61453
744.028	9.5468
746.29	9.48364
748.553	9.42457
750.815	9.36915
753.078	9.31703
755.34	9.26787
757.603	9.2214
761.305	9.15054
765.008	9.08554
768.71	9.02524
772.412	8.96915
776.115	8.91676
779.817	8.86765
783.519	8.82148
787.221	8.77793
791.747	8.72792
796.272	8.68087
800.797	8.63652
805.322	8.59462
809.847	8.55477
814.372	8.51688
818.897	8.48069
823.422	8.44601
828.358	8.40984
833.295	8.37512
839.054	8.33638
844.813	8.29931
847.693	8.2814
850.572	8.26386
853.452	8.24672
856.331	8.22996
858.388	8.21823
860.445	8.20672
862.502	8.19544
864.559	8.18441
866.616	8.17368
868.673	8.16329
870.729	8.15333
871.758	8.14854
872.786	8.14391
873.866	8.13925
874.946	8.13486
876.026	8.13079
877.106	8.12712
878.185	8.12397
878.725	8.12264
879.265	8.1215
879.805	8.1206
880.345	8.11996
880.885	8.11963
881.425	8.11968
881.991	8.12024
882.556	8.12143
883.122	8.1234
883.687	8.12636
884.253	8.1306
884.536	8.13332
884.819	8.1365
885.101	8.14024
885.384	8.14462
885.667	8.14974
885.95	8.15576
886.233	8.16283
886.516	8.17119
886.798	8.18109
887.081	8.1929
887.364	8.20708
887.505	8.21523
887.647	8.22421
887.788	8.23414
887.93	8.24514
888.071	8.25737
888.213	8.27101
888.38	8.28927
888.547	8.31027
888.714	8.33462
888.881	8.36311
888.965	8.37923
889.048	8.3968
889.132	8.41607
889.215	8.43723
889.299	8.46065
889.382	8.48665
889.466	8.51579
889.549	8.54861
889.607	8.57396
889.665	8.60175
889.723	8.63247
889.781	8.66649
889.839	8.70448
889.896	8.74701
889.954	8.79501
890.012	8.8493
890.07	8.91122
890.128	8.98191
890.186	9.06325
890.244	9.15684
890.273	9.20915
890.302	9.26523
890.33	9.3256
890.359	9.3906
890.388	9.46088
890.417	9.53635
890.446	9.61769
890.475	9.70536
890.51	9.82208
890.546	9.94962
890.581	10.0897
890.616	10.2427
890.652	10.4105
890.687	10.5936
890.722	10.7941
890.758	11.0123
890.793	11.2508
890.829	11.5098
890.864	11.7922
890.899	12.0979
890.935	12.4302
890.97	12.7888
891.005	13.1773
891.041	13.595
891.066	13.9203
891.092	14.2618
891.118	14.6212
891.144	14.9992
891.169	15.3961
891.195	15.8125
891.221	16.2488
891.246	16.7053
891.272	17.1843
891.298	17.6824
891.324	18.2016
891.349	18.7422
891.401	19.8876
891.452	21.1187
891.487	22.0158
891.523	22.9494
891.558	23.9237
891.593	24.9318
891.664	27.0525
891.735	29.2921
891.802	31.5181
891.87	33.8019
892.005	38.4113
892.076	40.7663
892.146	43.0194
892.217	45.1218
892.288	47.0255
892.352	48.5459
892.416	49.8311
892.487	50.9453
892.527	51.4228
892.566	51.7864
892.618	52.0871
892.67	52.1861
892.726	52.0642
892.783	51.7062
892.822	51.3209
892.861	50.8274
892.897	50.2807
892.933	49.6493
893.001	48.2251
893.07	46.5425
893.142	44.5443
893.214	42.3544
893.286	40.0237
893.358	37.6068
893.502	32.696
893.574	30.2896
893.646	27.9697
893.718	25.7596
893.754	24.7043
893.79	23.6854
893.826	22.7047
893.862	21.7637
893.898	20.8634
893.934	20.0047
893.986	18.8318
894.025	18.0108
894.065	17.2391
894.097	16.6308
894.13	16.0576
894.163	15.5168
894.195	15.0077
894.228	14.5278
894.261	14.0791
894.294	13.6589
894.326	13.2662
894.362	12.8641
894.398	12.4922
894.434	12.1488
894.47	11.8323
894.506	11.5411
894.542	11.2735
894.578	11.028
894.614	10.8036
894.65	10.5977
894.686	10.4094
894.722	10.2374
894.758	10.0808
894.794	9.93754
894.83	9.80693
894.866	9.68787
894.902	9.57965
894.932	9.49791
894.961	9.42239
894.99	9.35213
895.02	9.28718
895.049	9.22671
895.079	9.17075
895.108	9.1186
895.138	9.07027
895.197	8.9833
895.255	8.90775
895.314	8.84184
895.373	8.78416
895.432	8.73325
895.491	8.68815
895.55	8.64797
895.609	8.61204
895.668	8.57961
895.726	8.55024
895.785	8.5235
895.844	8.49908
895.929	8.46717
896.014	8.43871
896.099	8.41311
896.184	8.38998
896.269	8.36891
896.355	8.34967
896.44	8.33198
896.525	8.3157
896.695	8.28666
896.865	8.26157
897.035	8.23967
897.205	8.2204
897.349	8.20583
897.493	8.19261
897.637	8.18058
897.781	8.16958
897.925	8.15948
898.069	8.15018
898.356	8.13365
898.644	8.1194
898.932	8.10698
899.22	8.09606
899.508	8.08638
899.822	8.07698
900.136	8.06859
900.45	8.06104
900.764	8.05419
901.078	8.04795
901.392	8.04222
901.706	8.03694
902.02	8.03204
902.648	8.02319
903.276	8.01539
903.904	8.00839
904.532	8.00201
905.37	7.99426
906.207	7.9872
907.045	7.98067
907.882	7.97457
908.72	7.9688
909.557	7.9633
910.395	7.95803
911.232	7.95296
912.907	7.94324
914.582	7.93395
916.047	7.92611
917.513	7.91847
918.978	7.911
920.444	7.90366
923.375	7.88931
926.306	7.8753
928.609	7.86448
930.912	7.85378
933.215	7.84319
935.518	7.8327
940.124	7.81196
944.729	7.79151
949.335	7.77127
953.941	7.75123
958.547	7.73136
963.153	7.71163
972.365	7.67254
981.577	7.63384
990.788	7.59542
1000	7.55718
1010.28	7.51467
1020.55	7.47221
1030.83	7.4297
1041.1	7.38706
1058.57	7.3139
1076.04	7.23975
1093.51	7.16412
1110.98	7.0866
1128.44	7.00672
1145.91	6.924
1163.38	6.83794
1180.85	6.74777
1192.15	6.68685
1203.45	6.62387
1214.76	6.55849
1226.06	6.4903
1237.36	6.41938
1248.67	6.34502
1259.97	6.26708
1271.27	6.18538
1280.01	6.1191
1288.74	6.04994
1297.47	5.97769
1306.21	5.90208
1314.94	5.82285
1323.68	5.74005
1332.41	5.65275
1341.14	5.56087
1346.8	5.49877
1352.45	5.43458
1358.1	5.36815
1363.75	5.29933
1369.4	5.22819
1375.05	5.15453
1380.7	5.07836
1386.36	4.99974
1391.49	4.92603
1396.63	4.85036
1401.77	4.7729
1406.91	4.69387
1412.04	4.61354
1414.61	4.57307
1417.18	4.5325
1419.75	4.49194
1422.32	4.45149
1424.89	4.41127
1427.46	4.37154
1430.28	4.32859
1433.11	4.28676
1435.93	4.24646
1438.76	4.2082
1441.59	4.17255
1444.41	4.14026
1447.24	4.11223
1450.06	4.08957
1451.61	4.07994
1453.15	4.07257
1454.69	4.06774
1456.23	4.06578
1458.93	4.07042
1460.28	4.07718
1461.62	4.08737
1462.97	4.10136
1464.32	4.11956
1465.67	4.14252
1467.02	4.1707
1468.37	4.20476
1469.72	4.24542
1471.06	4.29339
1472.41	4.34952
1473.76	4.41497
1475.11	4.4906
1476.46	4.5773
1477.81	4.67651
1479.22	4.7972
1480.63	4.93649
1482.05	5.0968
1483.46	5.28097
1484.87	5.49277
1486.28	5.73618
1487.7	6.01604
1489.11	6.3378
1490.46	6.69072
1491.13	6.88618
1491.81	7.09521
1492.48	7.31951
1493.16	7.5596
1493.83	7.81709
1494.5	8.0934
1495.18	8.39053
1495.85	8.70932
1496.53	9.05259
1497.2	9.42137
1497.88	9.81891
1498.55	10.2462
1499.23	10.7064
1499.9	11.203
1500.61	11.7676
1501.31	12.3806
1502.02	13.0484
1502.72	13.7744
1503.43	14.5669
1504.14	15.431
1504.84	16.3756
1505.55	17.4099
1506.26	18.5462
1506.96	19.793
1507.67	21.1676
1508.38	22.6818
1509.08	24.3581
1509.79	26.2126
1510.14	27.2179
1510.5	28.2749
1510.85	29.3902
1511.2	30.5675
1511.56	31.815
1511.91	33.1301
1512.26	34.5214
1512.62	35.9943
1512.97	37.5592
1513.32	39.2139
1513.67	40.9696
1514.03	42.834
1514.38	44.8213
1514.73	46.9293
1515.09	49.1735
1515.44	51.5648
1515.79	54.115
1516.15	56.8369
1516.5	59.7447
1516.85	62.8537
1517.27	66.819
1517.69	71.1118
1518.11	75.7893
1518.52	80.8707
1518.94	86.4264
1519.36	92.4808
1519.77	99.1032
1520.19	106.357
1520.55	113.064
1520.9	120.304
1521.25	128.15
1521.61	136.659
1521.96	145.924
1522.31	155.962
1522.67	166.874
1523.02	178.743
1523.37	191.694
1523.73	205.748
1524.08	221.036
1524.43	237.659
1524.79	255.766
1525.14	275.351
1525.49	296.545
1525.84	319.413
1526.11	337.705
1526.37	356.889
1526.64	377.099
1526.9	398.15
1527.43	442.848
1527.96	490.226
1529.02	587.483
1529.55	633.375
1529.81	654.602
1529.94	664.689
1530.08	674.396
1530.19	682.603
1530.31	690.503
1530.42	698.102
1530.54	705.408
1530.65	712.439
1530.71	715.858
1530.77	719.218
1530.83	722.521
1530.89	725.773
1530.94	728.976
1531	732.135
1531.06	735.255
1531.12	738.338
1531.18	741.389
1531.23	744.411
1531.29	747.407
1531.35	750.378
1531.41	753.327
1531.47	756.251
1531.52	759.152
1531.58	762.026
1531.64	764.87
1531.7	767.678
1531.82	773.157
1531.93	778.389
1532.16	787.596
1532.28	791.345
1532.39	794.289
1532.52	796.462
1532.58	797.04
1532.64	797.251
1532.71	797.054
1532.77	796.403
1532.84	795.278
1532.91	793.661
1532.97	791.467
1533.04	788.774
1533.1	786.014
1533.17	782.214
1533.24	777.863
1533.31	772.825
1533.38	767.324
1533.45	760.963
1533.53	754.081
1533.62	744.658
1533.71	734.57
1533.79	726.233
1533.86	717.61
1534.01	699.728
1534.2	676.243
1534.29	664.521
1534.39	652.885
1534.48	641.404
1534.58	630.132
1534.67	619.113
1534.76	608.374
1534.83	601.565
1534.88	594.993
1534.95	588.44
1535.01	582.12
1535.07	575.821
1535.13	569.748
1535.19	563.694
1535.25	557.854
1535.31	552.028
1535.37	546.403
1535.43	540.787
1535.49	535.358
1535.55	529.931
1535.61	524.678
1535.67	519.42
1535.73	514.324
1535.79	509.217
1535.85	504.262
1535.91	499.29
1535.97	494.461
1536.09	484.896
1536.22	475.547
1536.34	466.398
1536.46	457.438
1536.58	448.656
1536.7	440.049
1536.9	425.919
1537.11	412.325
1537.31	399.127
1537.51	386.449
1537.72	374.16
1537.92	362.377
1538.12	350.974
1538.33	340.055
1538.74	319.408
1539.14	300.342
1539.55	282.756
1539.96	266.547
1540.24	256.14
1540.52	246.302
1540.8	236.999
1541.08	228.232
1541.35	219.907
1541.63	212.027
1541.91	204.566
1542.19	197.522
1542.47	190.821
1542.75	184.465
1543.03	178.434
1543.31	172.727
1543.59	167.286
1543.87	162.112
1544.15	157.191
1544.43	152.523
1544.99	143.807
1545.55	135.894
1546.11	128.666
1546.67	122.072
1547.23	116.021
1547.79	110.474
1548.35	105.36
1548.91	100.652
1549.26	97.8422
1549.62	95.1676
1550.33	90.1916
1551.04	85.6641
1551.76	81.5344
1552.47	77.7561
1553.18	74.2866
1553.89	71.091
1554.6	68.1417
1555.16	65.9793
1555.72	63.9474
1556.28	62.0286
1556.84	60.221
1557.4	58.5099
1557.96	56.8941
1558.52	55.3611
1559.08	53.9102
1559.64	52.5307
1560.2	51.2225
1560.76	49.9763
1561.32	48.7921
1562.44	46.586
1563.55	44.5784
1564.67	42.7421
1565.79	41.0591
1566.91	39.5119
1568.03	38.086
1569.15	36.7683
1570.27	35.5477
1571.39	34.4145
1572.51	33.3611
1573.42	32.5515
1574.34	31.7872
1575.25	31.0639
1576.17	30.3804
1577.08	29.7301
1578	29.1116
1578.91	28.5224
1579.83	27.9621
1580.75	27.4276
1581.66	26.9185
1583.49	25.9673
1585.32	25.0975
1587.15	24.2995
1588.27	23.8435
1589.39	23.4097
1590.51	22.9965
1591.63	22.6025
1593.87	21.8673
1596.11	21.1952
1598.34	20.5788
1600.58	20.0116
1602.82	19.4882
1605.06	19.004
1607.91	18.4375
1610.75	17.9208
1613.6	17.4475
1616.45	17.0126
1619.3	16.6142
1622.15	16.2431
1624.99	15.899
1627.84	15.5793
1630.08	15.3439
1632.32	15.1206
1634.56	14.9084
1636.79	14.7074
1641.27	14.3337
1645.75	13.9947
1650.22	13.6848
1654.7	13.4012
1659.17	13.1404
1663.65	12.8997
1668.12	12.6772
1672.6	12.4704
1677.08	12.2779
1681.55	12.0985
1686.03	11.9305
1690.5	11.773
1694.98	11.625
1699.45	11.4857
1707.59	11.2529
1715.73	11.0417
1723.87	10.8489
1732	10.6725
1740.14	10.5111
1748.28	10.3621
1756.42	10.2238
1764.55	10.0951
1775.95	9.92968
1787.34	9.77859
1798.73	9.63963
1810.12	9.51137
1822.33	9.38439
1828.43	9.32446
1834.54	9.2667
1840.64	9.21079
1846.74	9.15695
1852.85	9.10492
1858.95	9.0546
1863.43	9.01875
1867.9	8.98376
1872.38	8.94961
1876.85	8.91631
1881.33	8.88384
1885.8	8.85223
1890.28	8.8215
1894.76	8.79172
1897.61	8.7733
1900.45	8.75534
1903.3	8.73788
1906.15	8.72094
1909	8.70469
1911.84	8.68923
1914.69	8.6747
1916.12	8.66786
1917.54	8.66135
1919.17	8.65438
1920.8	8.64799
1922.42	8.64228
1924.05	8.63742
1925.68	8.63357
1927.31	8.63098
1928.93	8.62992
1929.75	8.6301
1930.56	8.63087
1931.38	8.63231
1932.19	8.63451
1933	8.63759
1933.82	8.64169
1934.68	8.64738
1935.55	8.65468
1936.41	8.66394
1937.28	8.67555
1938.14	8.69007
1938.57	8.69862
1939	8.70817
1939.44	8.7189
1939.87	8.73091
1940.3	8.74438
1940.73	8.75953
1941.27	8.78098
1941.8	8.80586
1942.34	8.83492
1942.6	8.85128
1942.87	8.86902
1943.14	8.8883
1943.4	8.90929
1943.67	8.93217
1943.94	8.95717
1944.21	8.98454
1944.47	9.01459
1944.74	9.04766
1945.01	9.08417
1945.29	9.12667
1945.57	9.17413
1945.85	9.22736
1946.12	9.28709
1946.4	9.35491
1946.68	9.4318
1946.82	9.47442
1946.96	9.5201
1947.1	9.56914
1947.24	9.6215
1947.46	9.71147
1947.68	9.81256
1947.78	9.86808
1947.89	9.92734
1948	9.9907
1948.11	10.0586
1948.22	10.1321
1948.33	10.2106
1948.43	10.2953
1948.54	10.3868
1948.65	10.4862
1948.76	10.5944
1948.87	10.7126
1948.97	10.8423
1949.04	10.9333
1949.11	11.0304
1949.18	11.1342
1949.25	11.2455
1949.32	11.365
1949.39	11.4937
1949.46	11.6325
1949.53	11.7805
1949.6	11.9431
1949.67	12.1199
1949.74	12.3126
1949.81	12.5229
1949.88	12.7532
1949.95	13.0058
1950.02	13.2833
1950.09	13.5843
1950.15	13.8907
1950.22	14.2261
1950.28	14.5936
1950.35	14.99
1950.41	15.4316
1950.47	15.9084
1950.54	16.4398
1950.6	17.0135
1950.66	17.6527
1950.73	18.3538
1950.79	19.1222
1950.86	19.9499
1950.92	20.8689
1950.98	21.8565
1951.05	22.9501
1951.11	24.1215
1951.18	25.5408
1951.25	27.0916
1951.32	28.7817
1951.39	30.6182
1951.46	32.6078
1951.53	34.756
1951.6	37.0676
1951.67	39.5458
1951.74	42.1926
1951.81	45.0081
1951.88	47.9904
1951.95	51.1356
1952.02	54.4374
1952.09	57.8871
1952.16	61.4734
1952.23	65.1286
1952.32	70.3817
1952.42	75.7262
1952.61	86.6667
1952.75	94.5811
1952.89	102.125
1953.03	109.032
1953.1	112.165
1953.17	115.002
1953.24	117.493
1953.3	119.668
1953.37	121.572
1953.43	123.129
1953.5	124.373
1953.57	125.252
1953.63	125.781
1953.7	125.952
1953.77	125.76
1953.83	125.212
1953.9	124.297
1953.97	123.05
1954.03	121.631
1954.09	119.98
1954.14	118.09
1954.2	115.974
1954.32	111.175
1954.44	105.689
1954.55	99.6649
1954.67	93.3146
1955.11	68.0717
1955.23	61.7932
1955.35	55.9009
1955.41	53.0513
1955.46	50.355
1955.52	47.7674
1955.58	45.2918
1955.66	42.2603
1955.73	39.4587
1955.8	36.8453
1955.88	34.4179
1955.95	32.1723
1956.03	30.1029
1956.1	28.2027
1956.14	27.3136
1956.17	26.4638
1956.23	25.1871
1956.29	24.0222
1956.35	22.924
1956.41	21.9251
1956.47	20.9863
1956.53	20.1348
1956.58	19.3494
1956.64	18.6257
1956.7	17.9485
1956.76	17.3364
1956.82	16.7736
1956.87	16.2563
1956.93	15.773
1956.99	15.3367
1957.05	14.9357
1957.11	14.5671
1957.17	14.2224
1957.22	13.9108
1957.28	13.6191
1957.34	13.3549
1957.4	13.107
1957.46	12.8821
1957.52	12.674
1957.57	12.4813
1957.63	12.2995
1957.69	12.1336
1957.75	11.9792
1957.81	11.8353
1957.87	11.6987
1957.92	11.5732
1957.98	11.4557
1958.04	11.3453
1958.14	11.1687
1958.24	11.0094
1958.34	10.865
1958.44	10.7348
1958.54	10.6145
1958.64	10.5051
1958.75	10.4034
1958.84	10.3103
1958.95	10.2231
1959.05	10.1421
1959.15	10.0666
1959.25	9.99678
1959.35	9.93078
1959.45	9.86949
1959.65	9.75714
1959.77	9.69764
1959.88	9.64199
1960	9.58984
1960.12	9.5413
1960.35	9.45225
1960.58	9.37305
1960.82	9.30222
1961.05	9.23859
1961.28	9.18116
1961.52	9.12913
1961.75	9.08162
1961.98	9.03845
1962.21	8.99892
1962.45	8.96262
1962.68	8.92905
1962.91	8.89819
1963.15	8.86963
1963.38	8.84312
1963.62	8.81837
1963.85	8.7954
1964.31	8.75391
1964.78	8.71747
1965.25	8.68526
1965.59	8.6641
1965.92	8.64461
1966.43	8.61809
1966.94	8.59445
1967.45	8.57316
1967.96	8.55393
1968.47	8.53646
1968.98	8.52055
1969.48	8.50596
1969.99	8.49254
1970.5	8.48017
1971.01	8.46875
1971.77	8.4531
1972.54	8.43903
1973.3	8.42629
1974.06	8.41472
1974.83	8.40416
1975.59	8.39449
1976.35	8.38563
1977.11	8.3775
1978.47	8.36459
1979.83	8.35345
1981.18	8.34395
1982.54	8.33604
1983.64	8.33081
1984.74	8.3267
1985.85	8.32386
1986.95	8.32256
1987.5	8.3226
1988.05	8.32319
1988.6	8.32441
1989.15	8.32639
1989.7	8.32929
1990.25	8.33335
1990.81	8.33892
1991.36	8.34654
1991.74	8.35349
1992.12	8.36232
1992.5	8.3739
1992.69	8.38115
1992.88	8.38974
1993.07	8.40024
1993.27	8.4134
1993.46	8.43041
1993.65	8.45303
1993.74	8.46746
1993.84	8.48433
1993.93	8.50459
1994.03	8.52853
1994.12	8.5575
1994.22	8.5919
1994.31	8.63317
1994.41	8.68268
1994.5	8.73926
1994.59	8.80557
1994.68	8.88386
1994.77	8.97597
1994.86	9.08388
1994.95	9.20972
1994.99	9.28006
1995.04	9.35571
1995.09	9.43697
1995.13	9.52413
1995.18	9.61746
1995.22	9.71725
1995.26	9.82377
1995.31	9.93729
1995.35	10.0581
1995.4	10.1863
1995.45	10.3223
1995.49	10.4662
1995.54	10.6182
1995.58	10.7784
1995.62	10.947
1995.67	11.124
1995.71	11.3096
1995.76	11.5036
1995.8	11.7061
1995.85	11.9171
1995.93	12.3378
1996.02	12.7867
1996.11	13.2615
1996.19	13.7534
1996.27	14.2705
1996.36	14.8029
1996.53	15.8857
1996.72	17.097
1996.81	17.6773
1996.91	18.219
1997.03	18.8265
1997.09	19.0981
1997.14	19.3472
1997.21	19.5937
1997.27	19.8051
1997.33	19.9732
1997.39	20.1089
1997.44	20.2079
1997.5	20.2798
1997.55	20.3236
1997.6	20.3405
1997.61	20.3407
1997.64	20.3364
1997.67	20.3245
1997.72	20.2772
1997.82	20.1267
1997.92	19.8884
1997.99	19.6648
1998.06	19.4052
1998.16	18.9874
1998.25	18.5102
1998.35	18.0063
1998.44	17.4666
1998.62	16.3244
1998.82	15.0949
1998.91	14.4914
1999.01	13.906
1999.07	13.5444
1999.14	13.1945
1999.2	12.8574
1999.26	12.5392
1999.32	12.2304
1999.38	11.9369
1999.44	11.6591
1999.51	11.4013
1999.57	11.1552
1999.63	10.925
1999.69	10.7106
1999.75	10.5147
1999.81	10.3304
1999.88	10.1607
1999.94	10.0048
2000	9.86437
2000.06	9.74012
2000.12	9.62848
2000.18	9.52498
2000.23	9.4325
2000.29	9.34724
2000.35	9.27148
2000.41	9.20313
2000.47	9.14161
2000.53	9.08549
2000.58	9.03614
2000.64	8.99134
2000.7	8.95214
2000.82	8.88591
2000.93	8.83462
2001.05	8.79465
2001.17	8.76417
2001.29	8.74129
2001.4	8.72459
2001.52	8.71254
2001.63	8.7044
2001.75	8.69927
2001.87	8.69665
2002.05	8.69654
2002.24	8.70041
2002.43	8.70746
2002.61	8.71712
2002.8	8.7292
2002.99	8.74343
2003.36	8.77836
2003.73	8.82218
2003.92	8.84764
2004.11	8.87549
2004.29	8.90623
2004.48	8.93977
2004.67	8.97674
2004.85	9.01705
2005.11	9.07929
2005.37	9.15021
2005.62	9.23129
2005.88	9.32405
2006.14	9.43161
2006.27	9.49151
2006.39	9.55624
2006.52	9.6269
2006.65	9.70305
2006.78	9.78596
2006.91	9.8765
2007.06	9.99541
2007.21	10.1287
2007.36	10.2792
2007.51	10.4491
2007.66	10.645
2007.74	10.7541
2007.82	10.8702
2007.89	10.9973
2007.97	11.135
2008.04	11.2847
2008.12	11.4457
2008.18	11.5971
2008.25	11.7582
2008.31	11.9325
2008.38	12.1214
2008.44	12.3266
2008.5	12.5497
2008.57	12.7929
2008.63	13.0582
2008.7	13.3527
2008.76	13.6701
2008.83	14.0176
2008.89	14.3983
2008.95	14.8156
2009.02	15.2732
2009.08	15.7751
2009.14	16.3255
2009.2	16.8213
2009.25	17.3456
2009.3	17.9216
2009.36	18.5302
2009.41	19.1979
2009.46	19.9025
2009.51	20.6742
2009.57	21.4872
2009.62	22.3758
2009.67	23.3098
2009.72	24.3283
2009.78	25.3961
2009.83	26.5572
2009.88	27.771
2009.93	29.0869
2009.99	30.4578
2010.05	32.2865
2010.11	34.2153
2010.18	36.2747
2010.24	38.4667
2010.31	40.7927
2010.37	43.2528
2010.43	45.846
2010.5	48.5696
2010.56	51.4655
2010.63	54.4387
2010.69	57.5259
2010.75	60.7181
2010.88	67.3736
2011.01	74.2997
2011.19	83.963
2011.36	93.4747
2011.49	100.069
2011.62	106.145
2011.68	108.97
2011.75	111.551
2011.81	113.911
2011.87	116.03
2011.95	118.156
2012.02	119.89
2012.09	121.242
2012.17	122.198
2012.23	122.716
2012.3	122.885
2012.37	122.708
2012.43	122.183
2012.5	121.315
2012.57	120.111
2012.63	118.684
2012.69	117.013
2012.76	115.09
2012.82	112.933
2012.94	107.938
2013.07	102.264
2013.19	95.9891
2013.32	89.3333
2013.7	68.2389
2013.83	61.7017
2013.95	55.5575
2014.01	52.5908
2014.08	49.7831
2014.14	47.0921
2014.2	44.5218
2014.26	42.0367
2014.32	39.7173
2014.39	37.4892
2014.45	35.4226
2014.51	33.4491
2014.57	31.629
2014.64	29.9005
2014.7	28.3147
2014.76	26.8849
2014.82	25.5754
2014.88	24.3376
2014.94	23.2083
2015	22.1445
2015.06	21.177
2015.12	20.2684
2015.18	19.4443
2015.24	18.6722
2015.29	17.9734
2015.35	17.3199
2015.41	16.7293
2015.47	16.1776
2015.53	15.6794
2015.59	15.2217
2015.65	14.8012
2015.71	14.3897
2015.78	14.0194
2015.84	13.675
2015.9	13.3645
2015.96	13.0754
2016.02	12.8143
2016.09	12.5742
2016.15	12.3532
2016.21	12.1462
2016.27	11.9582
2016.34	11.7817
2016.4	11.6207
2016.46	11.469
2016.52	11.3302
2016.65	11.0801
2016.74	10.9168
2016.83	10.7681
2016.92	10.6323
2017.01	10.5091
2017.1	10.3944
2017.19	10.2896
2017.28	10.1915
2017.37	10.1013
2017.55	9.93697
2017.74	9.79389
2017.92	9.66753
2018.1	9.55516
2018.22	9.48457
2018.35	9.41903
2018.6	9.30159
2018.85	9.19859
2019.1	9.10832
2019.35	9.02806
2019.59	8.95686
2019.84	8.8931
2020.09	8.83574
2020.31	8.79049
2020.52	8.7491
2020.74	8.71096
2020.95	8.67571
2021.39	8.6126
2021.82	8.55809
2022.25	8.51038
2022.68	8.46851
2023.11	8.43136
2023.54	8.39833
2024.17	8.35568
2024.81	8.31901
2025.44	8.28716
2026.08	8.25928
2026.71	8.23458
2027.34	8.21257
2027.98	8.19276
2028.61	8.17486
2029.25	8.15854
2029.88	8.14361
2030.52	8.12986
2031.15	8.11717
2032.42	8.09436
2033.69	8.07433
2034.78	8.05892
2035.87	8.04485
2036.86	8.03289
2037.86	8.02169
2038.86	8.01112
2039.86	8.00112
2041.85	7.98253
2043.84	7.96544
2045.84	7.94949
2047.83	7.93446
2049.83	7.92014
2051.82	7.90642
2054.09	7.89142
2056.36	7.87688
2058.62	7.86274
2060.89	7.84894
2065.42	7.82209
2069.95	7.79603
2074.49	7.77051
2079.02	7.74544
2083.55	7.72059
2088.09	7.69597
2096.06	7.65295
2104.04	7.61013
2112.02	7.56732
2120	7.52436
2127.98	7.48116
2135.95	7.43758
2143.93	7.39353
2151.91	7.34894
2160.61	7.2995
2169.32	7.24918
2186.72	7.14523
2202.68	7.04523
2218.64	6.93968
2234.59	6.8274
2250.55	6.70685
2265.06	6.58843
2272.31	6.52564
2279.56	6.4601
2286.81	6.39141
2294.07	6.31935
2301.32	6.24367
2308.57	6.16399
2316.19	6.07519
2323.8	5.98076
2327.61	5.93122
2331.42	5.88001
2335.23	5.82705
2339.03	5.77233
2343.02	5.71287
2347.01	5.65123
2351	5.58739
2353	5.55466
2354.99	5.52145
2356.8	5.49083
2358.62	5.4599
2360.43	5.42875
2362.24	5.3975
2364.06	5.36634
2365.87	5.33565
2366.78	5.32061
2367.68	5.30593
2368.59	5.29169
2369.5	5.27811
2370.22	5.26787
2370.95	5.25837
2371.67	5.24981
2372.4	5.24248
2373.12	5.23677
2373.85	5.23321
2374.57	5.23258
2374.94	5.2337
2375.3	5.23601
2375.75	5.24099
2376.21	5.24882
2376.66	5.26041
2377.11	5.27685
2377.34	5.28743
2377.57	5.29994
2377.79	5.31473
2378.02	5.33217
2378.25	5.35302
2378.47	5.37787
2378.7	5.40806
2378.93	5.44492
2379.05	5.46905
2379.17	5.49652
2379.3	5.52802
2379.42	5.56415
2379.55	5.60663
2379.67	5.65623
2379.8	5.71563
2379.92	5.78624
2380.05	5.87221
2380.17	5.97685
2380.24	6.03812
2380.3	6.10489
2380.36	6.17883
2380.42	6.26077
2380.48	6.35315
2380.55	6.45405
2380.61	6.56594
2380.67	6.68999
2380.73	6.82981
2380.79	6.98233
2380.86	7.15115
2380.92	7.33782
2380.98	7.54751
2381.04	7.77534
2381.11	8.03056
2381.17	8.30703
2381.23	8.61575
2381.29	8.94898
2381.36	9.31352
2381.42	9.71148
2381.48	10.1523
2381.54	10.6242
2381.61	11.1444
2381.67	11.6985
2381.73	12.3064
2381.79	12.9506
2381.86	13.6418
2381.92	14.3816
2381.96	14.9238
2382	15.4768
2382.05	16.067
2382.09	16.6673
2382.17	17.954
2382.26	19.3365
2382.34	20.8125
2382.43	22.3784
2382.51	24.0286
2382.6	25.7554
2382.72	28.4137
2382.85	31.1563
2383.09	36.7877
2383.22	39.5618
2383.34	42.2142
2383.47	44.6774
2383.59	46.8681
2383.67	48.1187
2383.75	49.2108
2383.82	49.971
2383.88	50.617
2383.94	51.1567
2384	51.5799
2384.08	51.9749
2384.16	52.1645
2384.2	52.1841
2384.28	52.0965
2384.35	51.8366
2384.41	51.4873
2384.47	51.0295
2384.53	50.4922
2384.59	49.8594
2384.67	48.9242
2384.74	47.8673
2384.86	45.9342
2384.98	43.741
2385.1	41.3423
2385.21	38.8167
2385.64	29.1918
2385.78	26.1787
2385.85	24.7341
2385.92	23.3584
2385.99	22.0163
2386.06	20.75
2386.13	19.5258
2386.2	18.3807
2386.26	17.4512
2386.32	16.5679
2386.38	15.7308
2386.43	14.9398
2386.49	14.1943
2386.55	13.4935
2386.61	12.8364
2386.67	12.232
2386.73	11.6578
2386.79	11.1234
2386.85	10.6269
2386.9	10.1743
2386.96	9.74818
2387.02	9.35478
2387.08	8.99231
2387.14	8.66435
2387.19	8.38276
2387.25	8.12268
2387.3	7.88275
2387.35	7.66561
2387.41	7.4618
2387.46	7.27771
2387.52	7.10522
2387.57	6.94966
2387.62	6.80411
2387.68	6.67297
2387.73	6.55037
2387.78	6.43999
2387.84	6.33682
2387.89	6.24393
2388	6.07886
2388.1	5.93967
2388.21	5.82195
2388.32	5.722
2388.42	5.63671
2388.53	5.56349
2388.64	5.50019
2388.74	5.44506
2388.85	5.39667
2389.04	5.32283
2389.24	5.2621
2389.43	5.21097
2389.62	5.16724
2389.82	5.1288
2390.01	5.09489
2390.2	5.06431
2390.39	5.03676
2390.78	4.98824
2391.16	4.94689
2391.55	4.9108
2391.93	4.87878
2392.32	4.84988
2392.71	4.8236
2393.09	4.79937
2393.47	4.77681
2393.86	4.75558
2394.25	4.73554
2395.02	4.69816
2395.79	4.66347
2396.56	4.6308
2397.33	4.59955
2398.1	4.56942
2398.78	4.54328
2399.47	4.51761
2400.84	4.46723
2402.21	4.41756
2403.58	4.36817
2404.95	4.31875
2406.32	4.26909
2407.69	4.21902
2409.06	4.16847
2410.94	4.09791
2412.82	4.02608
2414.71	3.95289
2416.59	3.87838
2418.48	3.8025
2420.36	3.72545
2422.24	3.64732
2424.13	3.56847
2426.01	3.48923
2427.89	3.41021
2429.78	3.33209
2431.66	3.25598
2433.54	3.18317
2435.43	3.11562
2437.31	3.05575
2438.25	3.02968
2439.19	3.00687
2440.22	2.98645
2441.25	2.97178
2442.28	2.96399
2443.3	2.96444
2444.25	2.97353
2445.19	2.99251
2446.13	3.02324
2447.07	3.0679
2448.01	3.12928
2448.95	3.21059
2449.43	3.25992
2449.9	3.31579
2450.37	3.37883
2450.84	3.44957
2451.48	3.56044
2452.12	3.68939
2452.76	3.83915
2453.41	4.01272
2454.05	4.21409
2454.37	4.32623
2454.69	4.4469
2455.01	4.57672
2455.33	4.7164
2455.66	4.86668
2455.98	5.02839
2456.45	5.28821
2456.92	5.57771
2457.39	5.90048
2457.86	6.26066
2458.33	6.66299
2458.8	7.11293
2459.27	7.6168
2459.51	7.89061
2459.74	8.18066
2459.98	8.48941
2460.21	8.81541
2460.45	9.16276
2460.69	9.52988
2460.92	9.92143
2461.16	10.3357
2461.39	10.7781
2461.63	11.2466
2461.86	11.7476
2462.1	12.2789
2462.33	12.8476
2462.57	13.4516
2462.81	14.0991
2463.04	14.7878
2463.28	15.5239
2463.51	16.3113
2463.81	17.3981
2464.11	18.5856
2464.41	19.8854
2464.71	21.3052
2465.01	22.8693
2465.31	24.5839
2465.61	26.4796
2465.91	28.5654
2466.14	30.3664
2466.38	32.31
2466.61	34.4283
2466.85	36.7201
2467.09	39.2242
2467.32	41.9406
2467.56	44.9031
2467.79	48.1382
2468.03	51.6911
2468.26	55.5648
2468.5	59.8292
2468.73	64.4888
2468.97	69.6285
2469.2	75.254
2469.44	81.4673
2469.67	88.2733
2469.91	95.7917
2470.14	104.023
2470.38	113.103
2470.62	123.019
2470.85	133.917
2471.09	145.758
2471.32	158.627
2471.56	172.547
2471.7	181.533
2471.84	190.837
2472.13	210.536
2472.41	231.56
2472.69	253.662
2473.26	299.65
2473.55	322.412
2473.83	344.2
2474	356.626
2474.17	368.212
2474.35	378.882
2474.52	388.489
2474.69	396.904
2474.86	404.01
2475.03	409.711
2475.2	413.936
2475.4	416.903
2475.59	417.841
2475.75	417.124
2475.91	415.116
2476.07	411.866
2476.23	407.444
2476.39	401.929
2476.55	395.416
2476.7	388.007
2476.86	379.812
2477.18	361.513
2477.5	341.418
2478.13	299.158
2478.46	277.989
2478.78	257.653
2478.94	247.9
2479.1	238.462
2479.26	229.359
2479.42	220.655
2479.58	212.249
2479.74	204.201
2479.91	196.507
2480.07	189.208
2480.23	182.206
2480.39	175.537
2480.55	169.191
2480.71	163.193
2480.87	157.35
2481.03	151.835
2481.2	146.567
2481.36	141.595
2481.53	136.846
2481.69	132.363
2481.85	128.079
2482.02	124.033
2482.18	120.163
2482.34	116.506
2482.51	113.005
2482.67	109.694
2482.83	106.52
2483	103.515
2483.32	97.9164
2483.65	92.7999
2483.98	88.1287
2484.3	83.8539
2484.63	79.9446
2484.96	76.3394
2485.28	73.018
2485.61	69.9516
2485.94	67.1233
2486.18	65.1896
2486.41	63.3579
2486.65	61.6211
2486.89	59.9794
2487.13	58.4128
2487.36	56.9231
2487.84	54.1597
2488.32	51.6416
2488.79	49.3489
2489.27	47.2461
2489.74	45.3203
2490.07	44.0847
2490.39	42.9163
2490.72	41.8103
2491.05	40.762
2491.38	39.7674
2491.7	38.8227
2492.36	37.0723
2493.01	35.4814
2493.66	34.0324
2494.32	32.7081
2494.97	31.4958
2495.62	30.3793
2496.28	29.3497
2496.93	28.3977
2497.59	27.5167
2498.24	26.697
2498.89	25.934
2499.55	25.2224
2500.2	24.5583
2500.86	23.9352
2501.51	23.3501
2502.16	22.7998
2502.82	22.282
2504.12	21.3316
2505.43	20.4814
2506.74	19.7162
2508.05	19.0252
2509.35	18.398
2510.66	17.8262
2511.97	17.3026
2513.27	16.8221
2514.58	16.379
2515.89	15.9697
2517.2	15.59
2518.5	15.2372
2519.81	14.9084
2521.12	14.6013
2523.38	14.1158
2525.64	13.6803
2527.89	13.2856
2530.15	12.9268
2532.41	12.5991
2534.67	12.2984
2536.93	12.0213
2539.18	11.7649
2541.8	11.4906
2544.41	11.2376
2547.03	11.0032
2549.64	10.7852
2552.26	10.5814
2554.87	10.3904
2560.1	10.041
2563.67	9.8237
2567.23	9.62159
2570.8	9.43076
2574.36	9.25054
2577.93	9.07943
2581.49	8.91628
2585.06	8.75993
2588.63	8.60948
2593.86	8.3977
2599.09	8.19441
2604.32	7.99762
2609.54	7.80576
2614.77	7.6172
2620	7.43079
2625.23	7.24535
2630.46	7.06005
2633.31	6.95875
2636.17	6.85725
2639.02	6.75542
2641.87	6.65337
2644.72	6.55107
2647.58	6.44874
2650.43	6.3465
2653.28	6.2448
2655.9	6.1524
2658.51	6.06137
2661.13	5.97244
2663.74	5.88663
2666.36	5.80519
2668.97	5.72992
2671.59	5.66322
2672.89	5.63405
2674.2	5.60828
2676.58	5.57176
2677.77	5.5598
2678.95	5.55304
2680.26	5.55245
2681.57	5.5602
2682.88	5.57775
2684.18	5.60681
2685.49	5.64949
2686.8	5.7082
2688.11	5.78594
2689.41	5.8863
2690.72	6.01377
2692.03	6.1735
2693.34	6.37229
2694.64	6.61797
2695.3	6.76163
2695.95	6.92105
2696.61	7.09789
2697.26	7.29369
2697.91	7.5111
2698.57	7.75173
2699.22	8.01892
2699.87	8.31497
2700.53	8.64448
2701.18	9.01126
2701.83	9.41996
2702.49	9.87509
2703.14	10.384
2703.8	10.953
2704.45	11.5902
2705.1	12.304
2705.76	13.1075
2706.08	13.5465
2706.41	14.0127
2706.74	14.5082
2707.06	15.0351
2707.39	15.5957
2707.72	16.1907
2708.04	16.8267
2708.37	17.5048
2708.7	18.2285
2709.02	18.999
2709.35	19.825
2709.68	20.7086
2710.01	21.6546
2710.33	22.6653
2710.75	24.0622
2711.16	25.5921
2711.58	27.2708
2711.99	29.1163
2712.41	31.1493
2712.83	33.3934
2713.24	35.8759
2713.66	38.6281
2713.99	41.004
2714.31	43.5888
2714.64	46.4049
2714.97	49.4776
2715.29	52.8356
2715.62	56.5112
2715.95	60.5408
2716.27	64.9517
2716.6	69.8173
2716.93	75.1774
2717.26	81.0915
2717.58	87.6054
2717.75	91.1387
2717.91	94.8338
2718.07	98.7469
2718.23	102.842
2718.4	107.18
2718.56	111.721
2718.72	116.504
2718.89	121.543
2719.05	126.884
2719.22	132.477
2719.38	138.405
2719.54	144.611
2719.71	151.187
2719.87	158.068
2720.03	165.354
2720.2	172.97
2720.36	181.023
2720.52	189.43
2720.69	198.305
2720.85	207.55
2721.01	217.287
2721.18	227.403
2721.5	248.949
2721.69	261.948
2721.87	275.488
2722.24	304.081
2722.61	334.398
2722.98	365.917
2723.35	397.911
2723.72	429.449
2724.09	459.439
2724.28	473.484
2724.46	486.694
2724.77	506.553
2725.08	522.961
2725.24	529.743
2725.39	535.447
2725.55	540.101
2725.7	543.612
2725.95	546.88
2726.15	547.351
2726.35	545.889
2726.55	542.558
2726.75	537.445
2726.95	530.661
2727.16	522.344
2727.36	512.648
2727.56	501.741
2727.96	476.994
2728.36	449.507
2729.16	391.381
2729.46	370.14
2729.76	349.499
2730.06	329.663
2730.35	310.833
2730.65	292.969
2730.94	276.234
2731.24	260.523
2731.54	245.925
2731.82	232.747
2732.11	220.486
2732.4	209.092
2732.69	198.511
2732.97	188.688
2733.26	179.568
2733.55	171.098
2733.83	163.254
2734.04	157.872
2734.25	152.765
2734.46	147.917
2734.67	143.335
2734.88	138.959
2735.09	134.817
2735.29	130.857
2735.5	127.106
2735.92	120.091
2736.34	113.725
2736.75	107.92
2737.17	102.612
2737.46	99.2198
2737.75	96.0223
2738.03	93.0051
2738.32	90.155
2738.61	87.4601
2738.89	84.9095
2739.18	82.4929
2739.47	80.2091
2739.75	78.0336
2740.04	75.9667
2740.61	72.1374
2741.19	68.6571
2741.76	65.4949
2742.33	62.6031
2742.91	59.9559
2743.48	57.526
2744.05	55.2937
2744.63	53.231
2745.2	51.3274
2745.78	49.5609
2746.35	47.9242
2746.82	46.6679
2747.29	45.4857
2747.76	44.3673
2748.23	43.3129
2748.7	42.3139
2749.17	41.371
2749.63	40.4788
2750.1	39.6347
2750.47	39.0097
2750.83	38.4121
2751.2	37.8419
2751.38	37.5667
2751.56	37.3006
2751.75	37.0412
2751.93	36.7923
2752.11	36.5523
2752.29	36.326
2752.48	36.1132
2752.57	36.014
2752.66	35.9199
2752.75	35.8306
2752.84	35.7485
2752.93	35.6735
2753.02	35.6065
2753.13	35.5401
2753.23	35.4873
2753.34	35.4488
2753.44	35.4269
2753.55	35.423
2753.65	35.4389
2753.76	35.4762
2753.86	35.5365
2753.96	35.6224
2754.02	35.6746
2754.07	35.7335
2754.12	35.7991
2754.17	35.8715
2754.22	35.9509
2754.28	36.0373
2754.33	36.1325
2754.38	36.2329
2754.43	36.3403
2754.49	36.4545
2754.59	36.703
2754.69	36.9768
2754.79	37.2561
2754.89	37.5537
2755.08	38.1879
2755.47	39.5149
2755.53	39.6842
2755.62	39.973
2755.71	40.2412
2755.8	40.4878
2755.89	40.7086
2756	40.9373
2756.11	41.1155
2756.19	41.2016
2756.26	41.2623
2756.34	41.3022
2756.45	41.3002
2756.5	41.2783
2756.51	41.2731
2756.54	41.2533
2756.57	41.2301
2756.62	41.1716
2756.73	41.0142
2756.79	40.8961
2756.86	40.7618
2756.96	40.4875
2757.07	40.1699
2757.16	39.8719
2757.23	39.6307
2757.32	39.29
2757.41	38.9372
2757.59	38.1999
2757.72	37.6459
2757.91	36.9304
2758	36.5974
2758.09	36.2859
2758.2	35.9294
2758.31	35.6262
2758.37	35.4949
2758.43	35.3814
2758.48	35.2827
2758.54	35.2034
2758.6	35.1362
2758.66	35.0944
2758.73	35.078
2758.79	35.0884
2758.85	35.1273
2758.91	35.196
2758.97	35.2963
2759.04	35.4297
2759.1	35.601
2759.16	35.8067
2759.22	36.051
2759.29	36.3359
2759.35	36.6635
2759.41	37.0359
2759.47	37.4553
2759.53	37.924
2759.59	38.4267
2759.65	38.9704
2759.71	39.5754
2759.77	40.2238
2759.83	40.9398
2759.89	41.7015
2759.95	42.5368
2760.01	43.4198
2760.07	44.3823
2760.13	45.3939
2760.19	46.4906
2760.25	47.6371
2760.31	48.8734
2760.37	50.1591
2760.42	51.5149
2760.48	52.941
2760.55	54.5152
2760.61	56.1663
2760.67	57.8932
2760.73	59.6942
2760.79	61.5671
2760.86	63.509
2760.98	67.5852
2761.11	71.9227
2761.23	76.405
2761.48	85.7043
2761.66	92.4408
2761.84	98.8675
2761.96	102.98
2762.09	106.694
2762.21	109.958
2762.34	112.696
2762.41	114.083
2762.49	115.221
2762.56	116.117
2762.64	116.763
2762.72	117.172
2762.8	117.278
2762.81	117.268
2762.85	117.194
2762.89	117.061
2762.96	116.607
2763.03	115.911
2763.1	114.976
2763.17	113.934
2763.24	112.73
2763.37	109.805
2763.5	106.219
2763.63	102.139
2763.76	97.6405
2763.89	92.8311
2764.33	76.1712
2764.46	71.1451
2764.59	66.3392
2764.73	61.7404
2764.79	59.5637
2764.86	57.4629
2764.94	55.053
2765.01	52.7895
2765.09	50.644
2765.17	48.618
2765.25	46.7115
2765.33	44.9235
2765.4	43.2523
2765.48	41.6949
2765.55	40.4453
2765.62	39.2914
2765.68	38.2112
2765.75	37.2017
2765.82	36.2461
2765.88	35.3696
2765.95	34.5542
2766.01	33.7965
2766.08	33.0829
2766.15	32.4315
2766.21	31.8278
2766.28	31.2689
2766.34	30.7515
2766.41	30.2728
2766.48	29.83
2766.54	29.4202
2766.61	29.0355
2766.68	28.6849
2766.74	28.3601
2766.81	28.059
2766.87	27.7756
2766.94	27.5164
2767.01	27.2754
2767.07	27.0509
2767.2	26.6432
2767.34	26.2889
2767.47	25.9764
2767.6	25.6985
2767.73	25.4475
2767.87	25.2224
2768	25.0174
2768.13	24.8292
2768.26	24.654
2768.39	24.4923
2768.53	24.3411
2768.66	24.1989
2768.92	23.9363
2769.19	23.6993
2769.45	23.4812
2769.72	23.28
2770.05	23.0423
2770.39	22.8223
2770.73	22.6168
2771.06	22.4242
2771.4	22.2415
2771.74	22.0678
2772.08	21.902
2772.41	21.7436
2772.94	21.5062
2773.47	21.2823
2774	21.0696
2774.53	20.8669
2775.06	20.6725
2775.59	20.4864
2776.12	20.3074
2776.64	20.135
2777.56	19.8506
2778.47	19.5822
2779.39	19.3277
2780.3	19.0856
2781.22	18.8549
2782.13	18.6346
2783.04	18.4239
2783.96	18.222
2785.4	17.9196
2786.85	17.6359
2788.29	17.3688
2789.73	17.1171
2791.18	16.879
2792.62	16.6534
2794.06	16.4394
2795.51	16.2361
2797.62	15.9554
2799.74	15.6939
2801.86	15.4496
2803.97	15.2209
2806.09	15.0061
2808.21	14.8041
2810.32	14.6138
2812.44	14.4342
2815.9	14.1608
2819.37	13.9112
2822.83	13.681
2826.3	13.4683
2829.76	13.2714
2833.22	13.0884
2836.69	12.918
2840.15	12.7589
2844.39	12.5782
2848.62	12.4108
2852.85	12.2554
2857.09	12.1107
2865.56	11.849
2874.02	11.6187
2880.18	11.4676
2886.34	11.3284
2892.5	11.1999
2898.66	11.0807
2910.97	10.8657
2923.29	10.6775
2931.76	10.5611
2940.22	10.4534
2948.69	10.3536
2957.16	10.261
2974.09	10.0935
2991.03	9.94614
3006.42	9.82674
3021.82	9.71874
3033.37	9.64442
3044.91	9.5752
3056.46	9.51061
3068.01	9.4506
3076.47	9.40946
3084.94	9.37091
3089.17	9.35269
3093.41	9.33528
3097.64	9.31878
3101.88	9.30336
3104.95	9.29293
3108.03	9.28329
3112.27	9.27166
3116.5	9.26257
3118.62	9.25926
3120.74	9.25703
3122.85	9.25611
3124.97	9.25683
3127.66	9.26088
3129.01	9.26455
3130.36	9.26963
3131.7	9.27645
3133.05	9.28539
3134.4	9.29696
3135.74	9.3118
3136.61	9.32348
3137.48	9.33719
3138.34	9.3533
3139.21	9.37227
3140.07	9.39468
3140.94	9.42128
3141.81	9.45307
3142.67	9.49134
3143.2	9.51867
3143.73	9.54949
3144.26	9.58444
3144.79	9.62424
3145.32	9.6699
3145.85	9.72234
3146.38	9.78306
3146.91	9.85385
3147.24	9.90525
3147.58	9.96241
3147.92	10.0262
3148.25	10.0976
3148.59	10.1783
3148.93	10.2696
3149.26	10.3737
3149.6	10.4927
3149.87	10.5994
3150.13	10.7196
3150.4	10.8557
3150.66	11.0104
3150.93	11.189
3151.19	11.3956
3151.45	11.6391
3151.59	11.7771
3151.72	11.9283
3151.9	12.1609
3152.08	12.427
3152.26	12.738
3152.44	13.1014
3152.53	13.3099
3152.62	13.5353
3152.71	13.7822
3152.8	14.0533
3152.89	14.3552
3152.98	14.6849
3153.07	15.0494
3153.16	15.4531
3153.23	15.7821
3153.3	16.1323
3153.36	16.5108
3153.43	16.92
3153.49	17.3626
3153.56	17.8415
3153.62	18.3597
3153.69	18.9205
3153.76	19.5273
3153.82	20.1836
3153.89	20.8934
3153.95	21.6606
3154.02	22.4894
3154.09	23.384
3154.15	24.349
3154.22	25.3888
3154.28	26.473
3154.35	27.6175
3154.41	28.8428
3154.47	30.1529
3154.54	31.575
3154.6	33.0686
3154.66	34.6592
3154.73	36.3504
3154.79	38.1753
3154.85	40.0799
3154.91	42.0951
3154.98	44.2234
3155.04	46.467
3155.1	48.8277
3155.17	51.3065
3155.23	53.9041
3155.3	56.797
3155.36	59.7771
3155.43	62.8849
3155.49	66.1176
3155.63	72.9418
3155.76	80.2062
3155.89	87.909
3156.02	95.8536
3156.29	112.291
3156.48	124.201
3156.67	135.503
3156.81	142.714
3156.94	149.293
3157.07	155.095
3157.2	159.987
3157.28	162.488
3157.36	164.579
3157.45	166.241
3157.53	167.447
3157.61	168.26
3157.7	168.526
3157.78	168.32
3157.85	167.715
3157.93	166.703
3158	165.316
3158.08	163.582
3158.15	161.498
3158.22	159.08
3158.3	156.385
3158.45	149.876
3158.6	142.32
3158.75	133.939
3158.91	124.966
3159.37	95.9683
3159.53	86.8456
3159.68	78.1339
3159.75	73.9696
3159.83	69.949
3159.91	66.0815
3159.98	62.3744
3160.06	58.788
3160.14	55.4193
3160.21	52.2226
3160.29	49.1986
3160.36	46.3465
3160.44	43.6643
3160.51	41.1488
3160.59	38.7959
3160.66	36.6844
3160.74	34.7395
3160.81	32.9017
3160.88	31.2158
3160.95	29.6289
3161.03	28.1785
3161.1	26.8179
3161.17	25.5781
3161.24	24.4185
3161.32	23.3647
3161.39	22.3814
3161.46	21.4896
3161.53	20.6589
3161.61	19.9066
3161.68	19.2067
3161.75	18.5735
3161.83	17.9615
3161.9	17.4025
3161.98	16.8919
3162.05	16.4253
3162.13	15.9986
3162.21	15.6082
3162.28	15.2506
3162.36	14.9228
3162.43	14.6218
3162.51	14.3452
3162.66	13.8557
3162.81	13.438
3162.97	13.079
3163.08	12.8477
3163.19	12.6404
3163.3	12.4504
3163.41	12.2787
3163.63	11.9757
3163.85	11.7182
3164.07	11.4966
3164.29	11.3038
3164.51	11.1345
3164.74	10.9846
3165.04	10.8046
3165.34	10.6494
3165.65	10.5143
3165.95	10.3958
3166.26	10.2911
3166.56	10.1982
3166.86	10.1152
3167.17	10.0407
3167.64	9.93962
3168.11	9.85276
3168.58	9.77746
3169.05	9.7118
3169.52	9.65392
3169.99	9.60268
3170.46	9.55707
3170.92	9.51634
3171.53	9.46956
3172.14	9.42851
3172.75	9.39224
3173.36	9.36
3173.97	9.33118
3174.57	9.30528
3175.79	9.26072
3176.89	9.22677
3178	9.19771
3179.11	9.17251
3180.21	9.15046
3181.32	9.13095
3182.42	9.11358
3184.63	9.08381
3186.4	9.06367
3188.17	9.04606
3190.82	9.02313
3193.47	9.00333
3196.13	8.98587
3198.78	8.9702
3201.88	8.95362
3204.97	8.93846
3208.07	8.92441
3211.16	8.91125
3216.02	8.89192
3220.89	8.87385
3225.75	8.85676
3230.61	8.84046
3240.34	8.80965
3250.07	8.78064
3262.45	8.74566
3274.83	8.71238
3287.21	8.6805
3299.59	8.64975
3319.04	8.60345
3338.49	8.55921
3357.95	8.51673
3377.4	8.47577
3402.16	8.4255
3426.92	8.37696
3451.68	8.32982
3476.44	8.28378
3501.2	8.2386
3513.58	8.21625
3525.96	8.19407
3536.57	8.17525
3547.18	8.15661
3552.49	8.14745
3557.8	8.13844
3563.1	8.12962
3568.41	8.12108
3571.83	8.11582
3575.26	8.11085
3578.69	8.1063
3582.11	8.10234
3585.54	8.09929
3587.25	8.09824
3588.97	8.0977
3590.68	8.09783
3592.39	8.09886
3594.11	8.10113
3595.82	8.10524
3596.81	8.10886
3597.81	8.11377
3598.8	8.12041
3599.8	8.1294
3600.79	8.1418
3601.79	8.1593
3602.29	8.17084
3602.78	8.18494
3603.28	8.20246
3603.78	8.22467
3604.22	8.25007
3604.66	8.28329
3605.1	8.32904
3605.32	8.35923
3605.55	8.39659
3605.77	8.44381
3605.99	8.50462
3606.21	8.58424
3606.43	8.68978
3606.54	8.75544
3606.65	8.83071
3606.76	8.91859
3606.87	9.01932
3606.98	9.13676
3607.09	9.27102
3607.2	9.42699
3607.31	9.60447
3607.41	9.7821
3607.51	9.98159
3607.61	10.205
3607.7	10.4516
3607.8	10.7288
3607.89	11.036
3607.99	11.3752
3608.09	11.7443
3608.18	12.1527
3608.28	12.598
3608.38	13.0815
3608.47	13.5984
3608.57	14.1597
3608.67	14.7603
3608.77	15.3996
3608.86	16.0691
3608.97	16.8338
3609.07	17.6364
3609.17	18.4728
3609.28	19.3298
3609.48	21.1142
3609.69	22.9334
3609.93	24.9545
3610.04	25.9187
3610.16	26.8221
3610.31	27.8945
3610.47	28.8252
3610.56	29.2986
3610.64	29.7038
3610.72	29.9972
3610.8	30.2397
3610.89	30.4744
3610.99	30.6183
3611.1	30.6698
3611.19	30.6224
3611.29	30.4897
3611.37	30.2977
3611.46	30.0425
3611.54	29.7247
3611.62	29.3472
3611.73	28.7909
3611.84	28.153
3611.92	27.5954
3612.01	26.9969
3612.17	25.7054
3612.32	24.5009
3612.46	23.2561
3612.75	20.7225
3612.88	19.5987
3613.01	18.5159
3613.14	17.4769
3613.27	16.4911
3613.39	15.5656
3613.46	15.1239
3613.52	14.7056
3613.59	14.2981
3613.65	13.9141
3613.72	13.5417
3613.78	13.1924
3613.9	12.5736
3614.03	12.0154
3614.15	11.5156
3614.27	11.0744
3614.39	10.6811
3614.51	10.3383
3614.63	10.0363
3614.75	9.77592
3614.88	9.54884
3615	9.35485
3615.12	9.18702
3615.24	9.04465
3615.36	8.92217
3615.48	8.81873
3615.61	8.72999
3615.73	8.65514
3615.94	8.5493
3616.15	8.46907
3616.37	8.40766
3616.58	8.36018
3616.79	8.32248
3617	8.29215
3617.43	8.24658
3617.86	8.21371
3618.28	8.18886
3618.7	8.16931
3619.13	8.15356
3619.62	8.13897
3620.1	8.1272
3621.08	8.10966
3622.05	8.09767
3623.02	8.08955
3623.99	8.08436
3624.97	8.08156
3626	8.08094
3627.03	8.08269
3628.07	8.08698
3629.1	8.09422
3630.13	8.10515
3631.17	8.12099
3631.68	8.13137
3632.2	8.14381
3632.72	8.15886
3633.23	8.17709
3633.72	8.19801
3634.21	8.22349
3634.69	8.25499
3635.18	8.29462
3635.66	8.34583
3635.91	8.37735
3636.15	8.41424
3636.39	8.45811
3636.64	8.51131
3636.88	8.57731
3637.12	8.66127
3637.25	8.71608
3637.38	8.77919
3637.51	8.85285
3637.64	8.93931
3637.77	9.04216
3637.9	9.1631
3638.03	9.30672
3638.16	9.47762
3638.29	9.68282
3638.41	9.92537
3638.54	10.2137
3638.67	10.5558
3638.8	10.9603
3638.87	11.1908
3638.93	11.4369
3639	11.7076
3639.06	11.9959
3639.12	12.3122
3639.19	12.6482
3639.26	13.0807
3639.34	13.5517
3639.42	14.0637
3639.49	14.6189
3639.57	15.2193
3639.64	15.8673
3639.72	16.5645
3639.8	17.313
3639.87	18.1141
3639.95	18.9691
3640.02	19.8791
3640.1	20.8447
3640.18	21.8662
3640.25	22.9433
3640.33	24.0755
3640.4	25.2457
3640.49	26.6167
3640.57	28.0311
3640.66	29.5192
3640.74	31.0409
3640.9	34.234
3641.07	37.5553
3641.29	41.8675
3641.5	46.0878
3641.66	49.2582
3641.83	52.1536
3641.95	53.9353
3642.06	55.5266
3642.14	56.5506
3642.23	57.451
3642.31	58.2282
3642.39	58.8636
3642.49	59.4085
3642.59	59.7511
3642.7	59.8986
3642.79	59.8141
3642.87	59.5614
3642.95	59.1996
3643.03	58.7181
3643.1	58.1341
3643.17	57.4508
3643.25	56.6543
3643.32	55.7589
3643.46	53.8169
3643.6	51.591
3643.75	49.0052
3643.9	46.2279
3644.43	35.5053
3644.62	31.8596
3644.71	30.113
3644.81	28.4468
3644.9	26.8319
3644.99	25.2925
3645.09	23.8328
3645.18	22.4701
3645.26	21.445
3645.33	20.4726
3645.4	19.553
3645.48	18.6973
3645.55	17.8812
3645.62	17.1258
3645.7	16.4093
3645.77	15.7495
3645.84	15.1268
3645.92	14.5561
3645.99	14.02
3646.06	13.531
3646.14	13.0736
3646.21	12.6581
3646.28	12.2711
3646.36	11.9208
3646.43	11.5958
3646.51	11.2988
3646.58	11.0278
3646.65	10.7843
3646.73	10.5595
3646.8	10.358
3646.87	10.1724
3646.95	10.0062
3647.09	9.71513
3647.24	9.47792
3647.39	9.28323
3647.54	9.12324
3647.68	8.99058
3647.83	8.88158
3647.98	8.79082
3648.12	8.7147
3648.27	8.65032
3648.42	8.59537
3648.71	8.50683
3648.99	8.44129
3649.28	8.38856
3649.56	8.34501
3649.84	8.30827
3650.12	8.27676
3650.4	8.24939
3650.96	8.20414
3651.52	8.16827
3652.08	8.13917
3652.65	8.11513
3653.21	8.09497
3653.74	8.07855
3654.28	8.06435
3655.35	8.04092
3656.42	8.02236
3657.49	8.00728
3658.78	7.99245
3660.06	7.98023
3661.77	7.9667
3663.49	7.95538
3665.2	7.9456
3666.91	7.93697
3668.62	7.92917
3670.34	7.92202
3672.91	7.91213
3675.47	7.9029
3678.04	7.89417
3680.61	7.88578
3685.75	7.86964
3690.89	7.85388
3696.03	7.83817
3701.17	7.82233
3711.44	7.78956
3723.43	7.74852
3735.42	7.70312
3744.84	7.66334
3754.26	7.61884
3763.68	7.56824
3773.1	7.50963
3779.52	7.46371
3785.95	7.41163
3792.37	7.35184
3798.79	7.2819
3803.5	7.22245
3808.21	7.15421
3812.92	7.07485
3817.63	6.9812
3820.2	6.92265
3822.77	6.85751
3825.34	6.78458
3827.91	6.70239
3830.26	6.61722
3832.62	6.52079
3834.97	6.41064
3837.33	6.28362
3838.83	6.1922
3840.33	6.0911
3841.83	5.97855
3843.32	5.85279
3844.5	5.74314
3845.68	5.62278
3846.86	5.49017
3848.03	5.34414
3848.62	5.26558
3849.21	5.1832
3849.8	5.09695
3850.39	5.00687
3850.98	4.91318
3851.57	4.81631
3852.16	4.71715
3852.74	4.61736
3853.2	4.54116
3853.65	4.46785
3854.11	4.40024
3854.56	4.34269
3855.02	4.302
3855.25	4.2912
3855.47	4.28929
3855.7	4.29888
3855.93	4.32334
3856.16	4.36727
3856.38	4.43688
3856.54	4.5063
3856.7	4.59603
3856.87	4.71195
3857.03	4.8585
3857.11	4.94683
3857.19	5.04478
3857.27	5.15455
3857.35	5.2774
3857.43	5.41658
3857.51	5.57023
3857.59	5.74168
3857.67	5.93284
3857.75	6.14856
3857.83	6.38581
3857.91	6.64956
3857.99	6.94249
3858.07	7.27178
3858.15	7.63245
3858.23	8.03172
3858.31	8.47321
3858.38	8.92252
3858.46	9.41449
3858.53	9.95254
3858.6	10.532
3858.68	11.1724
3858.75	11.8603
3858.83	12.6186
3858.9	13.4309
3858.97	14.3237
3859.05	15.2907
3859.12	16.3365
3859.19	17.4497
3859.27	18.6654
3859.34	19.9551
3859.41	21.3585
3859.49	22.842
3859.56	24.4502
3859.64	26.1677
3859.71	27.998
3859.78	29.9174
3859.86	31.9816
3859.93	34.1373
3860	36.4454
3860.08	38.8452
3860.15	41.4032
3860.22	44.0504
3860.3	46.8587
3860.37	49.751
3860.44	52.8042
3860.52	55.9329
3860.66	62.5674
3860.81	69.6599
3860.96	77.0545
3861.11	84.7215
3861.25	92.5695
3861.44	102.647
3861.63	112.601
3861.78	120.216
3861.92	127.404
3862.08	134.647
3862.24	141.123
3862.36	145.387
3862.48	149.079
3862.6	152.152
3862.72	154.548
3862.8	155.768
3862.88	156.693
3863.01	157.523
3863.14	157.518
3863.27	156.69
3863.4	155.081
3863.5	153.358
3863.59	151.25
3863.69	148.768
3863.79	145.94
3863.98	139.44
3864.17	131.961
3864.43	120.67
3864.7	108.791
3864.89	100.011
3865.08	91.4317
3865.18	87.2715
3865.27	83.2216
3865.37	79.2969
3865.46	75.5096
3865.56	71.8696
3865.65	68.3843
3865.75	65.0592
3865.85	61.8974
3865.94	58.9005
3866.04	56.0681
3866.14	53.3986
3866.23	50.8889
3866.31	48.9406
3866.39	47.1178
3866.47	45.3706
3866.55	43.74
3866.62	42.1806
3866.7	40.7282
3866.78	39.3417
3866.86	38.0523
3866.94	36.823
3867.02	35.6811
3867.1	34.5933
3867.17	33.5834
3867.25	32.6216
3867.33	31.7289
3867.49	30.0892
3867.58	29.181
3867.68	28.3376
3867.78	27.5537
3867.87	26.8244
3868.06	25.5119
3868.26	24.3677
3868.45	23.3644
3868.64	22.4793
3868.83	21.6934
3869.02	20.9946
3869.23	20.307
3869.44	19.6937
3869.65	19.1377
3869.86	18.6358
3870.07	18.1758
3870.28	17.7564
3870.7	17.0141
3871.08	16.4251
3871.47	15.9079
3871.85	15.4499
3872.23	15.0412
3872.62	14.6744
3873	14.3431
3873.39	14.0425
3873.77	13.7692
3874.54	13.2878
3875.3	12.8793
3876.07	12.5274
3876.84	12.222
3877.47	11.9998
3878.09	11.7995
3879.35	11.4518
3880.61	11.1603
3881.86	10.9126
3883.4	10.6558
3884.93	10.439
3886.47	10.2534
3888	10.0926
3889.96	9.91664
3891.91	9.76641
3893.87	9.63656
3895.82	9.52302
3898.89	9.37082
3901.96	9.24373
3905.03	9.13586
3908.1	9.04312
3912.01	8.94218
3915.92	8.85637
3919.83	8.78247
3923.74	8.71783
3928.2	8.65326
3932.67	8.59674
3937.14	8.54676
3941.6	8.5022
3947.74	8.4482
3953.88	8.4011
3960.03	8.35972
3966.17	8.3233
3970.64	8.29972
3975.1	8.27869
3977.34	8.26924
3979.57	8.26064
3981.8	8.25305
3984.03	8.24675
3985.57	8.24337
3987.11	8.24099
3988.64	8.24002
3990.18	8.24096
3991.71	8.24461
3992.48	8.24783
3993.25	8.25228
3994.01	8.25828
3994.78	8.26627
3995.55	8.27691
3996.32	8.2911
3996.91	8.30541
3997.5	8.32357
3998.1	8.34698
3998.69	8.37776
3998.99	8.39697
3999.28	8.41957
3999.58	8.44654
3999.88	8.4792
4000.17	8.52003
4000.47	8.57225
4000.62	8.60453
4000.77	8.64181
4000.91	8.68548
4001.06	8.73709
4001.2	8.79491
4001.34	8.86348
4001.48	8.9452
4001.62	9.04218
4001.76	9.15923
4001.9	9.29866
4002.04	9.46717
4002.18	9.66772
4002.25	9.78314
4002.32	9.90935
4002.39	10.0472
4002.46	10.1955
4002.53	10.3594
4002.6	10.5379
4002.67	10.732
4002.74	10.9399
4002.81	11.1685
4002.88	11.4161
4002.95	11.684
4003.02	11.969
4003.09	12.2805
4003.16	12.6158
4003.23	12.9759
4003.3	13.3564
4003.37	13.7998
4003.44	14.2691
4003.52	14.7709
4003.59	15.3063
4003.67	15.8841
4003.74	16.4896
4003.82	17.1308
4003.89	17.8081
4003.97	18.5313
4004.04	19.2813
4004.11	20.0669
4004.19	20.8874
4004.26	21.7419
4004.34	22.6292
4004.48	24.4951
4004.57	25.7104
4004.67	26.9622
4004.85	29.5365
4005.22	34.8125
4005.41	37.4955
4005.6	39.9889
4005.75	41.7531
4005.9	43.3028
4005.99	44.1818
4006.09	44.9431
4006.18	45.6005
4006.28	46.1246
4006.38	46.5373
4006.48	46.7944
4006.6	46.8998
4006.61	46.8994
4006.63	46.8928
4006.65	46.8782
4006.7	46.8248
4006.79	46.625
4006.88	46.3146
4006.97	45.8973
4007.06	45.3475
4007.15	44.6872
4007.24	43.9229
4007.33	43.072
4007.42	42.1236
4007.51	41.1071
4007.69	38.8766
4007.81	37.3285
4007.92	35.7322
4008.15	32.4358
4008.33	29.8248
4008.51	27.2705
4008.69	24.8278
4008.78	23.656
4008.88	22.5401
4008.96	21.5053
4009.05	20.5272
4009.13	19.585
4009.22	18.7017
4009.31	17.8573
4009.39	17.0717
4009.48	16.3346
4009.57	15.6454
4009.65	14.9961
4009.74	14.4002
4009.83	13.8423
4009.91	13.3337
4010	12.8605
4010.09	12.4316
4010.17	12.0392
4010.26	11.6811
4010.34	11.366
4010.42	11.0822
4010.5	10.8238
4010.59	10.5891
4010.67	10.3738
4010.75	10.1812
4010.83	10.0071
4010.92	9.84996
4011	9.70656
4011.08	9.57898
4011.16	9.46411
4011.24	9.36074
4011.33	9.26667
4011.41	9.18313
4011.57	9.04032
4011.74	8.92385
4011.9	8.82964
4012.07	8.75204
4012.23	8.6884
4012.4	8.63507
4012.56	8.59048
4012.72	8.5523
4012.89	8.51965
4013.1	8.48328
4013.32	8.45241
4013.74	8.40251
4014.17	8.36359
4014.6	8.33221
4015.03	8.30616
4015.46	8.28425
4015.88	8.26546
4016.31	8.24925
4016.84	8.23201
4017.36	8.21724
4018.15	8.19856
4018.94	8.18308
4019.73	8.16998
4020.52	8.15873
4021.84	8.143
4023.15	8.13005
4024.47	8.11908
4025.79	8.10958
4027.89	8.0965
4030	8.08521
4032.63	8.07288
4035.26	8.06191
4037.89	8.0519
4040.53	8.04262
4043.68	8.03217
4046.84	8.02225
4053.16	8.00368
4059.48	7.98633
4065.79	7.96982
4072.11	7.95395
4078.43	7.93857
4091.06	7.9089
4099.49	7.88964
4107.91	7.87064
4116.33	7.85174
4124.76	7.83282
4133.18	7.81373
4141.6	7.79432
4150.02	7.77439
4158.45	7.75374
4169.5	7.72505
4180.56	7.6938
4186.09	7.67685
4191.61	7.65875
4197.14	7.63923
4202.67	7.61801
4208.46	7.59333
4214.25	7.56546
4220.04	7.53338
4225.83	7.4956
4230.57	7.45886
4235.31	7.41489
4240.05	7.36088
4242.41	7.32884
4244.78	7.29231
4247.68	7.24003
4250.58	7.17684
4252.02	7.13995
4253.47	7.09869
4254.92	7.05223
4256.37	6.99957
4257.95	6.93338
4259.53	6.85579
4261.1	6.76356
4261.89	6.71062
4262.68	6.65232
4263.87	6.5527
4264.46	6.49656
4265.05	6.43546
4265.65	6.36866
4266.24	6.29566
4266.83	6.21553
4267.42	6.12738
4267.78	6.06915
4268.15	6.0074
4268.51	5.94203
4268.87	5.87308
4269.23	5.80089
4269.59	5.72649
4269.95	5.6522
4270.32	5.58302
4270.48	5.55562
4270.65	5.53281
4270.81	5.51626
4270.97	5.5087
4271.14	5.51335
4271.3	5.53437
4271.47	5.57743
4271.63	5.64874
4271.8	5.75755
4271.96	5.91268
4272.05	6.0128
4272.13	6.12826
4272.21	6.262
4272.29	6.41602
4272.37	6.59478
4272.46	6.79626
4272.54	7.02491
4272.62	7.28328
4272.7	7.57407
4272.78	7.90007
4272.87	8.2642
4272.95	8.66944
4273.04	9.17102
4273.13	9.72475
4273.22	10.3472
4273.31	11.0287
4273.4	11.7886
4273.49	12.6141
4273.58	13.5272
4273.67	14.5111
4273.76	15.5908
4273.85	16.7451
4273.94	18.0016
4274.03	19.334
4274.12	20.7726
4274.21	22.2856
4274.31	23.9057
4274.4	25.5952
4274.49	27.3887
4274.58	29.2429
4274.67	31.1937
4274.76	33.1922
4274.94	37.3891
4275.12	41.7621
4275.32	46.6435
4275.51	51.4727
4275.67	55.1819
4275.83	58.7081
4275.92	60.6507
4276.01	62.4715
4276.1	64.1971
4276.19	65.7769
4276.28	67.2184
4276.37	68.511
4276.49	70.0414
4276.62	71.2363
4276.7	71.8418
4276.74	72.0936
4276.88	72.6318
4277.01	72.7541
4277.13	72.5083
4277.26	71.9344
4277.38	71.0285
4277.5	69.8278
4277.63	68.3497
4277.75	66.6361
4277.86	64.8711
4277.97	62.9475
4278.2	58.725
4278.44	53.6944
4278.69	48.5445
4278.84	45.5169
4278.98	42.5813
4279.13	39.7313
4279.2	38.355
4279.27	37.0332
4279.4	34.8464
4279.46	33.798
4279.52	32.797
4279.58	31.8113
4279.64	30.8732
4279.7	29.9523
4279.76	29.0786
4279.83	28.2233
4279.89	27.4141
4279.95	26.6242
4280.01	25.8787
4280.07	25.1529
4280.13	24.4696
4280.19	23.8058
4280.26	23.1822
4280.32	22.5208
4280.39	21.9028
4280.46	21.3172
4280.53	20.7628
4280.59	20.2385
4280.66	19.7431
4280.79	18.8338
4280.93	18.0195
4281.06	17.3024
4281.2	16.6668
4281.33	16.1037
4281.45	15.6399
4281.58	15.2281
4281.7	14.8589
4281.82	14.5273
4281.95	14.2266
4282.07	13.9575
4282.19	13.714
4282.32	13.4928
4282.56	13.1058
4282.81	12.7813
4283.06	12.5042
4283.3	12.2642
4283.64	11.9832
4283.97	11.7439
4284.31	11.5369
4284.65	11.3557
4284.98	11.1956
4285.32	11.0529
4285.99	10.8102
4286.48	10.6606
4286.97	10.5306
4287.47	10.4165
4287.96	10.3164
4288.94	10.1494
4289.93	10.0183
4290.73	9.93182
4291.54	9.86103
4292.35	9.80369
4293.15	9.75819
4293.96	9.7233
4294.76	9.69812
4295.57	9.68202
4296.38	9.67457
4297.36	9.67687
4298.35	9.69166
4299.33	9.71922
4300.31	9.76019
4301.3	9.81558
4302.29	9.88684
4303.27	9.97592
4303.76	10.028
4304.26	10.0854
4304.84	10.1611
4305.42	10.2458
4306	10.3406
4306.58	10.4467
4307.17	10.5656
4307.75	10.6988
4308.33	10.8483
4308.91	11.0164
4309.4	11.1752
4309.9	11.3509
4310.39	11.5465
4310.88	11.7637
4311.38	12.0069
4311.87	12.2786
4312.36	12.5841
4312.6	12.7511
4312.85	12.9287
4313.3	13.2822
4313.52	13.4751
4313.75	13.6798
4313.97	13.8974
4314.19	14.1289
4314.42	14.3754
4314.64	14.6372
4314.87	14.9179
4315.09	15.2181
4315.31	15.5395
4315.54	15.8842
4315.76	16.2544
4315.99	16.6526
4316.21	17.0817
4316.43	17.5427
4316.68	18.0969
4316.93	18.6997
4317.17	19.3594
4317.42	20.083
4317.66	20.8819
4317.91	21.7589
4318.16	22.7273
4318.4	23.799
4318.65	24.9925
4318.9	26.3131
4319.02	27.0339
4319.14	27.7882
4319.27	28.5842
4319.39	29.4242
4319.51	30.3182
4319.64	31.2542
4319.76	32.2419
4319.88	33.2841
4320.01	34.3833
4320.13	35.5422
4320.25	36.7634
4320.37	38.0496
4320.5	39.4143
4320.62	40.8378
4320.74	42.3328
4320.87	43.9012
4320.99	45.5443
4321.11	47.2631
4321.36	50.9293
4321.61	54.8973
4321.85	59.1533
4322.1	63.6705
4322.34	68.407
4323.34	88.3369
4323.59	93.0292
4323.83	97.3454
4324.08	101.18
4324.33	104.416
4324.55	106.682
4324.77	108.338
4324.98	109.355
4325.2	109.697
4325.44	109.299
4325.67	108.112
4325.91	106.174
4326.14	103.557
4326.38	100.319
4326.61	96.5814
4326.85	92.4141
4327.09	87.9596
4327.71	75.3501
4328.03	69.068
4328.34	63.0323
4328.52	59.7318
4328.7	56.5858
4328.88	53.5711
4329.06	50.7289
4329.24	48.0318
4329.42	45.511
4329.6	43.1499
4329.78	40.9448
4329.92	39.3146
4330.06	37.7751
4330.2	36.3229
4330.34	34.9544
4330.48	33.6657
4330.62	32.4528
4330.76	31.3117
4330.9	30.2384
4331.05	29.229
4331.19	28.2797
4331.33	27.3868
4331.47	26.5467
4331.61	25.7561
4331.75	25.0116
4331.89	24.3103
4332.03	23.6493
4332.17	23.0259
4332.31	22.4376
4332.45	21.8819
4332.6	21.3568
4332.74	20.8602
4332.88	20.3902
4333.16	19.523
4333.44	18.7426
4333.72	18.0383
4334.01	17.4005
4334.29	16.8215
4334.48	16.4554
4334.67	16.1134
4334.87	15.7917
4335.06	15.4887
4335.25	15.2017
4335.44	14.9322
4335.63	14.6775
4335.83	14.4367
4336.21	13.9914
4336.6	13.5916
4336.98	13.2306
4337.36	12.9033
4337.65	12.682
4337.93	12.4753
4338.21	12.2819
4338.49	12.1007
4338.77	11.9307
4339.05	11.7709
4339.62	11.4789
4340.18	11.2192
4340.75	10.9872
4341.31	10.7789
4341.87	10.5915
4342.44	10.4218
4343	10.2677
4343.57	10.1274
4344.13	9.99931
4344.69	9.88198
4345.26	9.77424
4345.82	9.67506
4346.39	9.58369
4346.9	9.50641
4347.41	9.43428
4348.44	9.30379
4349.46	9.1889
4350.49	9.08716
4351.51	8.9965
4352.54	8.91549
4353.56	8.84269
4354.59	8.77698
4355.71	8.71177
4356.84	8.65298
4357.97	8.59976
4359.1	8.55143
4360.23	8.5073
4361.35	8.4669
4362.48	8.42979
4363.61	8.39563
4365.05	8.35582
4366.48	8.31968
4367.91	8.28673
4369.35	8.25658
4370.79	8.22888
4372.22	8.20333
4375.09	8.15768
4377.35	8.12614
4379.6	8.09781
4381.86	8.07217
4384.11	8.04885
4386.37	8.02753
4388.62	8.00796
4390.88	7.98989
4393.13	7.97316
4395.6	7.95622
4398.06	7.9405
4402.98	7.91218
4406.26	7.89527
4410.77	7.87406
4415.28	7.85483
4419.79	7.83726
4424.3	7.8211
4428.81	7.80613
4433.32	7.79218
4442.35	7.76678
4445.62	7.75824
4452.19	7.74208
4458.75	7.72698
4465.31	7.71278
4471.87	7.69934
4480.89	7.68191
4489.91	7.66545
4498.94	7.64981
4507.96	7.63487
4526	7.60661
4544.05	7.58001
4562.09	7.55463
4580.13	7.53014
4598.18	7.50628
4616.22	7.48289
4635.9	7.45782
4645.75	7.44544
4655.59	7.43319
4665.43	7.42115
4675.27	7.40933
4680.19	7.40361
4685.11	7.39806
4690.04	7.39272
4694.96	7.38767
4698.65	7.38419
4702.34	7.38107
4706.03	7.37845
4709.72	7.37653
4713.41	7.37565
4717.1	7.37632
4718.95	7.37747
4720.79	7.37945
4722.64	7.3825
4724.48	7.38696
4725.92	7.39174
4727.35	7.398
4728.79	7.40624
4730.22	7.41716
4731.66	7.43188
4733.09	7.45205
4733.81	7.46496
4734.53	7.48033
4735.25	7.49881
4735.97	7.52123
4736.58	7.54451
4737.19	7.57263
4737.81	7.60703
4738.43	7.64979
4739.04	7.70401
4739.35	7.73691
4739.65	7.77462
4739.96	7.81861
4740.27	7.87024
4740.58	7.93226
4740.89	8.00775
4741.19	8.10243
4741.5	8.22397
4741.65	8.2983
4741.81	8.38415
4741.96	8.48391
4742.12	8.59961
4742.27	8.73615
4742.42	8.8969
4742.58	9.08662
4742.73	9.30928
4742.88	9.57416
4743.04	9.8872
4743.19	10.2566
4743.27	10.4652
4743.35	10.6883
4743.44	10.9762
4743.53	11.2919
4743.62	11.6375
4743.7	12.0109
4743.8	12.4225
4743.89	12.8707
4743.98	13.3577
4744.06	13.8796
4744.15	14.4503
4744.24	15.0662
4744.33	15.7292
4744.42	16.4329
4744.51	17.1946
4744.6	17.9987
4744.69	18.8642
4744.78	19.7725
4744.9	21.1027
4745.02	22.5309
4745.15	24.0549
4745.27	25.6571
4745.39	27.3584
4745.51	29.138
4745.63	30.9862
4745.76	32.8751
4746.04	37.4138
4746.32	41.9679
4746.51	44.9657
4746.7	47.7536
4746.85	49.6275
4746.98	51.3067
4747.13	52.7846
4747.27	54.0212
4747.4	54.9512
4747.53	55.6258
4747.67	56.0308
4747.8	56.1652
4747.93	56.0287
4748.07	55.6216
4748.21	54.8904
4748.35	53.8777
4748.51	52.4698
4748.66	50.7777
4748.81	48.8522
4748.97	46.7244
4749.18	43.5597
4749.39	40.2105
4749.7	35.2011
4749.85	32.7268
4750.01	30.3385
4750.14	28.3385
4750.28	26.4405
4750.41	24.6276
4750.54	22.9355
4750.68	21.3445
4750.74	20.5931
4750.81	19.8818
4750.88	19.1892
4750.94	18.5359
4751.01	17.9019
4751.08	17.3057
4751.18	16.4636
4751.27	15.69
4751.37	14.974
4751.47	14.3135
4751.57	13.7
4751.67	13.1431
4751.76	12.6336
4751.86	12.1687
4751.96	11.7412
4752.06	11.357
4752.16	11.0087
4752.26	10.6934
4752.35	10.4057
4752.45	10.1489
4752.55	9.91749
4752.65	9.70909
4752.75	9.51977
4752.85	9.35131
4752.94	9.19837
4753.04	9.0623
4753.24	8.82865
4753.44	8.64006
4753.63	8.48549
4753.83	8.35921
4754.03	8.25406
4754.22	8.16654
4754.42	8.09216
4754.61	8.02888
4754.81	7.97391
4755.01	7.92616
4755.4	7.84643
4755.79	7.78251
4756.22	7.72645
4756.64	7.68013
4757.06	7.64113
4757.48	7.60785
4757.9	7.5791
4758.32	7.55416
4759.16	7.51297
4760.01	7.48043
4760.85	7.45421
4761.69	7.43264
4762.53	7.41462
4763.88	7.39127
4765.23	7.37287
4766.58	7.358
4767.92	7.34571
4769.72	7.33221
4771.52	7.32106
4773.77	7.30947
4776.01	7.29977
4778.26	7.2914
4780.5	7.28404
4783.2	7.27612
4785.9	7.26889
4788.59	7.26221
4791.29	7.25594
4794.88	7.24803
4798.48	7.24051
4806.11	7.22525
4813.75	7.21048
4821.39	7.19582
4829.03	7.18103
4836.67	7.16594
4844.3	7.15043
4859.58	7.11743
4872.16	7.08751
4884.74	7.05404
4893.73	7.02709
4902.71	6.99665
4911.7	6.96136
4920.68	6.91918
4925.63	6.89173
4930.57	6.86017
4935.51	6.82313
4940.45	6.77858
4943.6	6.74493
4946.74	6.70584
4949.89	6.65946
4953.03	6.60325
4955.51	6.54971
4957.98	6.48493
4959.21	6.44703
4960.45	6.40459
4961.68	6.35662
4962.92	6.30201
4964.15	6.23908
4965.39	6.16574
4966.63	6.07917
4967.24	6.02976
4967.86	5.97559
4968.42	5.92143
4968.99	5.86218
4969.55	5.79698
4970.11	5.72548
4970.67	5.64729
4971.23	5.56406
4971.51	5.52197
4971.79	5.48155
4972.07	5.44555
4972.35	5.41852
4972.66	5.40736
4972.97	5.42991
4973.13	5.46041
4973.28	5.50795
4973.44	5.57743
4973.59	5.67292
4973.74	5.80147
4973.9	5.96801
4974.05	6.18216
4974.13	6.30845
4974.21	6.4494
4974.29	6.60827
4974.36	6.7822
4974.44	6.9743
4974.52	7.18583
4974.59	7.41803
4974.67	7.67217
4974.75	7.94953
4974.83	8.25136
4974.91	8.61448
4974.99	9.00573
4975.08	9.43071
4975.16	9.89087
4975.25	10.3937
4975.33	10.9285
4975.41	11.5022
4975.5	12.1155
4975.58	12.7772
4975.67	13.4721
4975.75	14.2081
4975.84	14.985
4975.92	15.8125
4976.01	16.6703
4976.09	17.567
4976.17	18.5011
4976.28	19.7307
4976.38	21.0006
4976.6	23.6868
4976.81	26.5073
4977.02	29.3819
4977.24	32.4491
4977.35	33.9396
4977.47	35.388
4977.62	37.2979
4977.77	39.0552
4977.94	40.7741
4978.1	42.1356
4978.18	42.8111
4978.27	43.4004
4978.39	44.0538
4978.5	44.5546
4978.54	44.6914
4978.66	45.008
4978.79	45.1426
4978.9	45.1061
4979.01	44.9206
4979.13	44.5872
4979.24	44.1126
4979.36	43.5044
4979.47	42.7785
4979.57	42.0107
4979.68	41.1647
4979.88	39.2433
4980.11	36.8617
4980.34	34.3031
4980.51	32.2706
4980.69	30.2349
4980.87	28.2339
4981.04	26.2997
4981.16	25.0949
4981.27	23.935
4981.38	22.8244
4981.5	21.7668
4981.61	20.7647
4981.73	19.8197
4981.84	18.9326
4981.95	18.1105
4982.05	17.4695
4982.14	16.8729
4982.23	16.313
4982.33	15.7886
4982.42	15.2984
4982.51	14.8412
4982.7	14.0196
4982.89	13.3114
4983.07	12.7039
4983.26	12.1844
4983.44	11.741
4983.67	11.285
4983.9	10.9086
4984.13	10.5961
4984.35	10.3359
4984.58	10.1151
4984.81	9.92667
4985.04	9.76395
4985.27	9.62241
4985.7	9.39465
4986.13	9.20917
4986.57	9.05322
4987	8.92001
4987.87	8.702
4988.74	8.53025
4989.32	8.43424
4989.9	8.34984
4991.06	8.20826
4992.22	8.09379
4993.38	7.99911
4995.03	7.88886
4996.69	7.80011
4998.35	7.72689
5000	7.66541
5002.77	7.58172
5005.53	7.51511
5008.3	7.46049
5011.07	7.4147
5014.45	7.36759
5017.83	7.32778
5021.22	7.29345
5024.6	7.26338
5031.36	7.21246
5038.13	7.17019
5044.89	7.13384
5051.66	7.10164
5063.34	7.05271
5075.02	7.00913
5098.39	6.93059
5118.07	6.8683
5145.12	6.78303
5172.18	6.6942
5199.24	6.59849
5226.3	6.49264
5253.35	6.37287
5266.88	6.30638
5273.65	6.27121
5280.41	6.23465
5286.56	6.20016
5289.64	6.18246
5292.71	6.16445
5295.78	6.14618
5298.86	6.12776
5300.4	6.11854
5301.93	6.1094
5303.47	6.10046
5304.24	6.09612
5305.01	6.09194
5305.62	6.08877
5306.24	6.08581
5306.89	6.08308
5307.55	6.0811
5307.87	6.08065
5308.2	6.08083
5308.53	6.08201
5308.85	6.0848
5309.02	6.08709
5309.18	6.09016
5309.34	6.09426
5309.51	6.09956
5309.67	6.10642
5309.83	6.1151
5310	6.12603
5310.16	6.13965
5310.32	6.15658
5310.49	6.1772
5310.65	6.20219
5310.81	6.23223
5310.98	6.26823
5311.14	6.31044
5311.3	6.35976
5311.46	6.41679
5311.6	6.47028
5311.73	6.52923
5311.87	6.59473
5312	6.66589
5312.14	6.74379
5312.27	6.82715
5312.41	6.91699
5312.54	7.01159
5312.81	7.21562
5313.08	7.43331
5313.35	7.65646
5313.62	7.87494
5313.81	8.02252
5314	8.1569
5314.19	8.27471
5314.39	8.37217
5314.55	8.43681
5314.71	8.48236
5314.82	8.50127
5314.92	8.51175
5315	8.51401
5315.01	8.51396
5315.05	8.513
5315.09	8.51087
5315.17	8.50307
5315.27	8.4852
5315.38	8.45905
5315.48	8.42452
5315.59	8.38262
5315.69	8.33348
5315.8	8.27759
5316.01	8.14714
5316.22	7.99746
5316.43	7.8334
5316.64	7.66051
5316.74	7.57834
5317.13	7.24893
5317.33	7.09209
5317.53	6.94432
5317.73	6.80766
5317.93	6.68343
5318.12	6.57234
5318.32	6.47452
5318.52	6.38965
5318.72	6.31735
5318.91	6.25593
5319.11	6.20465
5319.31	6.16231
5319.51	6.12769
5319.71	6.0996
5319.9	6.07696
5320.1	6.0588
5320.3	6.04431
5320.45	6.03528
5320.6	6.02766
5320.74	6.02111
5320.89	6.01554
5321.19	6.00651
5321.49	5.99956
5321.73	5.9948
5321.98	5.99072
5322.48	5.98382
5322.97	5.97791
5323.47	5.97258
5324.45	5.96283
5325.44	5.95378
5326.43	5.94512
5327.42	5.9367
5329.4	5.92025
5331.38	5.90401
5333.36	5.8878
5337.31	5.85507
5343.65	5.80121
5352.35	5.72305
5361.06	5.63926
5369.76	5.54908
5378.47	5.45173
5387.18	5.34637
5395.88	5.23216
5404.59	5.10826
5413.29	4.97395
5422	4.82878
5430.7	4.67312
5435.06	4.59188
5439.41	4.50899
5443.76	4.42525
5448.11	4.34194
5452.86	4.25364
5457.61	4.17199
5462.36	4.103
5464.73	4.07607
5467.11	4.05631
5470.28	4.04489
5472.16	4.04868
5474.04	4.06256
5475.91	4.08883
5477.79	4.13031
5479.67	4.19055
5481.55	4.27375
5483.43	4.38534
5484.37	4.45405
5485.31	4.53274
5486.4	4.63816
5487.49	4.7607
5488.58	4.90289
5489.67	5.06762
5490.75	5.25829
5491.84	5.4789
5492.93	5.73416
5494.02	6.02967
5495.06	6.35553
5495.58	6.53678
5496.1	6.73104
5496.62	6.94012
5497.14	7.16438
5497.65	7.40595
5498.17	7.66531
5498.69	7.94495
5499.21	8.24548
5499.73	8.56988
5500.25	8.91891
5500.77	9.29616
5501.29	9.70267
5501.81	10.1419
5502.33	10.617
5502.87	11.157
5503.42	11.7446
5503.96	12.3844
5504.51	13.082
5505.05	13.8433
5505.59	14.6751
5506.14	15.5849
5506.68	16.5815
5507.23	17.6764
5507.77	18.8765
5508.31	20.1961
5508.86	21.6489
5509.4	23.2505
5509.95	25.0185
5510.49	26.9729
5511.03	29.1358
5511.31	30.3076
5511.58	31.537
5511.85	32.8317
5512.12	34.1957
5512.39	35.6327
5512.67	37.1472
5512.94	38.7435
5513.21	40.4261
5513.48	42.1999
5513.76	44.0699
5514.03	46.0413
5514.3	48.1194
5514.57	50.3097
5514.84	52.6178
5515.11	55.0493
5515.39	57.6097
5515.67	60.4472
5515.96	63.4397
5516.25	66.5934
5516.53	69.9137
5516.82	73.4055
5517.1	77.0732
5517.39	80.9197
5517.67	84.9327
5517.96	89.1408
5518.25	93.5287
5518.82	102.811
5519.39	112.756
5519.96	123.225
5521.17	146.411
5521.77	157.943
5522.38	168.946
5522.68	174.13
5522.99	179.01
5523.29	183.567
5523.59	187.724
5523.89	191.461
5524.19	194.716
5524.5	197.474
5524.8	199.692
5525.24	201.935
5525.68	202.983
5526.04	202.957
5526.39	202.17
5526.75	200.654
5527.11	198.466
5527.47	195.653
5527.82	192.298
5528.18	188.453
5528.54	184.215
5529.26	174.81
5529.97	164.645
5530.68	154.202
5531.4	143.861
5531.95	136.153
5532.5	128.755
5533.05	121.724
5533.6	115.104
5534.15	108.885
5534.7	103.08
5535.25	97.6787
5535.8	92.6727
5536.34	88.072
5536.89	83.807
5537.43	79.8544
5537.97	76.1912
5538.52	72.7948
5539.06	69.644
5539.61	66.7187
5540.15	64.0003
5540.89	60.5952
5541.63	57.5036
5542.38	54.6905
5543.12	52.1279
5543.86	49.7814
5544.6	47.6306
5545.34	45.6544
5546.08	43.8371
5547.17	41.4188
5548.26	39.2603
5549.35	37.3256
5550.44	35.5844
5551.52	34.0114
5552.61	32.5851
5553.7	31.2875
5554.79	30.1029
5555.88	29.0184
5556.96	28.0225
5558.05	27.1055
5559.14	26.259
5560.23	25.4756
5561.32	24.7489
5563.49	23.4448
5565.27	22.504
5567.05	21.6606
5568.83	20.8992
5570.61	20.2092
5572.39	19.5811
5574.17	19.0083
5575.95	18.4839
5577.73	18.0022
5579.91	17.4647
5582.09	16.9766
5584.26	16.5319
5586.44	16.1253
5590.79	15.4099
5595.14	14.8032
5598.31	14.4187
5601.08	14.1165
5603.84	13.8435
5606.61	13.5985
5609.38	13.3816
5611.56	13.2321
5613.74	13.1035
5614.82	13.0486
5615.91	13.001
5617	12.9623
5618.09	12.9343
5619.18	12.92
5620.26	12.9236
5621.35	12.9515
5621.9	12.9777
5622.44	13.0142
5623.28	13.0973
5623.7	13.1546
5624.12	13.2252
5624.54	13.3128
5624.96	13.4216
5625.38	13.5583
5625.8	13.7323
5626.08	13.8714
5626.35	14.0378
5626.62	14.2388
5626.89	14.4843
5627.16	14.7877
5627.44	15.1664
5627.71	15.6432
5627.84	15.9274
5627.98	16.2476
5628.15	16.7147
5628.32	17.2593
5628.5	17.8939
5628.67	18.6324
5628.84	19.49
5629.02	20.483
5629.19	21.6286
5629.36	22.9442
5629.5	24.1093
5629.64	25.3987
5629.77	26.8201
5629.91	28.3806
5630.04	30.0862
5630.18	31.9418
5630.32	33.9505
5630.45	36.1138
5630.56	38.0107
5630.67	39.9918
5630.79	42.0899
5630.9	44.2632
5631.01	46.5454
5631.12	48.8886
5631.34	53.7833
5631.61	60.0496
5631.89	66.423
5632.16	72.6625
5632.29	75.6486
5632.43	78.4787
5632.55	80.9312
5632.68	83.2163
5632.8	85.3091
5632.92	87.1719
5633.05	88.7891
5633.17	90.1585
5633.29	91.2644
5633.41	92.0881
5633.56	92.7039
5633.7	92.9053
5633.81	92.7837
5633.92	92.4269
5634.03	91.8383
5634.14	91.0319
5634.25	89.9163
5634.37	88.5603
5634.49	86.9784
5634.6	85.1869
5634.73	83.0083
5634.86	80.6457
5634.99	78.1098
5635.11	75.4285
5635.37	69.7204
5635.62	63.7922
5635.92	56.7423
5636.07	53.309
5636.22	49.9722
5636.35	47.2213
5636.48	44.5941
5636.6	42.08
5636.73	39.6874
5636.86	37.4227
5636.98	35.29
5637.11	33.2914
5637.24	31.4272
5637.37	29.6829
5637.49	28.083
5637.62	26.6095
5637.75	25.2575
5637.88	24.012
5638	22.8861
5638.13	21.8631
5638.26	20.9361
5638.37	20.2053
5638.48	19.5369
5638.59	18.9262
5638.7	18.3691
5638.81	17.8612
5638.92	17.3987
5639.03	16.9776
5639.14	16.5978
5639.36	15.9312
5639.57	15.3808
5639.8	14.9207
5640.01	14.538
5640.27	14.168
5640.52	13.8634
5640.78	13.6077
5641.03	13.3922
5641.29	13.2069
5641.54	13.047
5642.05	12.7829
5642.56	12.5723
5643.07	12.3997
5643.58	12.255
5644.08	12.1318
5644.59	12.0247
5645.1	11.9309
5646.12	11.7729
5646.95	11.6656
5647.78	11.573
5648.62	11.4916
5649.45	11.4191
5651.11	11.2939
5652.78	11.1879
5653.98	11.12
5655.18	11.0577
5657.59	10.9461
5659.99	10.8473
5662.4	10.7579
5664.43	10.688
5666.47	10.6223
5670.54	10.5014
5674.61	10.3915
5678.68	10.2904
5683.85	10.1723
5689.03	10.0639
5694.21	9.96391
5699.39	9.87092
5707.53	9.73714
5715.67	9.61625
5723.81	9.50625
5731.95	9.40559
5746.75	9.2426
5761.55	9.10076
5769.68	9.03024
5777.82	8.96438
5781.89	8.93308
5785.96	8.90287
5790.03	8.87374
5794.1	8.8458
5797.06	8.82632
5800.02	8.80775
5802.98	8.79035
5804.46	8.78229
5805.94	8.77485
5807.33	8.76861
5808.71	8.76338
5810.1	8.75959
5811.49	8.75798
5812.18	8.7584
5812.88	8.75999
5813.57	8.76315
5814.26	8.7685
5814.96	8.77711
5815.65	8.791
5816	8.80121
5816.34	8.81493
5816.69	8.83393
5817.04	8.86106
5817.27	8.88606
5817.5	8.91865
5817.73	8.96159
5817.96	9.01843
5818.19	9.09406
5818.43	9.19361
5818.66	9.32447
5818.89	9.4952
5819	9.59907
5819.12	9.71692
5819.24	9.85022
5819.35	9.99917
5819.47	10.168
5819.58	10.3553
5819.7	10.5661
5819.81	10.7984
5819.93	11.0578
5820.04	11.3415
5820.16	11.6557
5820.27	11.9964
5820.39	12.3707
5820.51	12.773
5820.62	13.2109
5820.74	13.6772
5820.83	14.0778
5820.92	14.4946
5821.01	14.9362
5821.11	15.3926
5821.2	15.873
5821.29	16.3661
5821.48	17.4068
5821.66	18.5028
5821.85	19.6391
5822.22	21.9562
5822.39	23.0257
5822.56	24.0484
5822.74	25.0148
5822.91	25.8929
5823.1	26.7178
5823.19	27.0811
5823.28	27.4031
5823.4	27.7693
5823.52	28.0598
5823.65	28.2814
5823.81	28.4402
5823.9	28.4667
5823.91	28.467
5823.93	28.4661
5823.95	28.4631
5823.99	28.4503
5824.07	28.3992
5824.23	28.1757
5824.32	27.9947
5824.41	27.7749
5824.57	27.2997
5824.72	26.7155
5824.86	26.1083
5825	25.4371
5825.14	24.7076
5825.28	23.9304
5825.54	22.3674
5825.8	20.7488
5826.06	19.1281
5826.19	18.3405
5826.32	17.5742
5826.46	16.7842
5826.6	16.0349
5826.74	15.3199
5826.87	14.6523
5827.01	14.0246
5827.15	13.4471
5827.29	12.9154
5827.43	12.429
5827.56	11.984
5827.7	11.5851
5827.84	11.2269
5827.98	10.9071
5828.12	10.6212
5828.26	10.3706
5828.39	10.1504
5828.53	9.95772
5828.64	9.82205
5828.75	9.70082
5828.97	9.49663
5829.19	9.33562
5829.41	9.20996
5829.63	9.11134
5829.85	9.03442
5830.07	8.97433
5830.29	8.92731
5830.51	8.88988
5830.73	8.85989
5830.95	8.83551
5831.17	8.81547
5831.61	8.78408
5832.05	8.76051
5832.49	8.74172
5832.93	8.72617
5833.81	8.70129
5834.69	8.6818
5835.56	8.66582
5836.35	8.65367
5837.13	8.64297
5838.69	8.62469
5839.73	8.61414
5840.77	8.60455
5842.86	8.58737
5844.94	8.57204
5847.02	8.55798
5849.11	8.54484
5851.19	8.5324
5853.27	8.52052
5857.44	8.49793
5861.61	8.47648
5865.77	8.45595
5869.94	8.43614
5874.11	8.41694
5879.84	8.39138
5885.57	8.36668
5897.03	8.31946
5908.49	8.27472
5919.95	8.23209
5937.65	8.16978
5955.36	8.11097
5973.07	8.05511
5990.78	8.00167
6008.49	7.95019
6026.2	7.90028
6035.06	7.87582
6043.91	7.85166
6048.34	7.83969
6052.77	7.82783
6057.19	7.8161
6061.62	7.80455
6063.84	7.79887
6066.05	7.7933
6068.26	7.78788
6070.48	7.78268
6072.69	7.77781
6073.8	7.77555
6074.9	7.77347
6076.01	7.77163
6077.12	7.77012
6078.22	7.76907
6079.33	7.76871
6080.24	7.76917
6081.15	7.77069
6081.61	7.77204
6082.07	7.77396
6082.52	7.77669
6082.98	7.78062
6083.43	7.78652
6083.66	7.7906
6083.89	7.79577
6084.12	7.8024
6084.34	7.81097
6084.57	7.82213
6084.8	7.83666
6085.03	7.85579
6085.26	7.88084
6085.48	7.91354
6085.71	7.95599
6085.94	8.01068
6086.17	8.08046
6086.4	8.16856
6086.62	8.27792
6086.78	8.36683
6086.93	8.46858
6087.09	8.58426
6087.24	8.71394
6087.4	8.86015
6087.55	9.02167
6087.71	9.20101
6087.86	9.39601
6088.01	9.609
6088.17	9.8382
6088.33	10.0826
6088.48	10.3391
6088.63	10.6091
6088.79	10.8868
6089.1	11.4607
6089.36	11.946
6089.62	12.41
6089.75	12.63
6089.88	12.8358
6090.01	13.0266
6090.14	13.2001
6090.24	13.3272
6090.35	13.4402
6090.46	13.538
6090.56	13.6192
6090.67	13.6845
6090.77	13.7322
6090.87	13.7601
6090.96	13.7738
6091	13.7753
6091.09	13.769
6091.18	13.749
6091.29	13.7079
6091.4	13.6483
6091.58	13.511
6091.76	13.3295
6091.86	13.209
6091.96	13.078
6092.16	12.7836
6092.36	12.4551
6092.57	12.1034
6093.16	11.004
6093.31	10.7342
6093.45	10.4719
6093.6	10.2193
6093.75	9.97845
6093.9	9.74915
6094.05	9.53564
6094.2	9.33704
6094.34	9.15374
6094.49	8.98582
6094.64	8.83309
6094.79	8.69514
6094.94	8.57138
6095.1	8.44575
6095.27	8.33713
6095.44	8.24334
6095.61	8.16294
6095.87	8.06407
6096.12	7.98739
6096.37	7.92858
6096.63	7.88399
6096.8	7.86027
6096.97	7.84069
6097.14	7.82443
6097.3	7.81089
6097.62	7.79114
6097.94	7.77682
6098.26	7.76609
6098.57	7.75784
6098.89	7.75121
6099.21	7.74575
6099.84	7.73705
6100.48	7.73019
6101.11	7.7245
6101.75	7.71961
6102.38	7.71531
6103.65	7.70791
6104.92	7.70161
6106.19	7.69601
6107.46	7.69091
6108.81	7.68585
6110.17	7.68107
6112.37	7.67372
6114.57	7.66672
6116.77	7.65995
6118.97	7.65334
6121.17	7.64684
6123.37	7.64042
6127.77	7.62775
6132.17	7.61517
6136.57	7.60263
6140.97	7.59011
6145.37	7.57756
6150.11	7.564
6154.85	7.55038
6157.22	7.54356
6159.59	7.53674
6161.95	7.52992
6164.32	7.52316
6165.43	7.52006
6166.52	7.517
6167.62	7.51402
6168.72	7.51119
6169.28	7.50987
6169.83	7.50867
6170.38	7.50771
6170.65	7.50739
6170.93	7.50724
6171.2	7.50735
6171.48	7.50782
6171.75	7.50884
6172.03	7.51063
6172.16	7.51191
6172.3	7.5135
6172.44	7.51547
6172.57	7.51786
6172.71	7.52076
6172.85	7.52422
6172.99	7.52837
6173.12	7.53322
6173.3	7.54089
6173.49	7.55023
6173.66	7.56148
6173.85	7.57487
6174.02	7.59064
6174.2	7.60903
6174.39	7.63021
6174.56	7.65419
6174.92	7.71158
6175.28	7.78091
6175.64	7.86051
6176	7.94666
6176.3	8.01917
6176.6	8.08921
6176.89	8.15283
6177.19	8.20608
6177.44	8.2408
6177.69	8.26339
6177.93	8.27265
6178	8.27307
6178.02	8.27302
6178.07	8.27246
6178.12	8.27132
6178.23	8.26731
6178.49	8.24662
6178.57	8.23875
6178.64	8.22979
6178.91	8.18855
6179.17	8.13664
6179.44	8.07679
6179.71	8.01218
6180.32	7.86175
6180.62	7.79158
6180.92	7.72804
6181.23	7.67234
6181.53	7.62542
6181.83	7.58694
6182.14	7.55623
6182.37	7.53732
6182.6	7.52199
6182.83	7.50966
6183.06	7.49982
6183.3	7.49204
6183.53	7.48589
6183.76	7.48104
6183.99	7.4772
6184.22	7.47412
6184.46	7.47163
6184.69	7.46956
6184.92	7.46782
6185.15	7.4663
6185.38	7.46496
6185.85	7.46262
6186.31	7.46055
6186.78	7.45864
6187.7	7.45509
6188.63	7.45172
6189.56	7.44847
6191.27	7.44263
6192.99	7.43692
6194.7	7.43127
6196.41	7.42564
6199.84	7.4144
6203.27	7.4031
6210.12	7.38023
6223.83	7.33286
6236.39	7.287
6248.95	7.23829
6274.08	7.12993
6299.21	7.00146
6311.78	6.92678
6324.34	6.84287
6335.19	6.76114
6346.04	6.66873
6356.89	6.56291
6367.74	6.44022
6374.03	6.35935
6380.31	6.26978
6386.59	6.16992
6392.87	6.05778
6398.58	5.94306
6404.29	5.81375
6410.01	5.66691
6415.72	5.49909
6418.86	5.39602
6422	5.28433
6425.14	5.16307
6428.28	5.03128
6431.42	4.88809
6434.56	4.73283
6437.7	4.56549
6440.84	4.38746
6443.56	4.22837
6444.91	4.14887
6446.27	4.07105
6447.63	3.99679
6448.98	3.929
6450.34	3.87176
6451.69	3.83105
6452.84	3.81595
6453.98	3.82637
6454.62	3.84734
6455.26	3.88217
6455.91	3.93411
6456.55	4.00687
6457.19	4.10558
6457.51	4.16641
6457.83	4.23611
6458.16	4.316
6458.48	4.40676
6458.8	4.50996
6459.12	4.62714
6459.51	4.79217
6459.9	4.98448
6460.3	5.20848
6460.69	5.4687
6460.89	5.61526
6461.08	5.77273
6461.28	5.94371
6461.48	6.12754
6461.67	6.32729
6461.87	6.54227
6462.07	6.77488
6462.26	7.02673
6462.42	7.24924
6462.58	7.48701
6462.74	7.74121
6462.9	8.01136
6463.06	8.30225
6463.23	8.61175
6463.39	8.94539
6463.55	9.30083
6463.71	9.68446
6463.87	10.0937
6464.03	10.536
6464.19	11.0084
6464.35	11.5196
6464.51	12.0663
6464.67	12.6588
6464.83	13.2932
6465.03	14.1426
6465.22	15.0701
6465.42	16.0939
6465.62	17.2133
6465.81	18.4502
6466.01	19.8036
6466.2	21.2919
6466.4	22.9285
6466.6	24.7371
6466.79	26.7145
6466.99	28.8853
6467.19	31.2656
6467.38	33.8858
6467.58	36.7359
6467.78	39.8447
6467.97	43.2273
6468.17	46.9172
6468.36	50.8887
6468.56	55.1691
6468.76	59.7644
6468.95	64.7025
6469.15	69.9304
6469.34	75.4643
6469.54	81.2898
6469.74	87.5767
6469.95	94.1205
6470.35	107.78
6470.75	121.929
6471.15	135.971
6471.39	143.753
6471.62	151.189
6471.85	158.156
6472.08	164.508
6472.31	170.187
6472.54	175.046
6472.77	179.041
6473	182.073
6473.15	183.551
6473.31	184.577
6473.56	185.273
6473.81	184.781
6474.06	183.142
6474.31	180.427
6474.56	176.729
6474.81	172.162
6475.06	166.855
6475.31	160.968
6475.69	151.058
6476.07	140.539
6476.46	129.847
6476.84	119.372
6477.03	114.322
6477.22	109.441
6477.41	104.721
6477.6	100.18
6477.78	95.8053
6477.97	91.6519
6478.16	87.7001
6478.35	83.9508
6478.61	79.139
6478.87	74.7108
6479.13	70.6316
6479.39	66.8821
6479.64	63.4405
6479.9	60.2843
6480.16	57.3902
6480.42	54.736
6480.61	52.9221
6480.8	51.2271
6481.17	48.1264
6481.55	45.3779
6481.93	42.939
6482.31	40.7549
6482.69	38.7966
6483.07	37.0337
6483.45	35.4445
6483.83	33.999
6484.2	32.6864
6484.58	31.484
6484.96	30.385
6485.34	29.372
6485.72	28.4407
6486.1	27.5775
6486.48	26.7797
6487.1	25.5912
6487.72	24.5316
6488.34	23.5818
6488.95	22.7274
6489.57	21.9528
6490.19	21.2499
6490.81	20.6075
6491.43	20.0201
6492.19	19.3653
6492.95	18.773
6493.7	18.2344
6494.46	17.7427
6495.22	17.2921
6495.98	16.8779
6497.49	16.1426
6499.14	15.4568
6500.79	14.869
6502.45	14.3597
6504.1	13.9145
6505.61	13.5526
6507.13	13.2283
6508.64	12.9358
6510.16	12.6712
6513.19	12.2104
6516.21	11.8233
6519.24	11.4935
6522.27	11.2092
6525.3	10.9616
6528.33	10.7442
6533.84	10.4099
6539.34	10.1353
6544.85	9.90574
6550.36	9.71085
6556.41	9.52758
6562.47	9.36997
6568.53	9.23274
6574.59	9.11194
6585.05	8.93391
6595.52	8.78476
6605.98	8.65741
6616.44	8.54661
6628.56	8.4341
6640.67	8.3345
6652.79	8.24465
6664.91	8.16213
6679.22	8.07143
6693.54	7.98565
6700.7	7.94393
6707.86	7.90254
6715.02	7.86138
6722.18	7.82035
6727.14	7.79211
6729.61	7.77813
6732.09	7.76431
6734.57	7.75084
6737.05	7.73796
6739.53	7.72612
6740.77	7.72083
6742	7.7162
6743.17	7.71269
6744.34	7.71043
6745.51	7.71002
6746.68	7.7125
6747.27	7.71539
6747.86	7.71989
6748.44	7.72669
6749.03	7.737
6749.61	7.75316
6749.9	7.7648
6750.2	7.77997
6750.49	7.80016
6750.78	7.82722
6751.07	7.86409
6751.37	7.91427
6751.58	7.96289
6751.8	8.02375
6752.01	8.09998
6752.23	8.19506
6752.44	8.31355
6752.66	8.45878
6752.87	8.63609
6753.09	8.85057
6753.3	9.10876
6753.52	9.41336
6753.73	9.77015
6753.95	10.183
6754.16	10.6547
6754.38	11.1865
6754.59	11.7775
6754.81	12.4248
6754.96	12.9232
6755.12	13.4449
6755.43	14.5386
6756.05	16.7941
6756.21	17.3648
6756.38	17.9076
6756.54	18.4135
6756.7	18.8713
6756.89	19.3352
6757.08	19.7167
6757.19	19.9
6757.3	20.0492
6757.49	20.2205
6757.6	20.2702
6757.7	20.2877
6757.71	20.2877
6757.74	20.2862
6757.76	20.2826
6757.82	20.2687
6757.93	20.2151
6758.04	20.1244
6758.15	19.9996
6758.28	19.8039
6758.41	19.5615
6758.63	19.0716
6758.85	18.4836
6759.04	17.8882
6759.23	17.2452
6759.43	16.5661
6759.62	15.8652
6760.03	14.3622
6760.24	13.6319
6760.44	12.9364
6760.65	12.278
6760.85	11.6699
6761.06	11.1106
6761.26	10.6079
6761.49	10.1084
6761.72	9.67532
6761.95	9.30516
6762.18	8.99409
6762.41	8.73355
6762.64	8.5196
6762.87	8.3441
6763.1	8.20258
6763.33	8.08824
6763.56	7.99712
6763.79	7.92407
6764.02	7.86605
6764.25	7.81945
6764.48	7.78217
6764.71	7.75185
6764.94	7.72716
6765.4	7.68934
6765.86	7.66193
6766.32	7.6408
6766.77	7.62366
6767.23	7.60915
6767.69	7.59655
6768.61	7.57523
6769.53	7.55734
6770.45	7.54174
6771.37	7.52769
6772.28	7.51475
6774.12	7.49106
6775.96	7.46918
6777.8	7.44826
6779.63	7.42778
6782.34	7.39773
6785.05	7.36729
6790.46	7.30358
6794.71	7.24925
6798.97	7.18983
6803.22	7.12392
6807.47	7.04981
6811.53	6.96933
6815.59	6.8768
6819.65	6.76867
6823.71	6.64023
6825.84	6.56251
6827.97	6.47595
6830.09	6.37882
6832.22	6.26915
6834.35	6.14423
6836.47	6.00088
6838.6	5.83507
6839.66	5.74226
6840.73	5.64215
6841.79	5.53397
6842.86	5.41754
6843.92	5.29263
6844.98	5.16033
6846.05	5.02311
6846.58	4.95456
6847.11	4.88807
6847.64	4.82578
6848.17	4.77176
6848.7	4.732
6849.24	4.71686
6849.5	4.72346
6849.77	4.74341
6850.03	4.78074
6850.3	4.84066
6850.57	4.92987
6850.7	4.98807
6850.83	5.05698
6850.96	5.13805
6851.1	5.2329
6851.23	5.34332
6851.36	5.47029
6851.48	5.60374
6851.6	5.7554
6851.73	5.92728
6851.85	6.12156
6851.97	6.34059
6852.09	6.58692
6852.21	6.86326
6852.33	7.16982
6852.45	7.51476
6852.57	7.8989
6852.69	8.32566
6852.81	8.79446
6852.93	9.31674
6853.05	9.89255
6853.18	10.5257
6853.3	11.214
6853.43	12.0516
6853.56	12.9727
6853.69	13.982
6853.83	15.0839
6853.96	16.2826
6854.09	17.5817
6854.23	18.9842
6854.36	20.4804
6854.48	22.0194
6854.61	23.6563
6854.74	25.3905
6854.87	27.2204
6854.99	29.1435
6855.12	31.1561
6855.25	33.253
6855.37	35.4108
6855.64	40.1849
6855.9	45.1826
6856.17	50.2956
6856.44	55.3964
6856.7	60.3257
6856.84	62.6964
6856.97	64.9564
6857.15	67.8261
6857.32	70.4534
6857.5	72.7994
6857.68	74.8192
6857.84	76.361
6858	77.6032
6858.19	78.6883
6858.4	79.3294
6858.61	79.4213
6858.82	78.9759
6859.03	78.0217
6859.27	76.3607
6859.51	74.1547
6859.75	71.4858
6859.98	68.4443
6860.22	65.1245
6860.46	61.6351
6860.7	58.0355
6860.94	54.4364
6861.17	50.8784
6861.41	47.4503
6861.65	44.17
6861.89	41.0992
6862.05	39.1248
6862.21	37.2569
6862.37	35.4978
6862.53	33.8482
6862.7	32.307
6862.86	30.8718
6863.02	29.5392
6863.18	28.3124
6863.42	26.6667
6863.66	25.2059
6863.89	23.9121
6864.13	22.7719
6864.37	21.7584
6864.61	20.8643
6864.84	20.067
6865.08	19.3602
6865.32	18.7261
6865.56	18.1576
6865.8	17.6459
6866.03	17.185
6866.27	16.7647
6866.51	16.383
6866.98	15.7107
6867.41	15.1868
6867.85	14.7294
6868.28	14.3261
6868.71	13.9678
6869.14	13.647
6869.57	13.358
6870.44	12.8584
6871.39	12.4021
6872.34	12.0211
6873.29	11.6978
6874.24	11.42
6875.62	11.0788
6877	10.7957
6878.39	10.5568
6879.77	10.3523
6881.67	10.1149
6883.57	9.9168
6885.47	9.74896
6887.37	9.605
6890.31	9.41863
6893.24	9.26573
6896.18	9.13779
6899.12	9.02922
6903.61	8.89171
6908.1	8.78025
6912.6	8.68846
6917.09	8.61153
6919.85	8.57024
6927.45	8.47596
6935.06	8.40451
6942.66	8.35162
6950.26	8.31544
6953.03	8.30638
6958.56	8.29516
6964.08	8.29405
6969.61	8.30471
6975.14	8.33043
6978.94	8.35913
6982.74	8.39931
6986.55	8.45412
6990.35	8.52805
6993.63	8.61223
6996.91	8.7216
7000.2	8.86485
7001.84	8.95304
7003.48	9.05513
7005.38	9.19466
7007.28	9.36235
7009.18	9.56596
7011.08	9.8157
7012.98	10.1264
7013.93	10.3106
7014.88	10.5185
7015.83	10.7544
7016.78	11.023
7017.73	11.3307
7018.68	11.6857
7019.72	12.1392
7020.76	12.6786
7021.28	12.9878
7021.79	13.3271
7022.31	13.7014
7022.83	14.1157
7023.31	14.5366
7023.78	15.0008
7024.26	15.5153
7024.73	16.088
7025.21	16.7294
7025.68	17.4479
7026.16	18.2584
7026.63	19.1774
7027.04	20.0759
7027.45	21.0847
7027.86	22.2257
7028.27	23.5231
7028.48	24.2432
7028.68	25.0107
7028.89	25.834
7029.09	26.7183
7029.3	27.6697
7029.5	28.6948
7029.71	29.8011
7029.91	30.9967
7030.15	32.5088
7030.39	34.162
7030.63	35.9875
7030.86	37.9894
7031.1	40.2055
7031.34	42.6402
7031.58	45.3385
7031.81	48.3039
7032.05	51.5882
7032.29	55.2072
7032.53	59.1879
7032.76	63.537
7033	68.3142
7033.24	73.4983
7033.48	79.146
7033.72	85.2159
7033.95	91.7553
7034.19	98.6946
7034.43	106.064
7034.66	113.76
7034.9	121.789
7035.14	130.01
7035.62	146.784
7036.09	163.085
7036.32	170.771
7036.56	177.934
7036.79	184.494
7037.03	190.263
7037.27	195.165
7037.5	199.053
7037.68	201.25
7037.85	202.819
7038.02	203.739
7038.2	203.998
7038.43	203.34
7038.66	201.579
7038.88	198.737
7039.11	194.899
7039.34	190.112
7039.57	184.515
7039.79	178.171
7040.02	171.254
7040.44	157.299
7040.86	142.505
7041.28	127.593
7041.7	113.198
7041.92	106.086
7042.13	99.3016
7042.35	92.8168
7042.56	86.715
7042.78	80.9544
7043	75.5943
7043.22	70.5841
7043.43	65.9632
7043.65	61.6771
7043.86	57.75
7044.08	54.1434
7044.3	50.8379
7044.51	47.7995
7044.73	45.0352
7044.95	42.5098
7045.16	40.203
7045.32	38.6431
7045.48	37.1917
7045.63	35.8235
7045.79	34.5495
7045.95	33.3475
7046.11	32.2269
7046.26	31.1747
7046.42	30.1861
7046.74	28.3758
7047.05	26.7702
7047.36	25.3409
7047.68	24.0679
7047.9	23.2658
7048.11	22.5238
7048.33	21.8299
7048.55	21.1859
7048.98	20.019
7049.41	18.9975
7049.84	18.094
7050.27	17.2944
7050.71	16.5802
7051.14	15.9423
7051.57	15.3675
7052.01	14.8489
7052.44	14.3794
7052.87	13.9538
7053.3	13.565
7053.74	13.2097
7054.6	12.5856
7055.43	12.0782
7056.25	11.641
7057.08	11.2612
7057.91	10.9293
7058.73	10.6372
7059.56	10.379
7060.38	10.1494
7061.21	9.94453
7062.07	9.75209
7062.94	9.57975
7064.67	9.28427
7066.4	9.04091
7068.13	8.83794
7069.39	8.71045
7070.65	8.59703
7073.17	8.40433
7075.68	8.24667
7078.2	8.11527
7079.93	8.03688
7081.66	7.96643
7085.12	7.84462
7088.58	7.74229
7092.05	7.65446
7093.78	7.61492
7095.51	7.57797
7097.24	7.54351
7098.97	7.51161
7100.7	7.48255
7102.43	7.45705
7104.16	7.43645
7105.89	7.42334
7107.15	7.42125
7107.9	7.4245
7108.64	7.43244
7109.39	7.44674
7110.14	7.46985
7110.89	7.50568
7111.63	7.56055
7112.01	7.59852
7112.38	7.64624
7112.76	7.70732
7113.13	7.78641
7113.5	7.89138
7113.88	8.03316
7114.25	8.22835
7114.44	8.35317
7114.62	8.50032
7114.81	8.67605
7115	8.88513
7115.18	9.13402
7115.37	9.42844
7115.56	9.78005
7115.74	10.197
7115.93	10.6901
7116.12	11.2678
7116.23	11.6517
7116.33	12.0685
7116.44	12.524
7116.55	13.0211
7116.66	13.5624
7116.77	14.1507
7116.87	14.7888
7116.98	15.4793
7117.09	16.232
7117.2	17.0355
7117.31	17.8987
7117.41	18.8238
7117.52	19.8125
7117.63	20.8664
7117.74	21.9866
7117.85	23.1738
7117.96	24.4402
7118.06	25.7624
7118.17	27.151
7118.28	28.6045
7118.39	30.1353
7118.5	31.7127
7118.71	35.0343
7118.92	38.3982
7119.13	41.8803
7119.54	49.0579
7119.76	52.8002
7119.97	56.4013
7120.19	59.7942
7120.4	62.8942
7120.62	65.6202
7120.73	66.8194
7120.84	67.8981
7120.95	68.8733
7121.06	69.7059
7121.17	70.3897
7121.28	70.9157
7121.39	71.2894
7121.5	71.5015
7121.53	71.5335
7121.64	71.5443
7121.74	71.4153
7121.84	71.1484
7121.95	70.7457
7122.1	69.8778
7122.26	68.725
7122.41	67.3409
7122.56	65.7205
7122.76	63.3466
7122.95	60.6949
7123.1	58.4405
7123.25	56.0712
7123.56	51.1036
7123.86	45.9987
7124.17	40.9904
7124.4	37.2796
7124.52	35.4912
7124.64	33.7756
7124.75	32.1085
7124.87	30.5223
7124.99	28.9929
7125.11	27.5486
7125.26	25.7706
7125.41	24.1294
7125.56	22.6125
7125.72	21.2176
7125.87	19.9411
7126.02	18.7781
7126.17	17.7232
7126.32	16.7699
7126.45	16.0192
7126.59	15.3406
7126.72	14.719
7126.85	14.1593
7126.98	13.6485
7127.11	13.19
7127.24	12.7756
7127.37	12.4013
7127.51	12.061
7127.64	11.7563
7127.77	11.4793
7127.9	11.2312
7128.16	10.8026
7128.43	10.4524
7128.6	10.2478
7128.79	10.0677
7129.14	9.76716
7129.5	9.52639
7129.86	9.33045
7130.22	9.16683
7130.58	9.02842
7130.94	8.9088
7131.3	8.80461
7131.91	8.65449
7132.52	8.53004
7133.13	8.42471
7133.73	8.33424
7134.95	8.18635
7136.17	8.07038
7137.27	7.98424
7138.38	7.91178
7139.49	7.8497
7140.59	7.79572
7142.81	7.70587
7145.02	7.6334
7146.79	7.58426
7148.56	7.54099
7152.1	7.4673
7155.64	7.40541
7159.18	7.35151
7162.49	7.30604
7165.81	7.26414
7172.45	7.18756
7179.09	7.11674
7185.72	7.04881
7195.46	6.95063
7205.19	6.85054
7214.93	6.7453
7224.66	6.63194
7234.4	6.50736
7244.13	6.36796
7253.86	6.20931
7263.6	6.0257
7268.91	5.91265
7274.22	5.78827
7279.53	5.65087
7284.84	5.49843
7289.7	5.34334
7294.57	5.17151
7299.44	4.98079
7304.3	4.76941
7308.73	4.55882
7310.94	4.44747
7313.15	4.33287
7315.37	4.21619
7317.58	4.09952
7319.79	3.98606
7322	3.88115
7323.55	3.81733
7325.1	3.7664
7326.65	3.73469
7327.42	3.72877
7328.2	3.73139
7329.41	3.75735
7330.02	3.78281
7330.63	3.81841
7331.24	3.86596
7331.85	3.92736
7332.46	4.0052
7333.07	4.10211
7333.67	4.22185
7334.28	4.36814
7334.89	4.54615
7335.19	4.6489
7335.5	4.76194
7335.8	4.88669
7336.11	5.0234
7336.41	5.17366
7336.72	5.3388
7337.02	5.5203
7337.32	5.71984
7337.63	5.93925
7337.93	6.18064
7338.26	6.4721
7338.6	6.79601
7338.93	7.15627
7339.26	7.55737
7339.59	8.00444
7339.92	8.50334
7340.26	9.06085
7340.59	9.68273
7340.89	10.3218
7341.2	11.0299
7341.5	11.818
7341.8	12.6963
7341.96	13.1729
7342.11	13.6766
7342.26	14.2091
7342.41	14.7722
7342.56	15.3678
7342.72	15.9981
7342.87	16.6652
7343.02	17.3715
7343.17	18.1246
7343.33	18.9171
7343.48	19.7568
7343.63	20.6465
7343.78	21.5893
7343.93	22.5885
7344.09	23.6475
7344.24	24.7697
7344.39	25.967
7344.54	27.2276
7344.69	28.563
7344.85	29.9772
7345	31.4744
7345.15	33.0589
7345.3	34.7348
7345.45	36.5063
7345.61	38.3904
7345.76	40.3666
7345.91	42.4507
7346.06	44.6467
7346.21	46.958
7346.37	49.3879
7346.52	51.9392
7346.67	54.6143
7346.82	57.4149
7346.98	60.3424
7347.13	63.397
7347.28	66.5786
7347.58	73.3165
7347.89	80.5342
7348.21	88.5799
7348.52	97.013
7349.16	114.741
7349.48	123.774
7349.8	132.669
7350.12	141.304
7350.43	149.437
7350.62	153.854
7350.8	157.991
7350.98	161.843
7351.17	165.376
7351.35	168.564
7351.53	171.381
7351.72	173.805
7351.9	175.819
7352.11	177.607
7352.32	178.825
7352.49	179.392
7352.66	179.578
7352.83	179.388
7353	178.835
7353.34	176.677
7353.69	173.225
7354.03	168.623
7354.37	163.082
7354.71	156.79
7355.05	149.948
7355.59	138.502
7356.13	126.843
7356.39	121.108
7356.66	115.507
7356.93	110.083
7357.2	104.867
7357.47	99.9174
7357.74	95.2105
7358	90.7539
7358.27	86.5502
7358.54	82.5972
7358.8	78.8893
7359.07	75.4181
7359.34	72.185
7359.65	68.62
7359.97	65.3449
7360.28	62.318
7360.6	59.5374
7360.91	56.9655
7361.23	54.5996
7361.55	52.4067
7361.86	50.3845
7362.13	48.7872
7362.39	47.2884
7362.93	44.5559
7363.46	42.133
7364	39.9787
7364.53	38.0474
7365.06	36.3118
7365.6	34.7457
7366.13	33.3297
7366.66	32.0397
7367.2	30.8629
7367.73	29.7857
7368.27	28.7986
7368.8	27.8879
7369.33	27.0471
7369.87	26.2688
7370.4	25.5481
7371.23	24.53
7372.05	23.6153
7372.88	22.7896
7373.7	22.0409
7374.53	21.3592
7375.35	20.7362
7376.18	20.1649
7377	19.6394
7378.07	19.0188
7379.14	18.4572
7380.2	17.9467
7381.27	17.4814
7382.34	17.0549
7383.41	16.6633
7385.54	15.9683
7388.07	15.2714
7390.59	14.6815
7393.11	14.1761
7395.64	13.738
7397.77	13.4104
7399.91	13.1163
7404.18	12.6102
7408.45	12.1906
7412.72	11.8372
7416.99	11.5356
7421.26	11.2752
7425.53	11.0482
7429.8	10.8488
7438.34	10.5139
7446.88	10.2436
7455.42	10.021
7463.96	9.83441
7474.05	9.64923
7484.15	9.49354
7494.24	9.36109
7504.33	9.24617
7516.76	9.12442
7529.18	9.01991
7554.02	8.84942
7569.55	8.76251
7585.08	8.68703
7600.61	8.62099
7616.14	8.5628
7627.01	8.52635
7637.88	8.49303
7648.75	8.46283
7659.61	8.43585
7668.16	8.41718
7676.7	8.40122
7685.24	8.3887
7689.51	8.38414
7693.78	8.38104
7699.99	8.38002
7703.1	8.38155
7706.2	8.38489
7709.31	8.39045
7712.41	8.39897
7715.52	8.41149
7718.62	8.42936
7721.73	8.45472
7723.28	8.47117
7724.83	8.49082
7726.39	8.51445
7727.94	8.54307
7729.49	8.57804
7731.05	8.62113
7732.02	8.6533
7732.99	8.69041
7733.96	8.73349
7734.93	8.78375
7735.9	8.84296
7736.87	8.91319
7737.84	8.99753
7738.81	9.09983
7739.34	9.16579
7739.88	9.24011
7740.41	9.32427
7740.94	9.41994
7741.48	9.52985
7742.01	9.6568
7742.55	9.80473
7743.08	9.97845
7743.44	10.1156
7743.81	10.2709
7744.17	10.4482
7744.54	10.6521
7744.9	10.8885
7745.26	11.1653
7745.63	11.4926
7745.99	11.8823
7746.26	12.2188
7746.52	12.6067
7746.79	13.0557
7747.06	13.5774
7747.33	14.1851
7747.59	14.8939
7747.86	15.721
7747.99	16.1829
7748.13	16.6811
7748.32	17.4828
7748.52	18.3712
7748.71	19.3583
7748.9	20.4517
7749.1	21.6587
7749.29	22.9857
7749.49	24.4381
7749.68	26.0197
7749.81	27.1889
7749.95	28.4114
7750.08	29.7053
7750.21	31.05
7750.35	32.464
7750.48	33.9238
7750.75	37.0102
7751.01	40.2738
7751.28	43.6662
7751.81	50.5684
7752.08	53.8751
7752.34	57.0031
7752.6	59.891
7752.86	62.433
7753.11	64.4606
7753.35	66.0621
7753.48	66.6904
7753.6	67.1911
7753.73	67.5687
7753.85	67.8145
7754	67.9385
7754.12	67.8917
7754.25	67.7147
7754.37	67.406
7754.49	66.9732
7754.62	66.4128
7754.74	65.7384
7754.99	64.0497
7755.17	62.5006
7755.36	60.7573
7755.55	58.8409
7755.73	56.7819
7756.09	52.5589
7756.44	48.1517
7756.72	44.755
7756.99	41.4734
7757.27	38.3699
7757.41	36.9053
7757.54	35.5081
7757.72	33.8035
7757.9	32.2431
7758.07	30.819
7758.25	29.5551
7758.43	28.4438
7758.61	27.503
7758.78	26.726
7758.96	26.1248
7759.07	25.8314
7759.19	25.609
7759.3	25.4579
7759.41	25.3781
7759.53	25.3696
7759.64	25.4322
7759.75	25.5656
7759.87	25.769
7760	26.0889
7760.12	26.4956
7760.28	27.0948
7760.43	27.8086
7760.59	28.6413
7760.74	29.5756
7760.89	30.6161
7761.05	31.7405
7761.2	32.9451
7761.35	34.2185
7761.71	37.3648
7762.06	40.6259
7762.35	43.2374
7762.64	45.6614
7762.82	46.9992
7763	48.1885
7763.18	49.213
7763.35	50.0516
7763.56	50.783
7763.77	51.1994
7763.89	51.2891
7764	51.283
7764.21	51.0139
7764.42	50.413
7764.58	49.7438
7764.74	48.8999
7764.97	47.4471
7765.19	45.7134
7765.44	43.5397
7765.68	41.148
7766	37.8991
7766.31	34.5606
7766.55	31.9425
7766.8	29.3967
7767.05	26.9685
7767.17	25.8101
7767.29	24.7024
7767.4	23.767
7767.5	22.8752
7767.61	22.0192
7767.71	21.1998
7767.82	20.4174
7767.93	19.6725
7768.03	18.9648
7768.14	18.2942
7768.25	17.6544
7768.35	17.0567
7768.46	16.4941
7768.56	15.9657
7768.67	15.4704
7768.78	15.0069
7768.99	14.1705
7769.16	13.5875
7769.32	13.069
7769.49	12.6094
7769.66	12.2054
7769.83	11.8467
7769.99	11.5328
7770.16	11.2549
7770.33	11.012
7770.5	10.7972
7770.66	10.6093
7771	10.2968
7771.33	10.0522
7771.67	9.8583
7771.94	9.73039
7772.21	9.62201
7772.74	9.44743
7773.28	9.31221
7773.81	9.20338
7774.35	9.11299
7774.89	9.0365
7775.42	8.97056
7775.96	8.91297
7776.94	8.82402
7777.93	8.75155
7778.91	8.69122
7779.89	8.6402
7780.88	8.59643
7781.86	8.55857
7782.84	8.52545
7783.83	8.49626
7785.7	8.44912
7787.58	8.4106
7789.46	8.37851
7791.33	8.35136
7793.21	8.32809
7795.09	8.30789
7798.84	8.27449
7801.7	8.25375
7804.56	8.23597
7807.42	8.22043
7810.28	8.2067
7816	8.18336
7821.72	8.16398
7827.44	8.14737
7833.16	8.1328
7838.89	8.11971
7844.6	8.10774
7850.33	8.09667
7856.05	8.08633
7867.49	8.06734
7878.93	8.05005
7887.51	8.03793
7896.09	8.02638
7913.25	8.00469
7928.98	7.98611
7944.71	7.96846
7960.44	7.9516
7976.18	7.93544
8007.64	7.90468
8039.1	7.87559
8079.14	7.84028
8119.19	7.80614
8159.23	7.77237
8199.27	7.73818
8245.04	7.69702
8267.92	7.67486
8290.8	7.651
8307.96	7.63156
8325.12	7.61027
8340.85	7.5886
8356.59	7.56414
8372.32	7.53585
8388.05	7.50208
8396.63	7.48054
8405.21	7.45592
8413.79	7.42736
8422.37	7.3936
8429.52	7.36011
8436.67	7.32004
8443.82	7.27085
8447.4	7.24174
8450.97	7.20874
8454.91	7.1667
8458.84	7.11703
8462.77	7.05732
8466.7	6.98391
8469.57	6.91883
8472.43	6.84047
8475.29	6.7441
8476.72	6.687
8478.15	6.62235
8480.11	6.51816
8482.08	6.39124
8483.06	6.31694
8484.05	6.2339
8485.03	6.14084
8486.01	6.03665
8486.59	5.96972
8487.17	5.89936
8487.75	5.82707
8488.33	5.75655
8488.92	5.69581
8489.5	5.66116
8489.79	5.66251
8490.08	5.68357
8490.37	5.7322
8490.66	5.81789
8490.84	5.89461
8491.02	5.99355
8491.2	6.11858
8491.37	6.27302
8491.55	6.46328
8491.73	6.6937
8491.91	6.96979
8492.09	7.29536
8492.27	7.68011
8492.36	7.89724
8492.45	8.12856
8492.54	8.38007
8492.63	8.64693
8492.72	8.93259
8492.8	9.23776
8492.89	9.56693
8492.98	9.91346
8493.07	10.2858
8493.16	10.6762
8493.25	11.094
8493.34	11.5305
8493.43	11.9906
8493.52	12.4745
8493.69	13.4541
8493.85	14.5207
8494.02	15.6738
8494.19	16.9044
8494.36	18.2236
8494.52	19.6112
8494.69	21.0772
8494.86	22.5959
8495.06	24.4909
8495.26	26.4402
8495.46	28.4203
8495.66	30.4054
8495.91	32.8003
8496.16	35.1061
8496.38	37.0816
8496.6	38.8893
8496.81	40.4261
8497.03	41.7564
8497.21	42.7387
8497.4	43.5237
8497.53	43.9386
8497.65	44.2605
8497.77	44.4865
8497.9	44.6199
8498.02	44.6588
8498.21	44.544
8498.4	44.2271
8498.58	43.7309
8498.76	43.0635
8498.94	42.279
8499.11	41.372
8499.29	40.3484
8499.46	39.2367
8499.83	36.6697
8500.19	33.9308
8500.43	32.1563
8500.66	30.4015
8500.89	28.6946
8501.12	27.0659
8501.31	25.843
8501.49	24.682
8501.67	23.5878
8501.85	22.5634
8502.04	21.6103
8502.22	20.729
8502.4	19.9183
8502.59	19.1804
8502.82	18.3311
8503.05	17.5825
8503.28	16.9269
8503.52	16.3587
8503.75	15.8646
8503.98	15.4394
8504.22	15.0756
8504.45	14.7676
8504.71	14.473
8504.98	14.2337
8505.25	14.0428
8505.51	13.8953
8505.78	13.787
8506.04	13.7151
8506.31	13.6778
8506.58	13.6745
8506.93	13.7227
8507.27	13.8341
8507.62	14.0163
8507.97	14.2809
8508.32	14.6443
8508.5	14.8702
8508.67	15.1282
8508.84	15.4248
8509.02	15.7608
8509.19	16.1448
8509.37	16.5774
8509.55	17.0931
8509.73	17.6778
8509.92	18.3389
8510.1	19.0843
8510.28	19.9222
8510.47	20.8608
8510.65	21.9087
8510.83	23.0674
8511.01	24.3577
8511.2	25.7808
8511.38	27.3431
8511.56	29.0499
8511.75	30.9049
8511.93	32.9097
8512.11	35.064
8512.29	37.3516
8512.54	40.7186
8512.79	44.3075
8513.04	48.1104
8513.29	52.0486
8514.02	63.8564
8514.39	69.4391
8514.57	72.0247
8514.76	74.425
8514.97	76.9063
8515.17	79.0397
8515.38	80.8022
8515.59	82.1406
8515.72	82.7388
8515.85	83.1685
8515.97	83.4262
8516.1	83.5098
8516.31	83.2738
8516.51	82.583
8516.72	81.4514
8516.92	79.9019
8517.08	78.5084
8517.23	76.9302
8517.38	75.1627
8517.53	73.2474
8517.82	69.2372
8518.1	64.8742
8518.99	50.5008
8519.28	45.9732
8519.56	41.6867
8519.85	37.6886
8519.99	35.812
8520.13	34.0219
8520.28	32.3093
8520.42	30.6992
8520.56	29.1798
8520.71	27.7506
8520.85	26.4103
8520.99	25.1569
8521.14	23.9879
8521.28	22.9004
8521.41	21.9728
8521.54	21.1143
8521.67	20.3148
8521.8	19.5712
8521.93	18.8755
8522.06	18.2352
8522.19	17.6417
8522.32	17.0921
8522.45	16.5798
8522.58	16.1096
8522.71	15.6748
8522.84	15.2729
8523.1	14.5576
8523.36	13.9455
8523.65	13.3705
8523.93	12.8847
8524.22	12.4694
8524.51	12.1144
8524.8	11.8069
8525.08	11.5404
8525.37	11.3068
8525.65	11.1007
8526.15	10.796
8526.64	10.5433
8527.14	10.3295
8527.63	10.1468
8528.62	9.84974
8529.61	9.61858
8530.86	9.39071
8532.11	9.2128
8533.36	9.06991
8534.61	8.95255
8535.75	8.86182
8536.9	8.7838
8539.19	8.65614
8541.48	8.55585
8543.77	8.47483
8545.64	8.41909
8547.52	8.37079
8551.27	8.29076
8555.01	8.22686
8558.76	8.17448
8563.34	8.12175
8567.92	8.07814
8572.5	8.04132
8577.08	8.00975
8581.67	7.98223
8586.25	7.95792
8595.41	7.91679
8604.57	7.88306
8613.73	7.85465
8627.06	7.8201
8637.06	7.79808
8646.22	7.78008
8655.38	7.76368
8673.7	7.73468
8692.03	7.70929
8710.35	7.68636
8723.68	7.67074
8730.34	7.66318
8750.33	7.6411
8770.32	7.61936
8783.65	7.60473
8796.98	7.58969
8823.63	7.55701
8836.95	7.53836
8850.28	7.51711
8866.94	7.48458
8875.27	7.46433
8883.6	7.43994
8891.93	7.40938
8896.09	7.39082
8900.26	7.36924
8904.84	7.34074
8909.42	7.30539
8911.71	7.28424
8914	7.26008
8916.29	7.23214
8918.58	7.19941
8921.29	7.1526
8922.64	7.12489
8924	7.09353
8925.35	7.05764
8926.7	7.01619
8928.06	6.96768
8929.41	6.91015
8930.19	6.87174
8930.97	6.82864
8931.75	6.77987
8932.53	6.72423
8933.31	6.66019
8934.09	6.5862
8934.49	6.54512
8934.88	6.50167
8935.27	6.45639
8935.66	6.41068
8935.9	6.38253
8936.15	6.35636
8936.4	6.33347
8936.65	6.3157
8936.89	6.30547
8937.14	6.30593
8937.39	6.32089
8937.63	6.355
8937.88	6.41413
8938.13	6.50431
8938.38	6.63305
8938.62	6.80847
8938.87	7.04028
8939.12	7.33561
8939.24	7.51092
8939.36	7.7041
8939.49	7.91932
8939.61	8.15402
8939.76	8.45678
8939.9	8.78839
8940.04	9.15173
8940.18	9.54739
8940.33	9.97567
8940.47	10.4365
8940.61	10.9293
8940.76	11.4532
8940.9	12.0109
8941.04	12.5926
8941.33	13.8299
8941.62	15.1441
8941.9	16.5034
8942.09	17.3794
8942.27	18.2425
8942.45	19.0862
8942.63	19.8987
8942.76	20.4285
8942.88	20.9309
8943	21.4105
8943.12	21.8563
8943.26	22.3141
8943.4	22.7245
8943.54	23.1049
8943.7	23.4602
8943.8	23.65
8943.84	23.7233
8943.94	23.8618
8944.03	23.9721
8944.15	24.073
8944.27	24.1305
8944.39	24.1446
8944.51	24.1162
8944.7	23.9791
8944.9	23.7357
8945.05	23.4752
8945.2	23.1602
8945.35	22.7938
8945.5	22.3814
8945.74	21.6511
8945.98	20.8429
8946.45	19.0885
8946.67	18.266
8946.89	17.4489
8947.1	16.6498
8947.32	15.8793
8947.53	15.146
8947.75	14.4566
8947.97	13.8155
8948.18	13.2254
8948.38	12.7374
8948.57	12.2938
8948.76	11.8891
8948.96	11.5257
8949.15	11.1978
8949.35	10.9063
8949.54	10.6455
8949.74	10.4153
8949.93	10.2106
8950.13	10.0306
8950.32	9.87092
8950.51	9.7307
8950.71	9.60619
8950.9	9.49659
8951.1	9.39888
8951.29	9.3124
8951.62	9.18754
8951.94	9.0832
8952.27	8.99451
8952.59	8.91806
8952.91	8.85125
8953.24	8.79213
8953.89	8.69143
8954.53	8.60787
8955.18	8.53699
8955.83	8.47571
8956.48	8.42201
8957.52	8.34841
8958.55	8.28672
8959.59	8.23414
8960.63	8.18874
8962.7	8.11419
8964.78	8.05545
8967.89	7.98717
8971	7.93509
8974.11	7.89404
8977.22	7.86084
8979.99	7.83628
8982.75	7.8154
8988.28	7.78195
8991.05	7.76852
8993.82	7.75698
8996.58	7.74719
8999.35	7.73911
9001.94	7.73315
9004.53	7.72893
9007.13	7.72681
9009.72	7.72735
9011.02	7.72895
9012.31	7.73172
9013.61	7.73598
9014.91	7.74217
9016.2	7.75089
9017.5	7.76306
9018.8	7.78015
9020.09	7.80457
9020.87	7.82449
9021.65	7.85024
9022.43	7.88465
9023.2	7.93312
9023.59	7.9658
9023.98	8.00709
9024.37	8.06066
9024.76	8.13191
9025.15	8.22873
9025.54	8.36236
9025.73	8.44789
9025.93	8.54838
9026.12	8.66699
9026.32	8.80684
9026.5	8.9623
9026.68	9.14332
9026.87	9.35352
9027.05	9.59535
9027.23	9.87552
9027.42	10.1971
9027.6	10.5644
9027.78	10.9793
9027.97	11.4507
9028.15	11.9804
9028.34	12.5719
9028.52	13.2244
9028.7	13.9473
9028.89	14.7339
9029.07	15.5931
9029.25	16.5142
9029.44	17.5048
9029.62	18.5557
9029.81	19.6611
9029.99	20.8068
9030.36	23.2112
9030.72	25.6611
9031.11	28.1843
9031.31	29.3673
9031.5	30.4736
9031.74	31.6977
9031.98	32.7396
9032.12	33.2632
9032.26	33.7083
9032.38	34.0171
9032.49	34.2652
9032.64	34.4869
9032.79	34.6091
9032.9	34.6345
9033.05	34.578
9033.2	34.4195
9033.35	34.1484
9033.5	33.7751
9033.67	33.2618
9033.83	32.6449
9034.06	31.6412
9034.28	30.4845
9034.45	29.5483
9034.61	28.5539
9034.94	26.4464
9035.6	22.0538
9035.76	20.9804
9035.93	19.9416
9036.09	18.9321
9036.26	17.9699
9036.43	17.0047
9036.6	16.0999
9036.77	15.2528
9036.95	14.465
9037.12	13.7373
9037.29	13.0693
9037.46	12.4599
9037.63	11.9072
9037.81	11.4087
9037.98	10.9615
9038.15	10.5625
9038.32	10.2082
9038.49	9.89497
9038.67	9.61931
9038.84	9.37766
9039.01	9.1666
9039.22	8.94564
9039.43	8.76064
9039.64	8.60479
9039.85	8.47504
9040.06	8.36615
9040.27	8.27564
9040.69	8.13627
9041.11	8.03784
9041.52	7.96695
9041.94	7.9145
9042.36	7.87448
9042.78	7.84297
9043.2	7.81743
9044.04	7.77821
9044.88	7.74922
9045.71	7.72676
9046.55	7.70884
9047.39	7.69421
9049.07	7.67179
9050.74	7.65543
9052.42	7.64294
9054.09	7.63308
9055.77	7.62512
9057.45	7.61857
9059.12	7.61313
9062.47	7.60477
9065.82	7.59916
9067.98	7.59695
9070.13	7.596
9072.29	7.59661
9074.44	7.59941
9076.6	7.60547
9077.68	7.61028
9078.75	7.61679
9079.83	7.6256
9080.91	7.63762
9081.99	7.65428
9083.06	7.67796
9083.81	7.70082
9084.56	7.73203
9085.31	7.77734
9085.68	7.80867
9086.06	7.84898
9086.43	7.9023
9086.8	7.97404
9087.18	8.07248
9087.55	8.20915
9087.93	8.39981
9088.11	8.52169
9088.3	8.66535
9088.49	8.8343
9088.67	9.03242
9088.86	9.26397
9089.05	9.53352
9089.21	9.79447
9089.36	10.0871
9089.52	10.416
9089.68	10.7843
9089.83	11.1949
9089.99	11.651
9090.15	12.1551
9090.31	12.7099
9090.46	13.3216
9090.62	13.9842
9090.78	14.7026
9090.93	15.4774
9091.09	16.3085
9091.25	17.1951
9091.41	18.1353
9091.56	19.1263
9091.72	20.1645
9091.88	21.2451
9092.19	23.509
9092.82	28.2212
9093.15	30.6227
9093.31	31.7594
9093.48	32.8288
9093.7	34.1738
9093.93	35.3431
9094.09	36.0791
9094.26	36.6938
9094.37	37.0422
9094.48	37.33
9094.61	37.5937
9094.75	37.7641
9094.9	37.8421
9095.04	37.8063
9095.18	37.6666
9095.37	37.3169
9095.56	36.7918
9095.74	36.1605
9095.91	35.4028
9096.11	34.3585
9096.32	33.172
9096.49	32.0654
9096.66	30.8954
9097.01	28.4092
9097.64	23.733
9097.8	22.5882
9097.95	21.4797
9098.11	20.407
9098.27	19.3758
9098.41	18.4829
9098.55	17.6307
9098.69	16.8213
9098.83	16.0613
9098.98	15.341
9099.12	14.6708
9099.26	14.0411
9099.4	13.46
9099.54	12.9184
9099.68	12.4192
9099.83	11.9609
9099.97	11.5444
9100.11	11.1619
9100.25	10.8167
9100.39	10.5016
9100.53	10.2189
9100.68	9.94884
9100.83	9.70924
9100.98	9.4944
9101.13	9.30478
9101.43	8.98674
9101.73	8.73831
9102.03	8.54501
9102.33	8.39474
9102.63	8.27761
9102.92	8.18604
9103.22	8.11328
9103.52	8.05499
9103.82	8.0076
9104.12	7.96846
9104.72	7.90758
9105.32	7.86218
9106.07	7.81832
9106.83	7.78438
9107.58	7.75713
9108.34	7.73471
9109.85	7.69994
9111.36	7.67428
9112.87	7.65457
9114.38	7.63896
9115.89	7.62624
9117.4	7.61563
9119.41	7.60394
9121.43	7.59434
9124.45	7.58269
9127.47	7.57341
9131.49	7.56341
9134.52	7.55713
9137.54	7.55165
9143.58	7.5425
9149.62	7.5351
9155.66	7.52907
9160.19	7.52535
9164.72	7.52236
9169.25	7.52017
9173.78	7.51898
9178.31	7.5191
9182.84	7.52102
9187.38	7.52563
9189.64	7.52946
9191.91	7.53468
9193.79	7.54041
9195.68	7.54777
9197.57	7.55722
9199.46	7.56944
9201.35	7.58543
9203.23	7.60676
9205.12	7.63575
9207.01	7.67613
9208.77	7.72968
9209.65	7.76494
9210.53	7.80814
9211.42	7.8619
9212.3	7.93009
9213.18	8.01876
9214.06	8.13808
9214.53	8.22057
9215	8.32163
9215.47	8.44821
9215.95	8.61075
9216.42	8.82489
9216.65	8.95821
9216.89	9.11389
9217.13	9.29651
9217.36	9.51149
9217.6	9.7652
9217.83	10.0651
9218.12	10.4975
9218.26	10.7492
9218.4	11.0252
9218.54	11.3317
9218.68	11.667
9218.83	12.0385
9218.97	12.4437
9219.11	12.8911
9219.25	13.3771
9219.39	13.9116
9219.53	14.4896
9219.67	15.122
9219.81	15.8025
9219.96	16.5428
9220.1	17.3347
9220.27	18.3924
9220.45	19.5342
9220.62	20.7671
9220.79	22.0912
9220.96	23.5051
9221.14	25.0057
9221.31	26.5885
9221.48	28.2469
9221.69	30.2984
9221.89	32.4161
9222.3	36.8042
9222.65	40.5451
9222.99	44.1333
9223.29	46.9951
9223.44	48.3035
9223.59	49.5168
9223.76	50.7902
9223.94	51.9019
9224.16	53.0623
9224.38	53.9067
9224.59	54.3998
9224.8	54.5761
9224.82	54.5762
9224.89	54.5555
9224.95	54.5035
9225.09	54.306
9225.22	53.9853
9225.35	53.5481
9225.55	52.6349
9225.76	51.4658
9225.95	50.1265
9226.15	48.5944
9226.41	46.2508
9226.68	43.6707
9227.07	39.609
9227.46	35.4228
9227.67	33.1628
9227.88	30.9549
9228.09	28.8235
9228.3	26.7886
9228.5	25.0158
9228.69	23.3553
9228.89	21.7965
9229.08	20.3586
9229.28	19.0282
9229.47	17.8177
9229.66	16.7175
9229.86	15.7234
9230	15.0644
9230.16	14.3781
9230.32	13.7574
9230.48	13.194
9230.64	12.684
9230.8	12.2235
9230.95	11.8086
9231.11	11.4355
9231.27	11.1005
9231.43	10.8001
9231.59	10.5309
9231.75	10.2899
9231.91	10.0742
9232.23	9.70815
9232.55	9.41398
9232.81	9.2119
9233.08	9.04258
9233.34	8.89921
9233.61	8.77694
9234.14	8.58077
9234.67	8.43112
9235.2	8.31338
9235.73	8.21825
9236.79	8.07364
9237.78	7.97487
9238.77	7.89894
9239.76	7.83896
9240.74	7.79061
9241.73	7.75085
9242.73	7.7177
9244.7	7.66576
9246.83	7.62472
9248.95	7.59368
9251.07	7.56948
9253.19	7.55012
9255.31	7.5342
9257.43	7.52085
9259.55	7.50944
9261.67	7.49957
9266.19	7.4822
9270.72	7.46825
9272.98	7.46214
9275.24	7.45646
9277.08	7.45211
9278.92	7.44795
9280.76	7.44399
9282.59	7.44023
9284.43	7.43678
9285.35	7.43525
9286.27	7.43394
9287.19	7.43306
9287.65	7.43292
9288.11	7.43317
9288.57	7.4341
9289.03	7.43623
9289.26	7.43802
9289.49	7.44051
9289.72	7.44392
9289.95	7.44854
9290.25	7.4571
9290.55	7.46946
9290.85	7.48718
9291.15	7.51202
9291.45	7.54655
9291.75	7.59344
9292.05	7.65649
9292.35	7.73925
9292.65	7.84668
9292.95	7.98268
9293.25	8.15271
9293.55	8.35978
9293.85	8.60855
9294.15	8.89925
9294.45	9.23263
9294.75	9.60634
9295	9.9422
9295.25	10.2963
9295.74	11.0409
9295.99	11.4163
9296.24	11.78
9296.48	12.1242
9296.73	12.4393
9296.91	12.642
9297.09	12.8219
9297.26	12.9761
9297.44	13.102
9297.59	13.185
9297.74	13.2452
9297.93	13.2878
9298	13.2936
9298.01	13.294
9298.03	13.2945
9298.05	13.2946
9298.08	13.2938
9298.15	13.2881
9298.33	13.2508
9298.56	13.1563
9298.78	13.0117
9298.92	12.8939
9299.07	12.7593
9299.21	12.6075
9299.36	12.4423
9299.65	12.0742
9299.94	11.6713
9300.64	10.6236
9300.99	10.1144
9301.17	9.87156
9301.35	9.64078
9301.52	9.42086
9301.7	9.21535
9301.88	9.02264
9302.05	8.84534
9302.23	8.68156
9302.41	8.53305
9302.58	8.39779
9302.76	8.2768
9302.95	8.15882
9303.14	8.05576
9303.34	7.96543
9303.53	7.88762
9303.72	7.82033
9303.91	7.76309
9304.11	7.71417
9304.3	7.67301
9304.46	7.64354
9304.62	7.61825
9304.78	7.59632
9304.94	7.57758
9305.1	7.56139
9305.26	7.54759
9305.42	7.53568
9305.58	7.52553
9305.9	7.50926
9306.23	7.49715
9306.55	7.488
9306.87	7.48093
9307.19	7.47534
9307.51	7.47078
9308.15	7.46368
9308.79	7.45823
9309.43	7.45377
9310.08	7.44996
9310.72	7.44663
9312	7.441
9313.29	7.43635
9314.57	7.43237
9316.11	7.42822
9317.65	7.42457
9319.19	7.4213
9320.73	7.41833
9323.81	7.41302
9326.89	7.40828
9329.97	7.40393
9333.06	7.39987
9339.22	7.39237
9346.41	7.38426
9353.59	7.37655
9360.78	7.3691
9367.97	7.36183
9382.35	7.34745
9396.73	7.33314
9411.1	7.31866
9425.48	7.30388
9454.24	7.27289
9462.45	7.26359
9485.05	7.23675
9507.64	7.20767
9530.23	7.17585
9552.83	7.14063
9575.42	7.10119
9598.01	7.0565
9620.61	7.00518
9643.2	6.94538
9665.79	6.87444
9677.09	6.83366
9688.39	6.78858
9699.68	6.73842
9710.98	6.68228
9722.28	6.619
9733.57	6.5472
9742.3	6.4848
9751.03	6.41541
9759.76	6.33816
9764.12	6.29628
9768.49	6.25214
9772.34	6.2113
9776.19	6.1688
9780.04	6.12497
9783.89	6.08028
9787.75	6.03561
9791.6	5.99249
9795.45	5.95418
9797.37	5.93855
9799.3	5.92678
9800.33	5.92269
9802.64	5.92154
9804.95	5.93713
9806.1	5.95444
9807.26	5.98081
9808.41	6.01936
9809.57	6.07461
9810.92	6.16943
9811.59	6.23397
9812.26	6.31409
9812.94	6.41438
9813.61	6.54143
9814.29	6.705
9814.62	6.80486
9814.96	6.92
9815.31	7.06051
9815.67	7.22602
9816.02	7.42253
9816.37	7.65765
9816.73	7.94099
9817.08	8.28456
9817.26	8.48404
9817.43	8.70317
9817.61	8.9468
9817.78	9.21469
9818.04	9.6575
9818.3	10.1699
9818.56	10.7619
9818.68	11.0897
9818.81	11.4413
9818.94	11.8211
9819.07	12.2245
9819.2	12.6593
9819.33	13.1201
9819.45	13.6155
9819.58	14.139
9819.71	14.6956
9819.84	15.2863
9820.01	16.1613
9820.19	17.1056
9820.37	18.1208
9820.55	19.2015
9820.72	20.3598
9820.9	21.5817
9821.08	22.8791
9821.25	24.234
9821.54	26.5871
9821.83	29.0752
9822.41	34.2903
9822.76	37.5031
9823.11	40.5986
9823.29	42.0684
9823.47	43.4546
9823.64	44.7505
9823.82	45.9415
9824.05	47.322
9824.28	48.469
9824.51	49.358
9824.74	49.9677
9824.92	50.2442
9825.1	50.3402
9825.33	50.192
9825.57	49.7376
9825.81	48.9873
9826.04	47.9581
9826.25	46.8209
9826.46	45.499
9826.67	44.0146
9826.88	42.4002
9827.09	40.6231
9827.31	38.7648
9827.74	34.8897
9828.16	30.9732
9828.38	29.0562
9828.59	27.192
9828.77	25.7176
9828.94	24.2959
9829.12	22.9328
9829.29	21.6326
9829.47	20.3986
9829.64	19.233
9829.82	18.1369
9829.99	17.1105
9830.21	15.9438
9830.42	14.8833
9830.64	13.9194
9830.85	13.0473
9831.06	12.2611
9831.28	11.555
9831.49	10.9225
9831.7	10.3573
9831.89	9.91798
9832.07	9.52032
9832.26	9.1605
9832.44	8.83665
9832.63	8.54191
9832.81	8.27501
9833	8.0331
9833.18	7.81468
9833.37	7.61502
9833.55	7.43319
9833.92	7.1163
9834.29	6.84915
9834.66	6.62285
9835.17	6.36323
9835.67	6.14845
9836.18	5.96751
9836.68	5.81263
9837.19	5.6782
9837.7	5.56015
9838.71	5.362
9839.56	5.22409
9840.42	5.10693
9841.28	5.00649
9842.13	4.92013
9842.99	4.84616
9843.84	4.78365
9844.7	4.73225
9845.56	4.69215
9846.8	4.65556
9848.05	4.64873
9848.9	4.66482
9849.76	4.70152
9850.61	4.76313
9851.47	4.85528
9851.9	4.91502
9852.33	4.98533
9852.75	5.06748
9853.18	5.16296
9853.61	5.27346
9854.04	5.40095
9854.47	5.5477
9854.89	5.71593
9855.32	5.90995
9855.75	6.13205
9856.18	6.38681
9856.61	6.67907
9857.03	7.01448
9857.46	7.39971
9857.68	7.6134
9857.89	7.84256
9858.11	8.08839
9858.32	8.35217
9858.53	8.63531
9858.75	8.93931
9858.96	9.2658
9859.17	9.61656
9859.39	9.99348
9859.6	10.3986
9859.82	10.8342
9860.03	11.3026
9860.25	11.8064
9860.46	12.3483
9860.67	12.9312
9860.89	13.5581
9861.1	14.2325
9861.32	14.9576
9861.53	15.7372
9861.74	16.575
9862	17.6458
9862.25	18.8101
9862.5	20.0746
9862.76	21.446
9863.01	22.9311
9863.26	24.5364
9863.51	26.2677
9863.77	28.1231
9863.98	29.8045
9864.19	31.5856
9864.41	33.4678
9864.62	35.4518
9864.84	37.5374
9865.05	39.7235
9865.26	42.0077
9865.48	44.3864
9865.77	47.8348
9866.07	51.4256
9866.66	58.9837
9867.26	66.8104
9867.85	74.5758
9868.13	78.1364
9868.41	81.5401
9868.69	84.7564
9868.98	87.7429
9869.26	90.469
9869.54	92.879
9869.82	94.9516
9870.1	96.6608
9870.48	98.343
9870.85	99.3172
9871.23	99.5793
9871.6	99.1477
9871.98	98.062
9872.35	96.3795
9872.73	94.1717
9873.1	91.5202
9873.48	88.5116
9873.85	85.2339
9874.46	79.5536
9875.07	73.7115
9875.68	67.9697
9876.28	62.5261
9876.89	57.5446
9877.19	55.2191
9877.49	53.0183
9877.79	50.9282
9878.09	48.9614
9878.39	47.1021
9878.69	45.3588
9879.15	42.8625
9879.62	40.6039
9880.08	38.5569
9880.55	36.7013
9881.01	35.0174
9881.47	33.4871
9881.94	32.0938
9882.4	30.8226
9883	29.3359
9883.6	28.0065
9884.2	26.8131
9884.81	25.7393
9885.41	24.7662
9886.01	23.8828
9886.61	23.0779
9887.21	22.3434
9887.81	21.6688
9888.41	21.0484
9889.01	20.4763
9889.61	19.9482
9890.81	19.0025
9892.01	18.1834
9893.16	17.4976
9894.31	16.8903
9895.45	16.3491
9896.6	15.8641
9897.75	15.4274
9898.9	15.0323
9900.04	14.6733
9901.19	14.3462
9903.59	13.7462
9906	13.2408
9908.4	12.8098
9910.8	12.4385
9912.99	12.1433
9915.17	11.8815
9917.35	11.6477
9919.54	11.4379
9923.91	11.0781
9928.28	10.782
9933.52	10.4914
9938.11	10.2837
9942.69	10.1125
9947.28	9.97438
9951.87	9.8692
9954.05	9.83192
9956.24	9.80436
9958.64	9.78733
9961.04	9.78787
9963.45	9.81202
9965.85	9.86993
9967.38	9.93202
9968.91	10.0222
9970.44	10.1521
9971.97	10.3406
9973.11	10.5391
9974.26	10.8112
9974.83	10.9863
9975.41	11.1963
9975.98	11.4521
9976.55	11.7677
9976.85	11.9643
9977.15	12.1867
9977.45	12.4402
9977.75	12.7312
9978.06	13.0684
9978.35	13.4587
9978.65	13.9146
9978.95	14.4494
9979.26	15.0817
9979.56	15.8265
9979.71	16.2515
9979.86	16.7109
9980.01	17.2107
9980.16	17.7543
9980.31	18.3495
9980.46	18.992
9980.61	19.6897
9980.76	20.4464
9980.91	21.2719
9981.06	22.1594
9981.21	23.1181
9981.36	24.152
9981.51	25.2727
9981.66	26.4688
9981.81	27.7509
9981.96	29.1219
9982.11	30.5841
9982.26	32.1396
9982.41	33.7895
9982.56	35.5344
9982.71	37.3864
9982.86	39.3198
9983.01	41.3441
9983.16	43.456
9983.46	47.9232
9983.76	52.6701
9984.91	71.891
9985.21	76.6539
9985.51	81.05
9985.67	83.2486
9985.84	85.2632
9986	87.0877
9986.16	88.7036
9986.4	90.6328
9986.63	92.0472
9986.87	92.9274
9987.1	93.2465
9987.33	93.0003
9987.57	92.192
9987.81	90.8403
9988.04	88.9846
9988.28	86.6176
9988.51	83.8316
9988.75	80.6629
9988.99	77.2029
9989.24	73.2503
9989.49	69.1282
9990	60.6464
9990.25	56.4314
9990.5	52.3176
9990.75	48.3563
9991.01	44.5892
9991.17	42.2988
9991.33	40.1201
9991.49	38.0303
9991.65	36.0584
9991.81	34.1816
9991.97	32.4237
9992.13	30.762
9992.29	29.2157
9992.42	28.0614
9992.54	26.9785
9992.67	25.9559
9992.8	24.9918
9992.92	24.0841
9993.05	23.2306
9993.17	22.4292
9993.3	21.6775
9993.43	20.973
9993.55	20.3135
9993.8	19.1199
9994.06	18.078
9994.31	17.17
9994.56	16.3765
9994.81	15.6885
9995.06	15.089
9995.32	14.5659
9995.57	14.1084
9995.82	13.7074
9996.07	13.3549
9996.32	13.044
9996.78	12.5669
9997.24	12.1829
9997.7	11.8713
9998.16	11.6176
9998.62	11.4109
9999.07	11.2442
9999.53	11.1106
9999.99	11.005
10000	159.653
12500	159.653
15000	159.653
17000	159.653
20000	159.653
25000	159.653
30000	159.653
35000	159.653
40000	159.653
50000	159.653
60000	159.653
70000	159.653
80000	159.653
90000	159.653
99999.9	159.653
100000	10.3376
105000	10.2935
110000	10.1939
115000	10.0381
120000	9.88239
125000	9.83445
130000	9.84024
135000	9.89993
140000	10.0686
145000	10.3459
150000	10.6232
155000	10.7899
160000	10.9565
165000	11.0127
170000	11.0688
175000	10.7404
180000	10.4662
185000	10.0822
190000	9.80749
195000	9.36789
200000	9.09246
210000	9.36246
220000	9.9589
230000	10.5553
240000	10.385
250000	9.94069
260000	9.05948
270000	8.99729
280000	9.37059
290000	9.46991
300000	8.7542
310000	8.14868
320000	8.24946
330000	8.67593
340000	9.15548
350000	9.52594
360000	9.57135
370000	9.40319
380000	9.07109
390000	9.38695
400000	9.97194
410000	10.1808
420000	10.173
430000	9.84277
440000	9.78172
450000	9.77481
460000	9.66105
470000	9.44011
480000	8.89813
490000	8.41059
500000	8.24503
520000	9.05673
530000	9.30089
540000	9.29622
550000	8.86452
560000	8.69703
570000	8.47978
580000	8.31621
600000	8.22423
620000	8.29238
640000	8.40382
660000	8.48375
680000	8.54262
700000	8.52721
720000	8.39309
740000	8.05044
760000	7.64252
770000	7.45583
771466	7.42846
780000	7.26914
800000	6.9813
820000	7.24829
840000	7.72524
860000	7.70361
880000	7.53379
930600	7.1586
930600	7.15859
940000	7.0889
960000	6.95122
980000	6.87172
1e+06	6.79221
1.05e+06	6.6969
1.1e+06	6.65497
1.15e+06	6.55962
1.2e+06	6.44294
1.21815e+06	6.38182
1.21815e+06	6.38181
1.2183e+06	6.38131
1.25e+06	6.27455
1.3e+06	6.10616
1.314e+06	6.05901
1.33321e+06	5.99595
1.35e+06	5.94084
1.395e+06	5.80462
1.398e+06	5.79553
1.4e+06	5.78948
1.43173e+06	5.73667
1.45e+06	5.70627
1.4761e+06	5.66283
1.48277e+06	5.65173
1.48277e+06	5.65172
1.5e+06	5.62305
1.53e+06	5.58757
1.6e+06	5.50476
1.70748e+06	5.34041
1.8e+06	5.19894
1.9e+06	5.01767
1.90308e+06	5.01356
1.90308e+06	5.01354
1.97152e+06	4.92227
2e+06	4.88428
2.06501e+06	4.79757
2.06501e+06	4.79756
2.073e+06	4.78691
2.09134e+06	4.7706
2.15514e+06	4.71388
2.15514e+06	4.71388
2.19423e+06	4.67912
2.21379e+06	4.66173
2.2138e+06	4.66172
2.22492e+06	4.65184
2.22492e+06	4.65184
2.285e+06	4.59842
2.285e+06	4.59842
2.286e+06	4.59753
2.3e+06	4.58846
2.4e+06	4.52366
2.5e+06	4.46792
2.6e+06	4.41217
2.9e+06	4.25716
3e+06	4.20549
3.2e+06	4.11997
3.4e+06	4.05451
3.6e+06	3.96713
3.8e+06	3.89864
4e+06	3.8566
4.2e+06	3.83522
4.4e+06	3.83163
4.5e+06	3.83728
4.6e+06	3.84293
4.8e+06	3.86576
4.9938e+06	3.89929
5e+06	3.90036
5.2e+06	3.92025
5.4e+06	3.97736
5.49834e+06	4.00544
5.5e+06	4.00591
5.6e+06	4.03447
5.8e+06	4.06993
5.89115e+06	4.09128
5.89118e+06	4.09128
6e+06	4.11678
6.53977e+06	4.24321
6.8e+06	4.30417
7e+06	4.33892
7.14642e+06	4.36437
7.14643e+06	4.36437
7.22903e+06	4.37872
7.27e+06	4.38584
7.27382e+06	4.38632
7.27382e+06	4.38632
8e+06	4.4771
8.06551e+06	4.48157
8.6e+06	4.51811
9e+06	4.52142
9.5e+06	4.50753
1e+07	4.47568
1.02e+07	4.46294
1.1e+07	4.39482
1.16e+07	4.3284
1.2e+07	4.28411
1.24e+07	4.23983
1.3e+07	4.17341
1.35e+07	4.11806
1.4e+07	4.06075
1.40188e+07	4.0586
1.45e+07	4.00349
1.5e+07	3.9463
1.6e+07	3.83245
1.7e+07	3.71994
1.8e+07	3.62181
1.9e+07	3.54114
2e+07	3.46238
