1e-05	57.0354
1.03125e-05	56.1809
1.0625e-05	55.3645
1.09375e-05	54.5837
1.125e-05	53.8358
1.15625e-05	53.1186
1.1875e-05	52.4302
1.21875e-05	51.7686
1.25e-05	51.1322
1.28125e-05	50.5193
1.3125e-05	49.9287
1.34375e-05	49.3589
1.375e-05	48.8088
1.4375e-05	47.7635
1.5e-05	46.7847
1.5625e-05	45.8658
1.625e-05	45.0009
1.6875e-05	44.185
1.75e-05	43.4137
1.8125e-05	42.683
1.875e-05	41.9896
1.9375e-05	41.3304
2e-05	40.7027
2.09375e-05	39.815
2.1875e-05	38.9857
2.28125e-05	38.2088
2.375e-05	37.4789
2.46875e-05	36.7917
2.5625e-05	36.143
2.65625e-05	35.5295
2.75e-05	34.9482
2.84375e-05	34.3963
2.9375e-05	33.8715
3.03125e-05	33.3717
3.125e-05	32.8949
3.21875e-05	32.4396
3.3125e-05	32.004
3.40625e-05	31.5869
3.5e-05	31.1871
3.59375e-05	30.8033
3.6875e-05	30.4345
3.78125e-05	30.0799
3.875e-05	29.7385
3.96875e-05	29.4095
4.0625e-05	29.0923
4.25e-05	28.4903
4.4375e-05	27.9279
4.625e-05	27.4009
4.8125e-05	26.9058
5e-05	26.4397
5.15625e-05	26.0713
5.3125e-05	25.7199
5.46875e-05	25.3841
5.625e-05	25.0628
5.78125e-05	24.755
5.9375e-05	24.4599
6.09375e-05	24.1766
6.25e-05	23.9043
6.40625e-05	23.6425
6.5625e-05	23.3903
6.71875e-05	23.1474
6.875e-05	22.9131
7.1875e-05	22.4686
7.5e-05	22.0532
7.8125e-05	21.6641
8.125e-05	21.2987
8.4375e-05	20.9546
8.75e-05	20.63
9.0625e-05	20.3232
9.375e-05	20.0326
9.6875e-05	19.7569
0.0001	19.4949
0.000103125	19.2456
0.00010625	19.0079
0.000109375	18.7812
0.0001125	18.5645
0.000115625	18.3571
0.00011875	18.1585
0.000121875	17.9681
0.000125	17.7854
0.000128125	17.6098
0.00013125	17.4409
0.000134375	17.2784
0.0001375	17.1218
0.00014375	16.8253
0.00015	16.5488
0.00015625	16.2904
0.0001625	16.0482
0.00016875	15.8207
0.000175	15.6065
0.00018125	15.4045
0.0001875	15.2135
0.00019375	15.0328
0.0002	14.8613
0.000209375	14.6201
0.00021875	14.396
0.000228125	14.1874
0.0002375	13.9925
0.000246875	13.8101
0.00025625	13.6388
0.000265625	13.4778
0.000275	13.326
0.000284375	13.1827
0.00029375	13.0472
0.000303125	12.9188
0.0003125	12.797
0.000321875	12.6812
0.00033125	12.571
0.000340625	12.4661
0.00035	12.3659
0.000359375	12.2703
0.00036875	12.1788
0.000378125	12.0913
0.0003875	12.0074
0.000396875	11.927
0.00040625	11.8498
0.000425	11.7042
0.00044375	11.5694
0.0004625	11.4442
0.00048125	11.3276
0.0005	11.2186
0.000515625	11.1331
0.00053125	11.0521
0.000546875	10.9752
0.0005625	10.902
0.000578125	10.8324
0.00059375	10.766
0.000609375	10.7026
0.000625	10.6421
0.000640625	10.5842
0.00065625	10.5287
0.000671875	10.4755
0.0006875	10.4245
0.00071875	10.3285
0.00075	10.2396
0.00078125	10.1571
0.0008125	10.0803
0.00084375	10.0087
0.000875	9.94162
0.00090625	9.87872
0.0009375	9.8196
0.00096875	9.76392
0.001	9.71137
0.00103125	9.66169
0.0010625	9.61464
0.00109375	9.57002
0.001125	9.52763
0.00115625	9.4873
0.0011875	9.44888
0.00121875	9.41224
0.00125	9.37725
0.00128125	9.34379
0.0013125	9.31176
0.00134375	9.28107
0.001375	9.25164
0.0014375	9.19622
0.0015	9.14495
0.0015625	9.09737
0.001625	9.05307
0.0016875	9.0117
0.00175	8.97298
0.0018125	8.93665
0.001875	8.90248
0.0019375	8.87028
0.002	8.83987
0.00209375	8.79728
0.0021875	8.75795
0.00228125	8.72148
0.002375	8.68757
0.00246875	8.65594
0.0025625	8.62635
0.00265625	8.59861
0.00275	8.57254
0.00284375	8.54798
0.0029375	8.5248
0.00303125	8.50288
0.003125	8.48211
0.00321875	8.46241
0.0033125	8.44368
0.00340625	8.42585
0.0035	8.40885
0.00359375	8.39263
0.0036875	8.37713
0.00378125	8.3623
0.003875	8.34809
0.00396875	8.33446
0.0040625	8.32139
0.00425	8.29673
0.0044375	8.27389
0.004625	8.25265
0.0048125	8.23284
0.005	8.21432
0.00515625	8.19978
0.0053125	8.18597
0.00546875	8.17283
0.005625	8.16033
0.00578125	8.1484
0.0059375	8.13702
0.00609375	8.12613
0.00625	8.11571
0.00640625	8.10572
0.0065625	8.09614
0.00671875	8.08694
0.006875	8.0781
0.0071875	8.0614
0.0075	8.04588
0.0078125	8.03142
0.008125	8.01791
0.0084375	8.00524
0.00875	7.99335
0.0090625	7.98214
0.009375	7.97157
0.0096875	7.96158
0.01	7.95211
0.0103125	7.94312
0.010625	7.93458
0.0109375	7.92645
0.01125	7.9187
0.0115625	7.91129
0.011875	7.90422
0.0121875	7.89745
0.0125	7.89096
0.0128125	7.88474
0.013125	7.87876
0.0134375	7.87301
0.01375	7.86749
0.014375	7.85703
0.015	7.84731
0.015625	7.83823
0.01625	7.82973
0.016875	7.82175
0.0175	7.81424
0.018125	7.80717
0.01875	7.80048
0.019375	7.79415
0.02	7.78814
0.0206625	7.78211
0.021325	7.77638
0.0219875	7.77093
0.02265	7.76575
0.0233125	7.7608
0.023975	7.75608
0.0246375	7.75157
0.0253	7.74726
0.0264578	7.74014
0.0276156	7.73351
0.0287734	7.72731
0.0299312	7.72151
0.0310891	7.71606
0.0322469	7.71093
0.0334047	7.70608
0.0345625	7.70151
0.0355273	7.69787
0.0364922	7.6944
0.037457	7.69107
0.0384219	7.68787
0.0393867	7.6848
0.0403516	7.68185
0.0413164	7.67901
0.0422812	7.67627
0.0442109	7.67109
0.0461406	7.66625
0.0480703	7.66173
0.05	7.65749
0.0515625	7.65425
0.053125	7.65115
0.0546875	7.6482
0.05625	7.64538
0.0578125	7.64268
0.059375	7.6401
0.0609375	7.63762
0.0625	7.63524
0.0640625	7.63296
0.065625	7.63076
0.0671875	7.62864
0.06875	7.6266
0.071875	7.62273
0.075	7.61911
0.078125	7.61573
0.08125	7.61255
0.084375	7.60956
0.0875	7.60674
0.090625	7.60407
0.09375	7.60154
0.096875	7.59915
0.1	7.59687
0.103125	7.5947
0.10625	7.59263
0.109375	7.59065
0.1125	7.58876
0.115625	7.58695
0.11875	7.58521
0.121875	7.58355
0.125	7.58195
0.128125	7.58041
0.13125	7.57893
0.134375	7.57751
0.1375	7.57613
0.14375	7.57352
0.15	7.57108
0.15625	7.56879
0.1625	7.56664
0.16875	7.56461
0.175	7.5627
0.18125	7.56088
0.1875	7.55917
0.19375	7.55754
0.2	7.55599
0.209375	7.55379
0.21875	7.55175
0.228125	7.54983
0.2375	7.54803
0.246875	7.54633
0.25625	7.54473
0.265625	7.54322
0.275	7.54179
0.284375	7.54043
0.29375	7.53913
0.303125	7.5379
0.3125	7.53672
0.321875	7.5356
0.33125	7.53452
0.340625	7.53349
0.35	7.5325
0.359375	7.53155
0.36875	7.53064
0.378125	7.52976
0.3875	7.52891
0.396875	7.52809
0.40625	7.52731
0.425	7.52581
0.44375	7.52441
0.4625	7.52309
0.5	7.52068
0.53125	7.51887
0.5625	7.5172
0.59375	7.51567
0.625	7.51424
0.6875	7.51168
0.75	7.50944
0.8125	7.50744
0.875	7.50566
0.9375	7.50404
1	7.50256
1.0625	7.5012
1.125	7.49995
1.1875	7.49878
1.25	7.4977
1.375	7.49572
1.5	7.49396
1.625	7.49238
1.75	7.49093
1.875	7.48961
2	7.48838
2.1875	7.48669
2.375	7.48515
2.5625	7.48373
2.75	7.48242
2.9375	7.48119
3.125	7.48003
3.3125	7.47893
3.5	7.47789
3.875	7.47593
4.25	7.47411
4.625	7.47241
5	7.4708
5.3125	7.46952
5.625	7.46828
5.9375	7.46708
6.25	7.46591
6.875	7.46367
7.5	7.46151
8.125	7.45944
8.75	7.45743
9.375	7.45547
10	7.45356
10.625	7.45168
11.25	7.44983
11.875	7.44802
12.5	7.44622
13.75	7.4427
15	7.43925
16.25	7.43586
17.5	7.43252
18.75	7.42921
20	7.42594
21.875	7.4211
23.75	7.4163
25.625	7.41156
27.5	7.40686
29.375	7.40219
31.25	7.39756
33.125	7.39295
35	7.38837
36.875	7.38382
38.75	7.37928
42.5	7.37028
46.25	7.36134
50	7.35248
53.125	7.34514
56.25	7.33784
59.375	7.33058
62.5	7.32335
68.75	7.309
75	7.29478
81.25	7.28068
87.5	7.2667
93.75	7.25283
100	7.23907
106.25	7.22541
112.5	7.21185
118.75	7.19839
125	7.18503
137.5	7.15858
150	7.13248
162.5	7.10673
175	7.0813
187.5	7.0562
200	7.03139
218.75	6.99474
237.5	6.95871
256.25	6.92327
275	6.88841
293.75	6.85408
312.5	6.82027
331.25	6.78694
350	6.75408
368.75	6.72166
387.5	6.68965
406.25	6.65805
425	6.62682
462.5	6.56541
500	6.50528
531.25	6.45606
562.5	6.40755
593.75	6.35968
625	6.31239
656.25	6.2656
687.5	6.21926
718.75	6.17329
750	6.12764
812.5	6.03707
875	5.94705
937.5	5.85715
1000	5.76688
1062.5	5.67577
1125	5.58335
1187.5	5.48907
1250	5.39237
1312.5	5.29265
1375	5.18919
1437.5	5.08122
1500	4.96782
1562.5	4.84794
1593.75	4.78519
1625	4.72033
1656.25	4.65317
1687.5	4.5835
1718.75	4.51107
1750	4.43564
1787.11	4.34165
1824.22	4.24255
1842.77	4.19091
1861.33	4.13764
1879.88	4.08281
1898.44	4.02627
1911.13	3.98652
1923.83	3.94598
1936.52	3.90458
1942.87	3.88358
1949.22	3.86241
1953.61	3.84766
1958.01	3.83285
1962.4	3.81802
1966.8	3.8032
1971.19	3.78845
1975.59	3.77389
1977.78	3.76672
1979.98	3.7597
1982.18	3.75286
1984.38	3.74629
1985.84	3.74211
1987.31	3.73815
1988.77	3.73448
1990.23	3.73116
1991.46	3.72877
1992.68	3.72687
1993.9	3.72557
1995.12	3.72512
1996.34	3.72582
1996.95	3.72675
1997.56	3.72817
1998.17	3.73019
1998.78	3.73293
1999.39	3.7366
2000	3.74145
2000.54	3.74698
2001.08	3.75399
2001.62	3.7629
2002.15	3.77433
2002.42	3.78124
2002.69	3.78913
2002.96	3.79819
2003.23	3.80861
2003.5	3.82069
2003.77	3.83476
2004.04	3.85128
2004.31	3.87088
2004.58	3.89449
2004.84	3.92322
2004.98	3.94018
2005.11	3.95913
2005.25	3.98081
2005.38	4.0055
2005.52	4.0344
2005.65	4.06816
2005.79	4.10878
2005.92	4.15765
2006.06	4.21821
2006.12	4.25356
2006.19	4.29314
2006.26	4.33826
2006.32	4.38833
2006.39	4.44478
2006.46	4.50853
2006.53	4.59217
2006.61	4.68862
2006.69	4.7999
2006.77	4.9283
2006.84	5.07638
2006.92	5.24698
2006.96	5.34296
2007	5.44323
2007.03	5.55056
2007.07	5.6654
2007.11	5.79154
2007.15	5.92299
2007.19	6.06717
2007.23	6.21721
2007.27	6.38152
2007.3	6.55222
2007.34	6.73885
2007.38	6.93238
2007.42	7.14357
2007.46	7.36215
2007.5	7.60019
2007.53	7.84605
2007.57	8.11323
2007.61	8.38857
2007.65	8.67927
2007.69	8.98581
2007.73	9.37879
2007.78	9.79652
2007.83	10.2398
2007.87	10.6988
2007.92	11.1945
2007.96	11.7175
2008.01	12.2683
2008.05	12.8342
2008.1	13.4407
2008.15	14.0755
2008.19	14.7384
2008.24	15.4139
2008.28	16.1317
2008.33	16.8598
2008.42	18.4077
2008.53	20.3279
2008.63	22.3368
2008.74	24.4484
2008.84	26.5933
2008.99	29.5782
2009.13	32.4753
2009.24	34.5006
2009.34	36.3671
2009.44	37.9906
2009.54	39.3955
2009.65	40.6289
2009.7	41.1366
2009.75	41.5671
2009.81	41.9173
2009.86	42.1848
2009.93	42.3974
2009.99	42.4807
2010	42.482
2010.03	42.4663
2010.06	42.423
2010.12	42.2499
2010.18	41.9919
2010.23	41.6482
2010.29	41.2087
2010.35	40.6825
2010.4	40.0733
2010.46	39.3987
2010.54	38.204
2010.63	36.8566
2010.74	34.9097
2010.85	32.8133
2010.99	29.9725
2011.13	27.073
2011.25	24.7785
2011.36	22.5579
2011.47	20.4073
2011.53	19.3753
2011.58	18.3939
2011.63	17.5482
2011.68	16.7475
2011.72	15.9754
2011.77	15.2326
2011.82	14.5198
2011.87	13.8376
2011.92	13.186
2011.97	12.5651
2012.01	11.975
2012.06	11.4151
2012.11	10.8853
2012.16	10.3848
2012.2	9.91311
2012.25	9.4694
2012.3	9.05283
2012.35	8.66251
2012.39	8.37147
2012.42	8.09576
2012.46	7.83486
2012.5	7.58825
2012.54	7.35538
2012.58	7.13572
2012.62	6.92872
2012.65	6.73384
2012.69	6.55053
2012.73	6.37827
2012.77	6.21653
2012.8	6.06478
2012.84	5.92252
2012.88	5.78926
2012.92	5.66451
2012.96	5.55078
2012.99	5.44147
2013.03	5.33933
2013.11	5.15487
2013.18	4.99422
2013.26	4.85449
2013.34	4.73305
2013.41	4.62753
2013.49	4.53581
2013.56	4.457
2013.63	4.39166
2013.71	4.33413
2013.78	4.28336
2013.85	4.23843
2013.92	4.19857
2013.99	4.16307
2014.13	4.10327
2014.27	4.05436
2014.41	4.01426
2014.55	3.98034
2014.7	3.95161
2014.86	3.9233
2015.02	3.89891
2015.18	3.87761
2015.34	3.8588
2015.51	3.84204
2015.67	3.82699
2015.99	3.80104
2016.31	3.77949
2016.6	3.7633
2016.88	3.74922
2017.17	3.73678
2017.45	3.72579
2017.73	3.71593
2018.02	3.70709
2018.58	3.69183
2019.07	3.68074
2019.55	3.67112
2020.04	3.66261
2020.52	3.65505
2021.01	3.64824
2021.5	3.64205
2022.47	3.63119
2023.44	3.62184
2024.41	3.6136
2025.62	3.60443
2026.84	3.59615
2028.05	3.58854
2029.27	3.58144
2030.48	3.57471
2031.7	3.56829
2034.12	3.55611
2036.55	3.5445
2038.98	3.53326
2041.41	3.52227
2043.84	3.51146
2046.91	3.49791
2049.99	3.48446
2056.14	3.45766
2062.3	3.4308
2068.45	3.40377
2074.6	3.37647
2080.75	3.34888
2086.9	3.32095
2093.05	3.29267
2103.42	3.24414
2116.37	3.18176
2129.32	3.11749
2142.27	3.05124
2155.23	2.98285
2168.18	2.912
2181.13	2.83876
2194.08	2.76307
2207.03	2.68473
2221.28	2.59503
2235.53	2.50189
2249.77	2.40494
2264.02	2.30373
2278.27	2.19856
2292.51	2.08868
2306.76	1.97414
2321.01	1.85498
2333.96	1.74196
2346.91	1.62474
2359.86	1.50339
2372.82	1.37783
2385.77	1.2479
2392.24	1.1816
2398.72	1.1142
2405.2	1.04624
2411.67	0.977344
2418.15	0.90799
2424.62	0.838051
2431.42	0.764288
2438.22	0.690459
2445.02	0.616875
2451.82	0.543955
2458.62	0.472176
2465.42	0.402087
2472.22	0.334538
2475.62	0.301928
2479.02	0.270239
2481.61	0.246903
2484.2	0.224306
2486.8	0.202509
2489.39	0.181614
2491.98	0.161664
2493.27	0.152084
2494.57	0.142807
2495.86	0.133836
2497.16	0.12518
2498.45	0.116853
2499.75	0.108871
2501.53	0.0984896
2503.31	0.0888388
2505.09	0.0799676
2506.87	0.0719274
2508.65	0.064773
2510.43	0.0585625
2512.21	0.0533579
2513.1	0.0511533
2513.99	0.0492218
2514.72	0.0478476
2515.45	0.0466667
2516.18	0.0456873
2516.91	0.0449177
2517.64	0.0443611
2518	0.0441648
2518.36	0.0440236
2518.73	0.0439382
2519.09	0.0439098
2519.46	0.0439387
2519.82	0.0440258
2520.15	0.0441528
2520.45	0.0443149
2520.75	0.0445183
2521.06	0.0447646
2521.36	0.045053
2521.66	0.0453855
2521.97	0.0457606
2522.57	0.0466446
2523.18	0.0477082
2523.79	0.0489549
2524.39	0.050389
2525	0.0520155
2525.77	0.0543617
2526.54	0.0570371
2527.31	0.0600481
2528.08	0.0633979
2528.85	0.0670928
2529.62	0.071144
2530.39	0.075564
2531.15	0.0803646
2531.92	0.0855566
2532.69	0.0911513
2533.46	0.0971598
2534.23	0.103594
2535	0.110465
2535.77	0.117786
2536.54	0.125569
2537.31	0.133827
2538.52	0.147877
2539.74	0.163189
2540.95	0.179823
2542.16	0.197825
2543.38	0.217287
2544.59	0.238274
2545.81	0.260868
2547.02	0.285134
2547.79	0.301412
2548.56	0.318422
2549.33	0.33618
2550.1	0.354694
2550.86	0.373979
2551.63	0.394061
2552.4	0.41497
2553.17	0.436734
2553.94	0.459377
2554.71	0.482928
2555.48	0.507412
2556.25	0.532859
2557.02	0.559296
2557.79	0.586754
2559.32	0.644857
2560.21	0.680544
2561.11	0.717741
2562	0.756586
2562.89	0.79705
2563.78	0.839284
2564.67	0.883255
2565.56	0.929127
2566.45	0.976863
2567.34	1.02664
2568.23	1.07843
2569.12	1.13241
2570.01	1.18854
2570.9	1.24704
2571.79	1.30786
2573.57	1.43701
2575.35	1.5769
2577.13	1.7283
2578.91	1.89213
2580.7	2.06938
2582.48	2.26113
2584.26	2.46858
2586.04	2.69304
2587.82	2.93579
2589.6	3.19868
2591.38	3.48332
2593.16	3.79161
2594.94	4.12566
2596.72	4.48781
2598.5	4.88063
2600.28	5.30699
2602.07	5.77007
2603.85	6.27341
2605.63	6.82096
2607.41	7.41714
2609.19	8.06651
2610.97	8.77534
2612.75	9.54953
2614.53	10.3961
2616.31	11.3225
2617.2	11.8191
2618.09	12.3387
2618.98	12.8838
2619.87	13.4545
2620.77	14.0537
2621.66	14.6816
2622.55	15.3413
2623.44	16.0332
2624.33	16.7608
2625.22	17.5246
2626.11	18.3285
2627	19.1733
2627.89	20.0634
2628.78	20.9995
2629.67	21.9858
2630.56	23.0255
2631.45	24.1233
2632.34	25.2805
2633.23	26.5039
2634.12	27.7951
2635.01	29.1619
2635.9	30.6063
2636.79	32.1373
2637.68	33.7574
2638.57	35.4771
2639.46	37.2996
2640.36	39.237
2641.24	41.2935
2642.14	43.483
2643.03	45.811
2643.92	48.2937
2644.81	50.9376
2645.86	54.2942
2646.91	57.9154
2647.96	61.8331
2649.02	66.0844
2650.07	70.7099
2651.12	75.7372
2652.17	81.2127
2653.22	87.1855
2654.12	92.6743
2655.01	98.5904
2655.9	104.989
2656.79	111.903
2657.68	119.398
2658.57	127.517
2659.46	136.341
2660.35	145.921
2661.24	156.358
2662.13	167.717
2663.02	180.119
2663.91	193.646
2664.8	208.444
2665.69	224.612
2666.58	242.325
2667.47	261.698
2668.4	283.836
2669.33	308.163
2670.25	334.878
2671.18	364.181
2672.11	396.259
2673.03	431.273
2673.96	469.329
2674.89	510.409
2675.48	538.441
2676.08	567.621
2677.27	629.273
2678.46	694.282
2679.65	760.766
2680.84	826.322
2681.44	857.734
2682.03	887.658
2682.63	915.665
2683.22	941.185
2683.82	963.81
2684.41	983.124
2685.21	1003.12
2686	1015.94
2686.79	1021.24
2687.44	1019.98
2688.08	1013.87
2688.73	1003.17
2689.37	988.263
2690.02	969.599
2690.66	947.692
2691.31	923.082
2691.95	896.321
2693.24	838.497
2694.53	778.044
2695.82	717.753
2697.11	659.702
2698.09	617.957
2699.07	578.6
2700.05	541.744
2701.02	507.431
2702	475.59
2702.98	446.187
2703.95	419.063
2704.93	394.069
2705.88	371.619
2706.84	350.903
2707.79	331.785
2708.74	314.149
2709.69	297.835
2710.64	282.76
2711.59	268.789
2712.54	255.853
2713.76	240.705
2714.97	226.916
2716.18	214.321
2717.39	202.821
2718.6	192.281
2719.81	182.599
2721.02	173.673
2722.24	165.436
2723.19	159.404
2724.14	153.728
2725.09	148.382
2726.04	143.345
2726.99	138.586
2727.95	134.088
2728.9	129.833
2729.85	125.808
2730.8	121.989
2731.75	118.365
2732.71	114.924
2733.66	111.657
2735.56	105.586
2737.46	100.073
2739.37	95.0482
2741.27	90.4597
2743.17	86.2531
2745.08	82.3903
2746.98	78.8304
2748.88	75.5451
2750.79	72.503
2752.69	69.683
2754.16	67.6405
2755.63	65.708
2757.1	63.8777
2758.57	62.1445
2760.05	60.5051
2761.52	58.9441
2762.99	57.4541
2764.46	56.036
2767.4	53.3935
2770.34	50.9861
2773.28	48.7842
2776.22	46.7654
2778.13	45.5461
2780.03	44.39
2781.93	43.2916
2783.84	42.2484
2785.74	41.2551
2787.64	40.3095
2791.45	38.5475
2795.26	36.9401
2799.07	35.4692
2802.87	34.1187
2806.68	32.875
2810.49	31.7268
2814.29	30.6637
2818.1	29.6771
2821.91	28.7594
2825.71	27.9039
2829.52	27.1047
2833.33	26.3567
2837.13	25.6573
2840.94	25.0024
2844.75	24.3822
2848.55	23.7955
2852.36	23.245
2856.17	22.7243
2859.98	22.2289
2863.78	21.7615
2867.59	21.3187
2871.4	20.8957
2875.2	20.4943
2882.82	19.7485
2890.43	19.0694
2898.04	18.4474
2905.66	17.8783
2913.27	17.3535
2920.89	16.869
2928.5	16.4212
2936.11	16.0044
2943.73	15.617
2951.34	15.2555
2958.95	14.917
2970.72	14.4355
2982.49	13.9979
2994.26	13.6008
3006.02	13.234
3017.79	12.8966
3029.56	12.5853
3041.32	12.297
3053.09	12.0295
3068.32	11.7112
3083.54	11.4184
3098.77	11.1489
3114	10.9011
3129.23	10.6703
3144.45	10.4565
3159.68	10.2571
3174.91	10.0699
3195.67	9.834
3216.44	9.61686
3237.2	9.41604
3257.97	9.23042
3278.73	9.05625
3299.5	8.89335
3320.26	8.74049
3341.03	8.59669
3363.18	8.45214
3385.33	8.31565
3429.62	8.06351
3473.92	7.83452
3518.22	7.62422
3541.76	7.51887
3565.29	7.41736
3588.82	7.31923
3612.36	7.22414
3635.89	7.13174
3659.42	7.04158
3682.96	6.95375
3706.49	6.86788
3736.95	6.75934
3752.17	6.70605
3767.4	6.65343
3782.63	6.60137
3797.86	6.54995
3813.08	6.49915
3828.31	6.44899
3846.31	6.39072
3864.3	6.33359
3873.3	6.30558
3882.3	6.27801
3891.3	6.25094
3900.3	6.22444
3907.91	6.20256
3915.53	6.18124
3923.14	6.16059
3930.75	6.14075
3938.37	6.12181
3945.98	6.10401
3953.59	6.08755
3961.21	6.07269
3966.74	6.06313
3972.28	6.05476
3979.9	6.04564
3987.51	6.03996
3991.32	6.03867
3995.12	6.03859
3998.93	6.0399
4002.74	6.04277
4006.54	6.04744
4010.35	6.05417
4014.16	6.06328
4017.97	6.07515
4021.77	6.09022
4025.58	6.10906
4029.39	6.13234
4033.19	6.16086
4035.79	6.18385
4038.38	6.21016
4040.98	6.24023
4043.57	6.27448
4046.17	6.31357
4048.77	6.35852
4051.36	6.41013
4053.96	6.46945
4055.86	6.51864
4057.76	6.57332
4059.67	6.63425
4061.57	6.70225
4063.48	6.77839
4065.38	6.8638
4067.28	6.95995
4069.18	7.06855
4070.83	7.17398
4072.47	7.29185
4074.12	7.42407
4075.76	7.57292
4077.4	7.74115
4078.23	7.8335
4079.05	7.93192
4079.87	8.03694
4080.69	8.1492
4081.51	8.26946
4082.34	8.39834
4083.29	8.55988
4084.24	8.73577
4085.19	8.92766
4086.14	9.13726
4087.09	9.36728
4088.05	9.62014
4089	9.8989
4089.95	10.2068
4090.9	10.5488
4091.85	10.9297
4092.33	11.1365
4092.8	11.3554
4093.28	11.5873
4093.76	11.8327
4094.23	12.0938
4094.71	12.3714
4095.18	12.6669
4095.66	12.9818
4096.14	13.3178
4096.61	13.6769
4097.09	14.0611
4097.56	14.472
4098.13	14.9982
4098.69	15.5709
4099.25	16.1979
4099.81	16.8841
4100.38	17.6398
4100.94	18.4719
4101.5	19.3925
4102.06	20.4147
4102.54	21.3714
4103.01	22.4231
4103.49	23.5828
4103.97	24.8661
4104.44	26.291
4104.68	27.0633
4104.92	27.8795
4105.16	28.743
4105.39	29.6576
4105.63	30.6274
4105.87	31.6524
4106.09	32.6472
4106.3	33.695
4106.52	34.805
4106.73	35.982
4106.95	37.2377
4107.17	38.5667
4107.38	39.9815
4107.6	41.4896
4107.82	43.1073
4108.03	44.8292
4108.25	46.6731
4108.46	48.6511
4108.68	50.7867
4108.9	53.0757
4109.11	55.5448
4109.33	58.2136
4109.57	61.4122
4109.81	64.9149
4110.04	68.7615
4110.28	72.9985
4110.52	77.6803
4110.76	82.8706
4110.99	88.6439
4111.11	91.7759
4111.23	95.0877
4111.35	98.5923
4111.47	102.304
4111.59	106.239
4111.71	110.413
4111.83	114.845
4111.95	119.554
4112.07	124.561
4112.19	129.887
4112.3	135.557
4112.42	141.595
4112.54	148.029
4112.66	154.886
4112.78	162.196
4112.9	169.989
4113.02	178.297
4113.14	187.075
4113.32	201.915
4113.5	218.265
4113.69	236.246
4113.87	255.973
4114.06	277.545
4114.24	301.044
4114.42	326.523
4114.61	353.845
4114.73	372.662
4114.84	392.287
4115.08	433.83
4115.32	478.109
4115.56	524.361
4116.07	627.552
4116.32	678.204
4116.58	726.193
4116.76	757.204
4116.94	785.501
4117.11	810.527
4117.29	831.658
4117.47	848.681
4117.64	861.037
4117.82	868.589
4118	871.084
4118.18	868.463
4118.36	860.732
4118.54	848.067
4118.72	830.865
4118.89	809.312
4119.07	783.958
4119.25	755.331
4119.43	724.181
4119.76	660.946
4120.09	594.167
4120.43	527.223
4120.76	462.877
4120.93	431.257
4121.1	401.254
4121.27	372.66
4121.44	345.899
4121.62	320.708
4121.79	297.393
4121.96	275.659
4122.13	255.714
4122.3	237.256
4122.47	220.42
4122.64	205.004
4122.82	190.911
4122.99	177.971
4123.16	166.236
4123.33	155.531
4123.5	145.765
4123.62	139.171
4123.75	133
4123.88	127.222
4124	121.852
4124.12	116.776
4124.25	112.014
4124.37	107.543
4124.5	103.375
4124.62	99.4223
4124.75	95.7017
4124.87	92.1962
4125	88.9159
4125.12	85.7938
4125.25	82.8668
4125.49	77.454
4125.67	74.0416
4125.84	70.8857
4126.01	67.9277
4126.18	65.1831
4126.35	62.6024
4126.52	60.2005
4126.69	57.9482
4126.87	55.8332
4127.04	53.8333
4127.21	51.9616
4127.38	50.1874
4127.55	48.5229
4127.72	46.9412
4127.9	45.4542
4128.24	42.7115
4128.58	40.2359
4128.92	38
4129.27	35.9735
4129.61	34.131
4129.95	32.4506
4130.3	30.9137
4130.64	29.5043
4130.98	28.2122
4131.31	27.068
4131.64	26.0107
4131.96	25.0286
4132.29	24.1146
4132.62	23.2601
4132.94	22.4647
4133.27	21.7207
4133.6	21.0238
4133.93	20.3681
4134.25	19.7542
4134.58	19.1767
4134.91	18.633
4135.23	18.1203
4135.56	17.6363
4135.89	17.179
4136.22	16.7464
4136.56	16.3172
4136.9	15.9114
4137.59	15.1635
4138.27	14.4908
4138.96	13.8843
4139.64	13.334
4140.33	12.8346
4141.01	12.3786
4141.7	11.9623
4142.2	11.681
4142.7	11.4167
4143.2	11.168
4143.7	10.9341
4144.19	10.7129
4144.69	10.5045
4145.19	10.3069
4145.69	10.1202
4146.69	9.77447
4147.68	9.46275
4148.68	9.18046
4149.68	8.92402
4150.36	8.76095
4151.05	8.60776
4151.74	8.46365
4152.42	8.32808
4153.79	8.07924
4155.16	7.85675
4156.53	7.65677
4157.91	7.47651
4159.28	7.31325
4160.65	7.16483
4162.02	7.02932
4163.39	6.90538
4164.76	6.79156
4166.13	6.68672
4167.5	6.58988
4168.88	6.50019
4170.25	6.41698
4171.62	6.33962
4172.99	6.26737
4174.36	6.19972
4175.73	6.13622
4177.1	6.07656
4179.84	5.96738
4182.59	5.86992
4185.33	5.78224
4188.07	5.70287
4190.81	5.63053
4193.56	5.56421
4196.3	5.50303
4199.04	5.44634
4201.78	5.39353
4204.52	5.34408
4207.27	5.29757
4210.01	5.25367
4212.75	5.21203
4215.49	5.1724
4219.98	5.11128
4224.47	5.05419
4228.96	5.00021
4233.44	4.94888
4237.93	4.89973
4242.42	4.85243
4246.91	4.80662
4251.39	4.76207
4257.88	4.69945
4264.36	4.63839
4270.84	4.57841
4277.32	4.51915
4283.81	4.46028
4290.29	4.40146
4296.77	4.34257
4303.25	4.28331
4313.22	4.19096
4323.2	4.09674
4333.17	4.00015
4343.14	3.90057
4353.11	3.79737
4363.08	3.69012
4373.06	3.57843
4383.03	3.46162
4393	3.33888
4402.97	3.20979
4412.95	3.07385
4422.92	2.93017
4432.89	2.77763
4442.86	2.61569
4452.84	2.44376
4462.81	2.26091
4473.78	2.04527
4479.26	1.93163
4484.75	1.81398
4490.23	1.69226
4495.72	1.56646
4501.2	1.43663
4506.68	1.30301
4511.17	1.19106
4515.66	1.07707
4520.15	0.961492
4524.64	0.844959
4529.12	0.728271
4533.61	0.612608
4538.1	0.499427
4540.34	0.444513
4542.59	0.391155
4544.21	0.353762
4545.83	0.317518
4547.45	0.282619
4549.07	0.249346
4550.69	0.217907
4552.31	0.188597
4553.12	0.174809
4553.93	0.161683
4554.74	0.149245
4555.55	0.137544
4556.67	0.122647
4557.79	0.109402
4558.92	0.097966
4560.04	0.0885127
4561.16	0.0812032
4561.72	0.0784167
4562.28	0.0762453
4562.84	0.0747191
4563.4	0.0738698
4563.96	0.0737301
4564.52	0.0743318
4565.34	0.0765856
4566.14	0.0805671
4566.95	0.0863938
4567.76	0.0941863
4568.58	0.10408
4569.39	0.116174
4570.2	0.130622
4571.01	0.147587
4571.69	0.164061
4572.38	0.182591
4573.06	0.2033
4573.75	0.226274
4574.44	0.251712
4575.12	0.279678
4575.81	0.310401
4576.49	0.34395
4577.18	0.380593
4577.86	0.420461
4578.55	0.463748
4579.23	0.510587
4579.92	0.561332
4580.6	0.616068
4581.29	0.675201
4581.98	0.738824
4582.66	0.807405
4583.35	0.881158
4584.03	0.960407
4584.72	1.04537
4585.4	1.13667
4586.09	1.23443
4586.78	1.33937
4587.46	1.45164
4588.15	1.57206
4588.83	1.70099
4589.52	1.83903
4590.2	1.98654
4590.89	2.14464
4591.57	2.31356
4592.26	2.49457
4592.95	2.68798
4593.63	2.89525
4594.32	3.11676
4595	3.3542
4595.69	3.60803
4596.37	3.88024
4597.06	4.17138
4597.74	4.48331
4598.43	4.81762
4599.11	5.17662
4599.8	5.56173
4600.49	5.97506
4601.17	6.41823
4601.86	6.89505
4602.54	7.40764
4603.23	7.95905
4603.91	8.55171
4604.6	9.19103
4605.29	9.87919
4605.97	10.6227
4606.66	11.4243
4607.34	12.292
4608.03	13.2291
4608.71	14.2454
4609.4	15.3454
4610.09	16.5409
4610.77	17.8396
4611.46	19.2524
4612.14	20.7888
4612.83	22.4667
4613.51	24.2963
4614.2	26.3001
4614.88	28.4915
4615.57	30.8988
4616.26	33.5439
4616.6	34.9644
4616.94	36.4552
4617.28	38.0206
4617.63	39.6601
4617.97	41.3881
4618.31	43.2049
4618.66	45.116
4619	47.1212
4619.34	49.2385
4619.68	51.4689
4620.03	53.8194
4620.37	56.2905
4620.71	58.9046
4621.05	61.6636
4621.4	64.5768
4621.74	67.6545
4622.08	70.9072
4622.43	74.3467
4622.77	77.9853
4623.11	81.8246
4623.45	85.9011
4623.8	90.2191
4624.14	94.7943
4624.48	99.6295
4624.83	104.771
4625.17	110.224
4625.51	116.008
4625.85	122.127
4626.19	128.599
4626.53	135.443
4626.88	142.702
4627.21	150.399
4627.56	158.582
4627.9	167.229
4628.24	176.387
4628.58	186.078
4628.92	196.358
4629.26	207.184
4629.6	218.606
4629.94	230.636
4630.28	243.322
4630.62	256.593
4630.96	270.483
4631.3	284.979
4631.66	300.962
4632.02	317.512
4632.73	352.192
4634.17	425.065
4634.89	460.933
4635.25	478.076
4635.61	494.41
4635.97	509.723
4636.32	523.802
4636.68	536.448
4637.04	547.475
4637.52	559.397
4638	567.85
4638.48	572.687
4638.96	573.828
4639.35	572.079
4639.74	568.03
4640.12	561.821
4640.51	553.632
4640.9	543.672
4641.29	532.171
4641.68	519.37
4642.07	505.512
4642.85	475.559
4643.63	444.034
4644.4	412.336
4645.18	381.508
4645.68	362.752
4646.17	344.783
4646.66	327.604
4647.15	311.328
4647.64	295.906
4648.14	281.396
4648.63	267.749
4649.12	254.936
4649.73	240.247
4650.33	226.695
4650.94	214.197
4651.54	202.693
4652.15	192.062
4652.76	182.266
4653.36	173.199
4653.97	164.826
4654.44	158.677
4654.92	152.884
4655.39	147.424
4655.87	142.272
4656.35	137.408
4656.82	132.812
4657.3	128.465
4657.77	124.36
4658.25	120.462
4658.72	116.768
4659.2	113.262
4659.68	109.939
4660.15	106.775
4660.63	103.766
4661.58	98.1775
4662.53	93.0934
4663.48	88.4594
4664.43	84.2237
4665.39	80.3457
4666.34	76.7784
4667.29	73.4957
4668.24	70.4616
4669.19	67.6568
4670.58	63.931
4671.96	60.5823
4673.34	57.5589
4674.73	54.8165
4676.11	52.3177
4677.5	50.0338
4678.88	47.9412
4680.27	46.0185
4682.17	43.6174
4684.07	41.4632
4685.98	39.5206
4687.88	37.7615
4689.78	36.1623
4691.68	34.7033
4693.59	33.3677
4695.49	32.1412
4697.39	31.0109
4699.3	29.9675
4701.2	29.0013
4703.1	28.1044
4705.01	27.2699
4706.91	26.4917
4710.72	25.0847
4714.35	23.9025
4717.98	22.8467
4721.62	21.9007
4725.25	21.0494
4728.88	20.2792
4732.52	19.5798
4736.15	18.9419
4739.78	18.3578
4743.59	17.7966
4747.39	17.2814
4751.2	16.8066
4755.01	16.368
4762.62	15.5837
4770.23	14.9031
4776.81	14.3842
4783.38	13.9202
4789.96	13.4997
4796.53	13.1187
4803.11	12.7716
4809.68	12.454
4822.83	11.893
4830.44	11.6069
4838.06	11.3443
4853.28	10.8791
4868.51	10.4792
4883.73	10.1317
4897.57	9.85296
4911.41	9.6035
4922.49	9.4223
4933.56	9.25555
4944.64	9.10184
4955.71	8.96082
4963.32	8.87108
4970.93	8.78758
4974.74	8.74838
4978.55	8.7111
4982.35	8.67598
4986.16	8.64336
4991	8.60614
4993.43	8.58986
4995.85	8.57548
4997.92	8.56494
5000	8.55638
5003.3	8.54788
5004.95	8.54659
5006.6	8.54779
5008.24	8.55201
5009.89	8.55991
5011.54	8.57239
5013.19	8.59058
5014.99	8.61886
5016.79	8.65895
5017.69	8.68474
5018.59	8.71527
5019.49	8.75146
5020.39	8.79446
5021.66	8.87001
5022.3	8.91574
5022.93	8.96798
5023.57	9.02788
5024.21	9.09689
5024.85	9.17681
5025.48	9.26993
5026.31	9.415
5026.72	9.50016
5027.13	9.59557
5027.54	9.7029
5027.95	9.82423
5028.37	9.96208
5028.78	10.1197
5029.12	10.2665
5029.45	10.4315
5029.79	10.6193
5030.13	10.8331
5030.47	11.0799
5030.8	11.3658
5031.14	11.7015
5031.48	12.1008
5031.69	12.3858
5031.89	12.7063
5032.1	13.0708
5032.3	13.4884
5032.51	13.9706
5032.72	14.5314
5032.92	15.1884
5033.13	15.9632
5033.23	16.4028
5033.33	16.8822
5033.44	17.4054
5033.54	17.9771
5033.64	18.6022
5033.74	19.286
5033.85	20.0343
5033.95	20.8533
5034.05	21.7496
5034.16	22.7301
5034.26	23.8024
5034.36	24.9741
5034.47	26.2534
5034.57	27.6485
5034.67	29.168
5034.77	30.8206
5034.9	32.962
5035.02	35.3165
5035.08	36.5779
5035.14	37.8977
5035.26	40.7185
5035.39	43.7907
5035.51	47.1244
5035.63	50.7277
5035.75	54.5732
5035.85	58.0619
5035.96	61.7484
5036.06	65.6306
5036.16	69.7041
5036.26	73.9624
5036.37	78.3967
5036.47	82.9954
5036.57	87.7446
5036.75	96.2564
5036.93	105.062
5037.29	123.024
5037.49	133.234
5037.7	142.972
5037.9	151.991
5038.11	159.922
5038.22	163.477
5038.32	166.631
5038.43	169.417
5038.53	171.756
5038.65	173.876
5038.76	175.404
5038.88	176.322
5039	176.619
5039.12	176.295
5039.24	175.35
5039.35	173.795
5039.47	171.649
5039.6	168.76
5039.72	165.275
5039.85	161.24
5039.97	156.744
5040.1	151.397
5040.24	145.616
5040.37	139.479
5040.51	133.114
5041.04	106.225
5041.2	98.3155
5041.36	90.6647
5041.52	83.3006
5041.68	76.2869
5041.81	70.6498
5041.94	65.3219
5042.08	60.3181
5042.21	55.6807
5042.34	51.3423
5042.48	47.3656
5042.54	45.4845
5042.61	43.6838
5042.68	41.962
5042.74	40.3415
5042.81	38.7715
5042.88	37.2752
5042.94	35.8506
5043.01	34.4954
5043.08	33.2075
5043.15	31.9847
5043.21	30.8245
5043.28	29.7246
5043.35	28.6827
5043.41	27.6963
5043.55	25.8806
5043.68	24.2589
5043.82	22.8129
5043.92	21.8006
5044.02	20.8845
5044.13	20.0396
5044.23	19.2753
5044.33	18.5703
5044.44	17.9323
5044.54	17.3489
5044.64	16.8149
5044.75	16.3212
5044.85	15.873
5045.06	15.0798
5045.26	14.4078
5045.47	13.8373
5045.6	13.5102
5045.74	13.2127
5046.01	12.6932
5046.27	12.2554
5046.54	11.8833
5046.81	11.5611
5047.08	11.2805
5047.35	11.034
5047.61	10.8164
5047.93	10.5884
5048.24	10.3884
5048.56	10.2111
5048.88	10.053
5049.19	9.91082
5049.51	9.78316
5050.14	9.56267
5050.68	9.4052
5051.21	9.2695
5051.75	9.15114
5052.28	9.04751
5052.82	8.95581
5053.35	8.87449
5053.89	8.80182
5054.43	8.73654
5055.2	8.65262
5055.98	8.57967
5056.76	8.51571
5057.54	8.45925
5058.32	8.4089
5059.1	8.36377
5060.65	8.28619
5061.73	8.24067
5062.8	8.20022
5063.87	8.16397
5064.94	8.13128
5067.08	8.07429
5069.22	8.02601
5071.36	7.98412
5073.5	7.94708
5075.64	7.91382
5077.78	7.88356
5079.93	7.85568
5082.07	7.82978
5086.35	7.78253
5089.85	7.74732
5093.36	7.71451
5096.86	7.6835
5100.37	7.65396
5107.37	7.59837
5114.38	7.54633
5122.95	7.48628
5131.51	7.42927
5140.08	7.37465
5148.64	7.32205
5165	7.22623
5181.35	7.13535
5197.7	7.04859
5214.05	6.96534
5245.2	6.81512
5276.35	6.67348
5307.49	6.53909
5338.64	6.41033
5388.47	6.21361
5438.31	6.02511
5506.83	5.77418
5575.36	5.52727
5643.88	5.27941
5712.4	5.02612
5746.66	4.89588
5780.93	4.76277
5815.19	4.62611
5849.45	4.48503
5883.71	4.33949
5917.97	4.1882
5952.23	4.03078
5986.49	3.86689
6012.97	3.73473
6039.44	3.59752
6065.92	3.4549
6092.39	3.30643
6118.87	3.1517
6145.34	2.99082
6171.82	2.82227
6198.29	2.64602
6215.42	2.52756
6232.55	2.40574
6249.68	2.28034
6266.82	2.15114
6283.95	2.01844
6301.08	1.88191
6318.21	1.74178
6335.34	1.59835
6350.91	1.46501
6366.48	1.32937
6382.06	1.1919
6397.63	1.05317
6413.21	0.914004
6428.78	0.775659
6444.35	0.639597
6452.14	0.572926
6459.93	0.507879
6465.77	0.460279
6471.61	0.413922
6477.45	0.369013
6483.29	0.325773
6486.21	0.304773
6489.13	0.284371
6492.05	0.264554
6494.97	0.245344
6497.89	0.226784
6500.81	0.208923
6503.73	0.19181
6506.65	0.175498
6508.59	0.165095
6510.54	0.155091
6512.49	0.145506
6514.43	0.136363
6516.38	0.127672
6518.33	0.119464
6520.27	0.111753
6522.22	0.10457
6524.17	0.0979312
6526.11	0.0918659
6528.06	0.0864008
6530.01	0.0815656
6531.95	0.0773781
6533.9	0.0738547
6535.85	0.0710302
6537.79	0.0689817
6539.35	0.0679228
6540.91	0.0673916
6542.47	0.0674041
6544.02	0.0679803
6546.16	0.0697339
6548.31	0.0726522
6550.45	0.0768006
6552.59	0.0822418
6554.73	0.0890519
6556.87	0.0973006
6559.01	0.107072
6561.15	0.118453
6563.3	0.131545
6565.44	0.146436
6567.58	0.163242
6569.72	0.182084
6571.86	0.203103
6574	0.226422
6576.14	0.252211
6578.28	0.280646
6579.36	0.295924
6580.43	0.311942
6581.5	0.328726
6582.57	0.346293
6583.64	0.364707
6584.71	0.383989
6585.78	0.404176
6586.85	0.425289
6587.92	0.447414
6588.99	0.470578
6590.06	0.494835
6591.13	0.52022
6592.2	0.546842
6593.27	0.574723
6594.34	0.603993
6595.41	0.634683
6597.07	0.685232
6598.72	0.739896
6600.38	0.799177
6602.03	0.863635
6603.69	0.93408
6605.34	1.0114
6606.17	1.05312
6607	1.09704
6607.83	1.14345
6608.65	1.1926
6609.68	1.25761
6610.7	1.32786
6611.72	1.40421
6612.74	1.48768
6613.76	1.57953
6614.78	1.68137
6615.81	1.79526
6616.83	1.92392
6617.36	1.99849
6617.9	2.0786
6618.43	2.16515
6618.97	2.25903
6619.51	2.36153
6620.04	2.47355
6620.58	2.59683
6621.11	2.73329
6621.62	2.8781
6622.13	3.03962
6622.64	3.22106
6623.16	3.42646
6623.41	3.53996
6623.67	3.66106
6623.92	3.79163
6624.18	3.93172
6624.43	4.08365
6624.69	4.24769
6624.94	4.42685
6625.2	4.62179
6625.47	4.8471
6625.73	5.09685
6626	5.37543
6626.27	5.68714
6626.54	6.04139
6626.67	6.2368
6626.81	6.44454
6626.94	6.6693
6627.07	6.91133
6627.21	7.17266
6627.34	7.4534
6627.47	7.76038
6627.61	8.09455
6627.74	8.45931
6627.88	8.85851
6628.01	9.29651
6628.14	9.77823
6628.28	10.3092
6628.41	10.8911
6628.54	11.5395
6628.68	12.258
6628.81	13.0551
6628.95	13.9404
6629.08	14.924
6629.22	16.0174
6629.35	17.2326
6629.48	18.5722
6629.56	19.4476
6629.64	20.3672
6629.72	21.3445
6629.8	22.3828
6629.88	23.4853
6629.96	24.6553
6630.04	25.8961
6630.11	27.2111
6630.19	28.6037
6630.27	30.0772
6630.35	31.6351
6630.43	33.2805
6630.51	35.0169
6630.59	36.8472
6630.67	38.7746
6630.75	40.802
6630.88	44.4769
6631.01	48.4587
6631.15	52.7571
6631.28	57.3788
6631.42	62.3277
6631.55	67.6035
6631.69	73.2024
6631.82	79.0703
6631.93	84.4308
6632.05	89.9559
6632.28	101.626
6632.51	113.924
6632.74	126.645
6633.28	156.308
6633.55	170.269
6633.68	176.8
6633.81	182.896
6633.95	188.586
6634.08	193.723
6634.21	198.327
6634.35	202.277
6634.48	205.565
6634.61	208.152
6634.75	210.009
6634.88	211.107
6635	211.452
6635.13	211.09
6635.27	209.963
6635.4	208.084
6635.53	205.477
6635.73	200.403
6635.92	193.995
6636.1	186.802
6636.29	178.679
6636.43	171.878
6636.57	164.7
6636.86	149.591
6637.22	129.259
6637.59	109.222
6637.77	99.6079
6637.96	90.4655
6638.14	81.7702
6638.32	73.6718
6638.49	66.7911
6638.57	63.5196
6638.66	60.4128
6638.74	57.3963
6638.82	54.5415
6638.91	51.7787
6638.99	49.1724
6639.08	46.6579
6639.16	44.293
6639.24	42.018
6639.33	39.8842
6639.41	37.8371
6639.49	35.9221
6639.58	34.1106
6639.66	32.399
6639.75	30.614
6639.84	28.9419
6639.93	27.3773
6640.03	25.9304
6640.12	24.564
6640.21	23.2894
6640.3	22.1014
6640.39	21.0065
6640.48	19.9758
6640.58	19.0169
6640.67	18.1253
6640.76	17.3052
6640.85	16.5344
6640.94	15.8182
6641.04	15.1528
6641.13	14.541
6641.25	13.7639
6641.38	13.066
6641.5	12.4335
6641.63	11.8597
6641.75	11.3386
6641.88	10.8647
6642	10.433
6642.13	10.0391
6642.25	9.67912
6642.38	9.34939
6642.5	9.04679
6642.63	8.76852
6642.75	8.51207
6642.88	8.27524
6643.13	7.8528
6643.31	7.57936
6643.49	7.33415
6643.68	7.11098
6643.86	6.90932
6644.05	6.7245
6644.23	6.55642
6644.6	6.25981
6644.96	6.00818
6645.33	5.79311
6645.7	5.60824
6646.06	5.44866
6646.57	5.26473
6647.06	5.11341
6647.57	4.98832
6648.07	4.8855
6648.57	4.80102
6649.07	4.73243
6649.57	4.67731
6650.07	4.63382
6650.6	4.59858
6651.34	4.56618
6652.07	4.54974
6652.8	4.5468
6653.54	4.55542
6654.27	4.5741
6655.01	4.60159
6655.74	4.63691
6656.47	4.67923
6657.87	4.77707
6659.27	4.89436
6660.68	5.02859
6662.08	5.17801
6663.48	5.34141
6664.88	5.51794
6666.28	5.70704
6667.68	5.9084
6669.28	6.15352
6670.88	6.41408
6672.49	6.69016
6674.09	6.98157
6677.02	7.55788
6679.96	8.19116
6682.9	8.88531
6685.83	9.64478
6688.77	10.4757
6691.7	11.3839
6694.64	12.3774
6697.57	13.4639
6700.51	14.6535
6703.44	15.9567
6706.38	17.3854
6707.85	18.1511
6709.32	18.9528
6710.78	19.7936
6712.25	20.6752
6713.72	21.5998
6715.19	22.5697
6716.65	23.5875
6718.12	24.6558
6719.59	25.7777
6721.06	26.9552
6722.53	28.1933
6723.99	29.4947
6725.46	30.8631
6726.93	32.3024
6728.4	33.8168
6729.87	35.4109
6731.33	37.0893
6732.8	38.8574
6734.27	40.7203
6735.74	42.6841
6737.21	44.7548
6738.67	46.9391
6740.14	49.2439
6741.61	51.6768
6743.08	54.2457
6744.55	56.9571
6746.01	59.8238
6747.48	62.8535
6748.95	66.0563
6750.42	69.4428
6751.89	73.0244
6753.35	76.8129
6754.82	80.8209
6756.29	85.0585
6757.76	89.5451
6759.22	94.2922
6760.69	99.3143
6762.16	104.623
6763.63	110.241
6765.09	116.18
6766.56	122.455
6768.03	129.078
6769.73	137.217
6771.43	145.866
6773.13	155.053
6774.83	164.781
6776.53	175.07
6778.23	185.913
6779.93	197.319
6781.63	209.263
6783.34	221.735
6785.03	234.694
6788.44	261.82
6791.84	289.769
6795.24	317.714
6796.96	331.438
6798.68	344.609
6800.4	357.031
6802.12	368.499
6803.84	378.82
6805.56	387.799
6807.28	395.286
6809	401.157
6811.29	406.334
6813.59	408.41
6815.45	407.851
6817.32	405.376
6819.18	401.127
6821.04	395.285
6822.91	388.049
6824.77	379.629
6826.64	370.223
6828.5	360.056
6832.23	338.437
6835.95	316.02
6839.68	293.739
6841.54	282.887
6843.41	272.321
6846.11	257.542
6848.82	243.535
6851.53	230.344
6854.24	217.983
6856.95	206.43
6859.65	195.663
6862.36	185.644
6865.07	176.336
6867.73	167.824
6870.39	159.908
6873.06	152.544
6875.72	145.692
6878.38	139.312
6881.05	133.367
6883.71	127.823
6886.37	122.647
6888.43	118.881
6890.49	115.306
6892.55	111.909
6894.6	108.684
6896.66	105.625
6898.72	102.708
6900.78	99.9212
6902.84	97.2643
6904.89	94.7284
6906.95	92.3079
6911.07	87.7876
6915.18	83.6523
6919.3	79.8618
6921.96	77.5745
6924.62	75.4065
6927.29	73.3496
6929.95	71.3965
6932.61	69.5401
6935.28	67.774
6937.94	66.0925
6940.6	64.4902
6943.26	62.9619
6945.93	61.5031
6951.25	58.7776
6956.58	56.283
6961.91	53.9933
6967.23	51.8856
6972.56	49.9412
6977.88	48.1426
6983.21	46.4751
6988.54	44.9257
6993.86	43.4831
6999.19	42.1372
7004.52	40.879
7009.11	39.8571
7013.72	38.8906
7022.91	37.1126
7032.11	35.5026
7041.31	34.047
7050.51	32.7236
7059.71	31.5151
7068.91	30.4078
7078.11	29.3912
7088.76	28.3152
7099.42	27.3315
7110.07	26.4303
7120.72	25.6032
7131.37	24.8392
7142.02	24.1338
7152.68	23.4798
7163.33	22.8713
7175.92	22.2065
7188.51	21.5926
7201.1	21.0246
7213.68	20.4982
7226.27	20.0079
7238.86	19.5552
7251.45	19.1266
7264.04	18.7258
7285.34	18.1065
7306.65	17.5449
7327.95	17.0355
7349.26	16.5735
7370.56	16.1486
7391.87	15.76
7413.17	15.4019
7434.47	15.0696
7455.78	14.7632
7477.08	14.4773
7519.69	13.9623
7562.3	13.5098
7604.91	13.1094
7641.71	12.7991
7678.51	12.5166
7715.3	12.2572
7752.1	12.0198
7788.9	11.8002
7825.7	11.5962
7899.3	11.2285
7984.51	10.8595
8069.73	10.5361
8154.95	10.2478
8240.16	9.98644
8317.63	9.76668
8395.1	9.55825
8457.08	9.39701
8519.05	9.2381
8550.04	9.1589
8581.03	9.07968
8612.02	9.00054
8643.01	8.92216
8666.25	8.86501
8677.87	8.83758
8689.49	8.81141
8700.14	8.78912
8710.79	8.76929
8721.45	8.75311
8732.1	8.74251
8738.88	8.74007
8745.66	8.7423
8752.43	8.75119
8759.21	8.76946
8764.54	8.7931
8769.86	8.82823
8775.19	8.87959
8780.52	8.95435
8785.84	9.06454
8788.51	9.13888
8791.17	9.23083
8793.83	9.34568
8796.49	9.49086
8799.16	9.67713
8801.82	9.92038
8803.52	10.1155
8805.21	10.3524
8806.91	10.6436
8808.6	11.0068
8809.93	11.3592
8811.26	11.7887
8811.93	12.04
8812.59	12.3205
8813.26	12.6349
8813.93	12.9885
8814.53	13.351
8815.14	13.7579
8815.74	14.2176
8816.35	14.7398
8816.95	15.3376
8817.56	16.0242
8818.16	16.8202
8818.47	17.2675
8818.77	17.7505
8819.1	18.3315
8819.43	18.9697
8819.77	19.6733
8820.1	20.4515
8820.43	21.3155
8820.77	22.2785
8821.1	23.3563
8821.43	24.5637
8821.76	25.9301
8822.1	27.4787
8822.26	28.3335
8822.43	29.2408
8822.6	30.2161
8822.76	31.2529
8822.93	32.3694
8823.1	33.558
8823.26	34.8394
8823.43	36.205
8823.6	37.6784
8823.76	39.2494
8823.93	40.9343
8824.09	42.7411
8824.34	45.6232
8824.58	48.7973
8824.82	52.3011
8825.06	56.1603
8825.31	60.3991
8825.55	65.039
8825.79	70.0973
8826.03	75.5858
8826.2	79.627
8826.36	83.8487
8826.53	88.2988
8826.7	92.9185
8827.03	102.741
8827.36	113.183
8828.69	157.829
8829.11	170.859
8829.32	176.84
8829.52	182.329
8829.73	187.302
8829.94	191.658
8830.15	195.33
8830.35	198.25
8830.52	199.993
8830.68	201.236
8830.84	201.978
8831	202.213
8831.21	201.752
8831.42	200.432
8831.63	198.274
8831.84	195.312
8832.05	191.596
8832.26	187.182
8832.47	182.14
8832.68	176.573
8833.05	165.464
8833.43	153.332
8834.18	127.871
8834.56	115.106
8834.94	102.991
8835.13	97.241
8835.33	91.7264
8835.52	86.4631
8835.71	81.4622
8835.9	76.7063
8836.09	72.2475
8836.28	68.0595
8836.47	64.1382
8836.66	60.477
8836.85	57.0675
8837.05	53.8992
8837.24	50.9608
8837.39	48.7089
8837.55	46.6099
8837.71	44.6297
8837.86	42.7864
8838.02	41.0492
8838.18	39.4332
8838.33	37.9108
8838.49	36.4949
8838.65	35.1609
8838.8	33.9197
8838.96	32.7496
8839.11	31.6602
8839.27	30.6321
8839.43	29.6738
8839.74	27.9283
8839.93	26.9563
8840.12	26.0584
8840.31	25.2235
8840.51	24.4459
8840.7	23.7172
8840.89	23.0404
8841.27	21.8147
8841.65	20.7344
8842.03	19.782
8842.42	18.9357
8842.8	18.1801
8843.18	17.5008
8843.56	16.8906
8843.95	16.339
8844.33	15.8385
8844.71	15.3817
8845.09	14.9657
8845.48	14.5846
8845.86	14.2345
8846.62	13.6139
8847.39	13.0829
8848.15	12.6246
8848.92	12.2265
8849.68	11.8776
8850.45	11.5703
8851.21	11.2981
8851.98	11.056
8853.5	10.6443
8855.03	10.3096
8856.56	10.0331
8858.09	9.80173
8860.46	9.51127
8862.82	9.28131
8865.18	9.09501
8867.55	8.94139
8870.6	8.77854
8873.66	8.64573
8876.72	8.53498
8879.78	8.4408
8883.67	8.33878
8887.57	8.25163
8891.46	8.17543
8895.35	8.10727
8903.14	7.98777
8910.92	7.88256
8918.71	7.7853
8926.49	7.69177
8938.73	7.54603
8950.96	7.39522
8963.2	7.23327
8975.43	7.05443
8986.56	6.87182
8997.68	6.66416
9008.8	6.42387
9019.92	6.14139
9026.04	5.96263
9032.16	5.76366
9038.28	5.54059
9044.39	5.28867
9049.68	5.04318
9054.96	4.76677
9057.6	4.61511
9060.24	4.45346
9062.89	4.28081
9065.53	4.09599
9068.59	3.86496
9071.64	3.61398
9074.7	3.34069
9076.23	3.19505
9077.76	3.043
9079.29	2.88417
9080.82	2.71853
9082.35	2.54568
9083.88	2.36575
9085.41	2.17853
9086.94	1.98448
9088.47	1.784
9090	1.57799
9092.36	1.25247
9094.72	0.92833
9095.9	0.772499
9096.49	0.697749
9097.09	0.625943
9097.68	0.557855
9098.27	0.494399
9098.86	0.436661
9099.45	0.386012
9099.85	0.356414
9100.25	0.33128
9100.65	0.311234
9101.05	0.297012
9101.45	0.289345
9101.85	0.289185
9102.25	0.297568
9102.65	0.315614
9102.79	0.324412
9103.03	0.343272
9103.27	0.366683
9103.52	0.395225
9103.76	0.429079
9104	0.468981
9104.25	0.515098
9104.49	0.568117
9104.73	0.628626
9104.92	0.682151
9105.12	0.740772
9105.31	0.805115
9105.5	0.875571
9105.69	0.952556
9105.88	1.03652
9106.07	1.12795
9106.26	1.22738
9106.45	1.33594
9106.65	1.45312
9106.84	1.58013
9107.03	1.71767
9107.22	1.86651
9107.41	2.02749
9107.6	2.20151
9107.79	2.38954
9108.03	2.65184
9108.28	2.93994
9108.52	3.25892
9108.64	3.43049
9108.76	3.60914
9108.89	3.79826
9109.01	3.99684
9109.13	4.20538
9109.25	4.42254
9109.37	4.65245
9109.5	4.89189
9109.62	5.14541
9109.74	5.40948
9109.93	5.85594
9110.12	6.33591
9110.31	6.85463
9110.5	7.41539
9110.69	8.02175
9110.89	8.67762
9111.08	9.38722
9111.27	10.1552
9111.46	10.991
9111.65	11.8914
9111.84	12.8664
9112.03	13.9225
9112.22	15.0663
9112.41	16.3052
9112.6	17.6471
9112.8	19.1003
9112.99	20.6822
9113.18	22.3857
9113.37	24.2286
9113.56	26.2211
9113.75	28.3738
9113.94	30.6978
9114.13	33.204
9114.32	35.9038
9114.52	38.8241
9114.71	41.9454
9114.9	45.293
9115.09	48.8768
9115.28	52.7059
9115.47	56.7882
9115.66	61.1304
9115.85	65.7372
9116.05	70.6378
9116.24	75.7818
9116.43	81.1918
9116.62	86.8629
9116.81	92.7871
9117	98.9527
9117.38	111.944
9117.64	120.964
9117.89	130.207
9118.39	149.154
9118.64	158.679
9118.9	168.102
9119.15	177.313
9119.4	186.202
9119.7	196.203
9120	205.397
9120.25	212.315
9120.5	218.458
9120.75	223.747
9121	228.115
9121.3	232.072
9121.6	234.579
9121.9	235.621
9122.2	235.22
9122.5	233.433
9122.8	230.35
9123.1	226.088
9123.4	220.785
9123.7	214.594
9124	207.677
9124.47	195.901
9124.93	183.353
9125.4	170.554
9125.86	157.962
9126.31	146.079
9126.54	140.392
9126.77	134.902
9127	129.622
9127.23	124.561
9127.68	115.118
9128.04	108.429
9128.39	102.285
9128.74	96.6269
9129.09	91.4575
9129.45	86.7134
9129.8	82.3864
9130.15	78.4272
9130.5	74.8022
9130.96	70.5511
9131.41	66.7441
9131.87	63.3247
9132.33	60.2501
9132.78	57.464
9133.24	54.9369
9133.69	52.637
9134.15	50.5415
9134.6	48.618
9135.06	46.8511
9135.52	45.2234
9135.97	43.7201
9136.43	42.328
9136.88	41.0359
9137.34	39.8337
9137.8	38.7127
9138.67	36.7705
9139.54	35.0546
9140.41	33.527
9141.28	32.1592
9142.15	30.9269
9143.02	29.8139
9143.89	28.803
9144.76	27.8813
9145.67	26.9988
9146.58	26.1917
9147.49	25.4507
9148.41	24.7684
9150.23	23.5544
9152.05	22.5075
9153.38	21.8326
9154.71	21.2203
9156.03	20.6619
9157.36	20.1505
9160.01	19.2466
9162.66	18.4736
9164.49	18.0042
9166.31	17.5775
9169.96	16.8315
9173.61	16.201
9177.25	15.6612
9181.23	15.1546
9185.21	14.7168
9189.19	14.3351
9193.17	13.9994
9200.46	13.477
9207.76	13.0483
9215.05	12.6902
9222.35	12.3864
9229.64	12.1253
9236.94	11.8983
9251.53	11.523
9266.12	11.2244
9280.7	10.9805
9295.3	10.7771
9309.88	10.6046
9329.78	10.407
9349.67	10.2427
9369.57	10.1025
9389.46	9.9815
9418.64	9.83069
9447.82	9.70375
9477	9.59477
9506.18	9.4998
9516.79	9.46817
9541.99	9.39834
9567.19	9.33496
9592.39	9.27721
9617.59	9.22446
9636.16	9.18867
9654.72	9.1555
9669.31	9.13142
9683.9	9.10941
9698.49	9.09002
9705.79	9.08164
9713.08	9.07442
9722.37	9.06746
9731.65	9.06404
9736.29	9.06429
9740.93	9.06637
9745.58	9.07082
9750.22	9.0785
9755.19	9.09177
9760.17	9.1126
9762.65	9.12703
9765.14	9.14517
9767.63	9.1681
9770.11	9.19723
9772.93	9.24047
9775.75	9.29899
9778.57	9.38016
9779.98	9.43292
9781.39	9.49677
9783.21	9.60134
9785.03	9.74048
9785.95	9.82793
9786.86	9.93116
9787.77	10.0542
9788.68	10.2026
9789.59	10.3842
9790.51	10.6103
9791.42	10.8975
9791.87	11.0717
9792.33	11.2719
9792.72	11.4713
9793.12	11.7005
9793.51	11.9669
9793.9	12.2795
9794.3	12.6532
9794.69	13.106
9794.89	13.3698
9795.09	13.6637
9795.28	13.9925
9795.48	14.3598
9795.71	14.8459
9795.94	15.4068
9796.16	16.0564
9796.39	16.8108
9796.62	17.6889
9796.73	18.181
9796.85	18.7123
9796.96	19.2861
9797.08	19.9056
9797.19	20.5744
9797.3	21.2895
9797.42	22.0746
9797.53	22.914
9797.65	23.8183
9797.76	24.7919
9797.87	25.8393
9797.99	26.9648
9798.1	28.173
9798.22	29.4687
9798.33	30.8562
9798.44	32.3402
9798.56	33.9252
9798.67	35.6154
9798.79	37.415
9798.9	39.328
9799.01	41.3578
9799.13	43.5078
9799.27	46.4204
9799.42	49.5366
9799.56	52.8594
9799.71	56.3903
9799.85	60.1288
9800	64.0722
9800.14	68.2153
9800.29	72.5507
9800.51	79.731
9800.74	87.3065
9800.97	95.2057
9801.2	103.339
9801.63	119.113
9802.07	134.465
9802.3	142.011
9802.52	149.016
9802.75	155.338
9802.98	160.837
9803.22	165.533
9803.45	169.101
9803.59	170.617
9803.73	171.71
9803.86	172.368
9804	172.587
9804.15	172.328
9804.3	171.556
9804.45	170.27
9804.59	168.499
9804.72	166.552
9804.85	164.273
9804.98	161.645
9805.11	158.728
9805.38	151.914
9805.64	144.14
9805.9	135.597
9806.16	126.512
9807.02	95.6296
9807.28	86.5343
9807.54	77.9118
9807.68	73.7673
9807.81	69.8006
9807.94	65.9879
9808.07	62.3356
9808.2	58.8224
9808.33	55.5044
9808.46	52.3559
9808.59	49.3769
9808.73	46.5663
9808.86	43.9218
9808.99	41.4399
9809.12	39.1164
9809.25	36.9305
9809.38	34.9097
9809.51	33.0307
9809.64	31.2872
9809.77	29.6725
9809.91	28.1796
9810.04	26.8017
9810.17	25.5318
9810.3	24.363
9810.43	23.2885
9810.56	22.3019
9810.69	21.3966
9810.82	20.5667
9810.95	19.8062
9811.08	19.1096
9811.22	18.4716
9811.35	17.8832
9811.48	17.3485
9811.61	16.8586
9811.74	16.4095
9811.87	15.9976
9812	15.6194
9812.26	14.9522
9812.53	14.3841
9812.79	13.9013
9813.05	13.4865
9813.31	13.1276
9813.72	12.6598
9814.12	12.2761
9814.53	11.9554
9814.93	11.6834
9815.34	11.4497
9815.74	11.2467
9816.55	10.9114
9817.08	10.7329
9817.6	10.5784
9818.65	10.3239
9819.7	10.1241
9820.75	9.96402
9821.8	9.83325
9822.85	9.72495
9823.9	9.63408
9824.94	9.55708
9827.04	9.43405
9829.14	9.34096
9830.86	9.28047
9832.57	9.23049
9836	9.15294
9839.44	9.09584
9842.87	9.05227
9847.45	9.0081
9852.02	8.97454
9853.55	8.96507
9858.12	8.94037
9862.7	8.91993
9867.28	8.90265
9871.86	8.88771
9877.96	8.87047
9884.06	8.85553
9893.21	8.83607
9902.37	8.81905
9911.52	8.80377
9920.67	8.78974
9935.93	8.76834
9951.18	8.7487
9963.39	8.7339
9975.59	8.71971
10000	8.6928
10020.8	8.67111
10041.6	8.65028
10083.2	8.61078
10124.7	8.57361
10166.3	8.53839
10230.6	8.48717
10294.8	8.43932
10423.3	8.35165
10514	8.29524
10604.7	8.24261
10786.2	8.14687
10982.7	8.05511
11081	8.01328
11179.2	7.97402
11254.8	7.94563
11330.4	7.91888
11413.6	7.89175
11455.1	7.87929
11496.7	7.86775
11538.3	7.8574
11579.9	7.84859
11621.4	7.84191
11663	7.83834
11683.8	7.83824
11704.6	7.8397
11725.4	7.84317
11746.2	7.84937
11763.2	7.85718
11780.2	7.86835
11797.2	7.88411
11814.2	7.90633
11824.6	7.92446
11835	7.94722
11845.4	7.97624
11855.8	8.01381
11862.9	8.04623
11869.9	8.08604
11877	8.13607
11884.1	8.20073
11888.8	8.25554
11893.6	8.32352
11898.3	8.41073
11900.6	8.46416
11903	8.52655
11905.6	8.6089
11908.2	8.71057
11910.8	8.8395
11912.1	8.91796
11913.4	9.0087
11915.1	9.14757
11916.7	9.32011
11918.4	9.54174
11919.2	9.67879
11920	9.83641
11921.2	10.1168
11921.8	10.2854
11922.4	10.4795
11923	10.7056
11923.6	10.9723
11924.2	11.292
11924.8	11.683
11925.1	11.9425
11925.4	12.2294
11925.7	12.5699
11926.1	12.9532
11926.4	13.4161
11926.7	13.9462
11927	14.5968
11927.2	14.9577
11927.4	15.3526
11927.5	15.7854
11927.7	16.2292
11927.8	16.7473
11928	17.2791
11928.1	17.9006
11928.3	18.5388
11928.4	19.2845
11928.6	20.0501
11928.8	20.9439
11928.9	21.8602
11929.1	22.9282
11929.2	24.021
11929.4	25.2916
11929.5	26.5879
11929.7	28.0904
11929.8	29.618
11930	31.4967
11930.2	33.4155
11930.3	35.4875
11930.5	37.7189
11930.6	40.2707
11930.8	42.8473
11931	45.5972
11931.1	48.5224
11931.3	51.823
11931.5	55.1095
11931.6	58.5674
11931.8	62.1917
11932	66.2165
11932.1	70.1582
11932.4	78.4372
11932.7	85.2041
11932.9	92.1509
11933.4	106.213
11933.8	115.279
11934.1	123.603
11934.4	131.209
11934.6	134.663
11934.7	137.844
11934.9	140.725
11935	143.278
11935.2	145.481
11935.4	147.21
11935.5	148.757
11935.7	149.8
11935.8	150.43
11936	150.643
11936.1	150.485
11936.3	150.006
11936.4	149.211
11936.6	148.194
11936.7	146.471
11936.9	144.32
11937.1	141.763
11937.2	138.827
11937.4	135.542
11937.6	132.161
11937.9	124.68
11938.2	116.184
11938.5	107.173
11939	93.7105
11939.5	80.7699
11939.8	72.1444
11940	68.154
11940.1	64.3076
11940.3	60.6157
11940.5	57.0867
11940.6	53.727
11940.8	50.5404
11941	47.3469
11941.1	44.5223
11941.3	41.8722
11941.4	39.3936
11941.6	36.9437
11941.8	34.8052
11941.9	32.8231
11942.1	30.9907
11942.2	29.4024
11942.4	27.9331
11942.5	26.5766
11942.7	25.4065
11942.8	24.2495
11943	23.1863
11943.1	22.2104
11943.3	21.373
11943.4	20.5488
11943.6	19.7944
11943.7	19.1044
11943.9	18.5139
11944	17.9339
11944.2	17.4038
11944.3	16.9193
11944.4	16.5046
11944.6	16.0454
11944.8	15.6534
11944.9	15.2752
11945.1	14.9517
11945.4	14.3704
11945.8	13.8994
11946.1	13.4908
11946.4	13.1453
11946.7	12.8511
11947.1	12.6056
11947.6	12.2506
11948.2	11.9685
11948.7	11.7411
11949.3	11.556
11949.9	11.4043
11950.4	11.2797
11951.5	11.094
11952.7	10.9668
11953.9	10.8938
11954.9	10.8654
11955.8	10.8595
11957.7	10.9036
11959.6	11.0117
11961.5	11.1776
11962.8	11.326
11964.1	11.501
11965.4	11.7056
11966.7	11.9421
11968	12.214
11969.3	12.5257
11970.6	12.8829
11971.9	13.2925
11972.9	13.6525
11973.9	14.0501
11974.9	14.4994
11975.9	14.9985
11976.9	15.5659
11977.9	16.2009
11978.9	16.9215
11979.9	17.7431
11980.6	18.3498
11981.2	19.0048
11981.9	19.7242
11982.5	20.5164
11983.2	21.3914
11983.8	22.3607
11984.5	23.4382
11985.1	24.6401
11985.8	25.9855
11986.4	27.4975
11987.1	29.2036
11987.4	30.1543
11987.7	31.1367
11988	32.2174
11988.4	33.3365
11988.7	34.5702
11989	35.8505
11989.3	37.265
11989.7	38.7358
11990	40.3639
11990.3	42.06
11990.7	44.4783
11991.2	47.0708
11991.6	49.9171
11992	53.0433
11992.4	56.5648
11992.8	60.3428
11993.2	64.4857
11993.6	69.0205
11993.9	72.9719
11994.3	77.2038
11994.6	81.7243
11994.9	86.3876
11995.3	91.4856
11995.6	96.7045
11995.9	102.36
11996.2	108.092
11996.7	116.327
11997.1	124.694
11998	142.121
11998.8	159.17
11999.3	166.992
11999.7	174.144
12000	178.489
12000.3	182.38
12000.6	185.763
12000.9	188.501
12001.1	190.749
12001.4	192.366
12001.7	193.327
12002	193.619
12002.2	193.368
12002.5	192.695
12002.7	191.549
12002.9	190.037
12003.2	188.043
12003.4	185.751
12003.9	180.139
12004.3	173.167
12004.8	165.186
12005.3	156.461
12005.7	147.453
12007.2	118.318
12007.6	111.277
12007.9	104.686
12008.3	98.393
12008.6	92.4244
12009	86.7973
12009.4	81.6615
12009.7	76.8563
12010.1	72.3762
12010.4	68.2116
12010.8	64.3492
12011.1	60.774
12011.5	57.4689
12011.9	53.8347
12012.3	50.6086
12012.7	47.6037
12013.1	44.9358
12013.5	42.4484
12014	40.2361
12014.4	38.2158
12014.8	36.368
12015.1	34.8742
12015.5	33.5264
12015.8	32.2728
12016.2	31.1053
12016.5	30.0167
12016.9	29.0002
12017.2	28.05
12017.6	27.1606
12018.3	25.5233
12019	24.1003
12019.7	22.8388
12020.4	21.7158
12021.1	20.6984
12021.8	19.7991
12022.5	18.9892
12023.2	18.2574
12023.9	17.585
12024.6	16.9826
12025.3	16.4333
12026	15.9311
12027	15.267
12028.1	14.6851
12029.1	14.1674
12030.1	13.7049
12031.1	13.2899
12032.1	12.9161
12033.2	12.5782
12034.2	12.2717
12035.6	11.8929
12037	11.5611
12038.4	11.2648
12039.8	11.0027
12041.2	10.7665
12042.6	10.5559
12045.4	10.1939
12048.5	9.86968
12051.5	9.60446
12054.6	9.38355
12057.7	9.19867
12060.5	9.05352
12063.3	8.92763
12068.9	8.72179
12074.5	8.56151
12080.1	8.43419
12085.7	8.33113
12091.4	8.24662
12097	8.17639
12102.6	8.11746
12112.3	8.03562
12122	7.97203
12131.7	7.9216
12141.4	7.88081
12151.6	7.84559
12161.8	7.81644
12182.2	7.77099
12194.5	7.74964
12219	7.71566
12243.5	7.68963
12266	7.67037
12288.4	7.65417
12310.9	7.64016
12333.4	7.6278
12349.7	7.6196
12394.6	7.5996
12439.6	7.58221
12484.5	7.56655
12529.4	7.55212
12594.8	7.53271
12643.8	7.51909
12692.8	7.50608
12725.5	7.49777
12758.1	7.48975
12799	7.48021
12819.4	7.4757
12839.8	7.47143
12860.2	7.46751
12880.7	7.46405
12901.1	7.4613
12911.3	7.46028
12921.5	7.45969
12929.7	7.45958
12937.8	7.4599
12946	7.46078
12954.2	7.46243
12962.3	7.46508
12970.5	7.46922
12978.7	7.47559
12986.8	7.48532
12994	7.49821
12997.6	7.50689
13001.1	7.51759
13004.7	7.53112
13008.3	7.54835
13011.9	7.57065
13015.4	7.60009
13018.8	7.63663
13022.1	7.68632
13023.7	7.7182
13025.4	7.75639
13027.1	7.80266
13028.7	7.85942
13030.8	7.94923
13032.8	8.06963
13034.9	8.23763
13035.9	8.34803
13036.9	8.48333
13038.2	8.70186
13038.8	8.83895
13039.4	8.99835
13040.1	9.1924
13040.7	9.42955
13041.4	9.72611
13041.7	9.90413
13042	10.1007
13042.3	10.3657
13042.7	10.6701
13043.1	11.0327
13043.4	11.4688
13043.6	11.7277
13043.8	11.9975
13043.9	12.3131
13044.1	12.6428
13044.3	13.0295
13044.5	13.4343
13044.6	13.9097
13044.8	14.4079
13044.9	14.8241
13045.1	15.2738
13045.2	15.7592
13045.3	16.2415
13045.4	16.8035
13045.6	17.4096
13045.7	18.0626
13045.8	18.7098
13046	19.4619
13046.1	20.2703
13046.2	21.1382
13046.3	21.995
13046.5	22.9866
13046.6	24.0474
13046.7	25.1805
13046.8	26.2933
13047	28.0883
13047.2	29.9279
13047.4	32.0352
13047.5	34.1809
13047.7	36.6217
13047.9	39.0893
13048.1	41.8752
13048.2	44.6695
13048.4	47.7985
13048.6	50.9102
13048.8	54.3637
13048.9	57.7666
13049.1	61.507
13049.3	65.1557
13049.6	72.9539
13050.4	89.312
13050.7	97.1998
13051	104.639
13051.2	108.205
13051.4	111.37
13051.6	114.474
13051.8	117.142
13052	120.917
13052.3	123.744
13052.5	125.083
13052.6	126.016
13052.8	126.624
13053	126.901
13053	126.919
13053.2	126.758
13053.3	126.306
13053.5	125.565
13053.6	124.542
13053.9	122.233
13054.1	119.346
13054.3	116.015
13054.6	112.193
13054.9	105.979
13055.2	99.0953
13055.7	89.0187
13056.1	78.6345
13056.6	68.2028
13056.8	63.1902
13057	58.5762
13057.2	54.5603
13057.4	50.7332
13057.6	47.1082
13057.8	43.8604
13058	40.6533
13058.2	37.8097
13058.4	35.0297
13058.6	32.5881
13058.7	31.144
13058.8	29.8853
13058.9	28.6875
13059.1	27.549
13059.2	26.3727
13059.3	25.3528
13059.4	24.387
13059.5	23.4732
13059.6	22.5336
13059.7	21.7225
13059.8	20.9575
13060	20.2365
13060.1	19.4979
13060.2	18.8626
13060.4	17.704
13060.6	16.9032
13060.7	16.218
13060.9	15.5567
13061.1	14.9918
13061.2	14.4472
13061.4	13.9822
13061.6	13.5341
13061.7	13.1513
13061.9	12.7821
13062.1	12.4664
13062.2	12.1613
13062.4	11.8998
13062.7	11.4288
13063	11.0346
13063.3	10.7972
13063.5	10.5856
13063.9	10.2326
13064.4	9.94348
13064.8	9.70279
13065.3	9.49523
13065.8	9.32159
13066.7	9.03943
13067.5	8.82645
13068.4	8.65688
13069.3	8.51604
13070.1	8.40002
13071.8	8.21747
13073.6	8.08245
13075.1	7.99225
13076.5	7.91993
13078	7.86055
13079.5	7.81113
13082.5	7.73411
13085.4	7.67745
13088.1	7.63861
13090.7	7.60775
13093.3	7.58263
13096	7.56198
13101.2	7.52995
13106.5	7.50655
13111.8	7.48883
13117	7.47501
13122.3	7.46399
13127.6	7.45496
13136.8	7.44244
13146	7.43285
13155.3	7.42519
13164.5	7.41885
13173.7	7.4135
13182.9	7.40877
13192.1	7.40456
13201.4	7.40075
13213.2	7.3963
13225.1	7.39223
13248.8	7.38493
13272.5	7.37832
13296.2	7.3722
13320	7.3664
13343.7	7.36085
13391.1	7.35031
13433.2	7.34138
13475.4	7.33279
13559.7	7.31644
13617.7	7.30585
13675.7	7.29585
13733.6	7.28654
13791.6	7.27816
13841.7	7.27192
13891.7	7.26695
13941.8	7.26381
13991.9	7.26341
14020.9	7.26504
14049.8	7.2686
14078.8	7.2748
14107.8	7.28472
14126.2	7.29373
14144.7	7.30548
14163.1	7.32099
14181.6	7.34146
14196.1	7.36222
14210.6	7.38845
14225	7.42195
14239.5	7.46534
14250.1	7.50528
14260.6	7.55461
14271.2	7.6161
14281.7	7.6944
14289	7.76107
14296.2	7.84136
14303.5	7.93913
14310.7	8.05952
14317.9	8.21032
14325.2	8.4019
14332.4	8.65085
14336	8.80368
14339.7	8.98059
14343.3	9.18789
14346.9	9.43176
14350.5	9.72262
14354.2	10.071
14356	10.2732
14357.8	10.4956
14359.6	10.7422
14361.4	11.0167
14363.2	11.3235
14365	11.6677
14366.9	12.0557
14368.7	12.495
14370	12.8531
14371.3	13.2476
14372.6	13.6837
14373.9	14.1634
14375.2	14.7012
14376.6	15.3021
14377.9	15.9765
14379.2	16.7305
14380.1	17.3115
14381	17.9459
14381.9	18.6403
14382.8	19.3934
14383.7	20.2309
14384.6	21.1442
14385.6	22.1656
14386.5	23.2862
14387.4	24.5474
14388.3	25.9403
14389.2	27.5186
14390.1	29.2743
14390.5	30.2563
14391	31.2783
14391.4	32.3658
14391.9	33.5241
14392.3	34.7872
14392.8	36.1068
14393.2	37.5161
14393.7	39.0225
14394.3	41.2722
14394.9	43.7448
14395.5	46.4658
14396.2	49.4124
14396.8	52.7111
14397.4	56.3479
14398	60.3558
14398.6	64.6933
14399.1	68.2412
14399.5	71.9548
14400	75.9176
14400.4	80.1363
14400.9	84.7167
14401.4	89.4589
14401.8	94.4536
14402.2	99.6887
14402.9	108.263
14403.6	117.127
14405	135.405
14405.7	144.477
14406.4	152.9
14407.1	160.487
14407.5	163.911
14407.8	166.915
14408.4	171.075
14408.9	174.1
14409.5	175.974
14410	176.637
14410.2	176.548
14410.6	176.001
14410.9	174.963
14411.3	173.448
14411.6	171.54
14412	169.15
14412.3	166.361
14413	159.827
14413.7	152.059
14414.4	143.603
14415.8	125.561
14416.5	115.613
14417.3	106.135
14418	97.18
14418.8	88.8623
14419.2	84.912
14419.5	81.241
14419.9	77.6514
14420.3	74.3305
14420.7	71.0956
14421	68.1126
14421.4	65.2146
14421.8	62.5481
14422.2	59.7642
14422.6	57.213
14423	54.7575
14423.4	52.5086
14423.8	50.3447
14424.2	48.3627
14424.6	46.5002
14425	44.7494
14425.4	43.0629
14425.8	41.516
14426.2	40.0597
14426.6	38.6879
14427	37.3634
14427.4	36.1456
14428.2	33.9102
14429.1	31.8893
14429.8	30.1019
14430.7	28.4763
14431.5	27.03
14432.3	25.7069
14433.1	24.523
14433.9	23.4468
14434.7	22.4661
14435.5	21.4847
14436.4	20.5937
14437.3	19.7824
14438.2	19.0419
14439.1	18.3643
14440	17.7427
14440.8	17.1712
14441.7	16.6503
14443.3	15.7873
14444.9	15.0362
14446.5	14.3787
14448.1	13.7999
14449.8	13.288
14451.4	12.8331
14453	12.427
14454.6	12.0631
14456.2	11.7337
14457.8	11.4382
14459.4	11.1705
14461	10.9272
14464.2	10.5028
14467.5	10.1463
14470	9.90849
14472.4	9.69822
14474.9	9.51131
14477.4	9.34483
14482.4	9.05946
14487.4	8.82682
14493.8	8.58334
14500.3	8.3895
14506.7	8.23234
14513.1	8.10307
14520.8	7.97761
14528.4	7.87511
14536	7.79032
14543.6	7.71899
14556.5	7.62164
14569.4	7.54601
14582.2	7.48591
14595.1	7.43721
14608	7.39705
14620.9	7.36349
14646.6	7.31061
14656	7.29492
14660.7	7.28767
14671.2	7.27252
14681.8	7.2588
14702.9	7.23494
14723.9	7.2148
14745	7.19752
14787.2	7.16898
14829.3	7.14579
14857.4	7.13221
14885.5	7.11944
14904.3	7.11113
14923	7.10274
14930.6	7.09923
14938.2	7.09562
14945.9	7.09188
14953.5	7.08796
14961.1	7.08378
14964.9	7.08156
14968.7	7.07926
14972.5	7.07685
14976.3	7.07435
14980.1	7.07174
14983.9	7.06907
14986.4	7.06734
14988.9	7.06568
14991.4	7.0642
14993.9	7.06311
14995.1	7.06282
14996.4	7.06281
14997.6	7.0632
14998.8	7.06416
15000.1	7.06602
15001.3	7.06922
15002.6	7.07466
15003.2	7.07873
15003.8	7.08424
15004.3	7.09023
15004.8	7.09811
15005.3	7.10921
15005.8	7.12464
15006.3	7.14755
15006.8	7.18076
15007.3	7.23014
15007.5	7.26401
15007.8	7.30364
15008	7.35387
15008.3	7.41506
15008.5	7.48934
15008.8	7.57521
15009	7.68247
15009.2	7.81086
15009.5	7.96371
15009.7	8.13673
15010	8.34799
15010.2	8.59474
15010.5	8.88092
15010.7	9.19635
15011	9.57089
15011.2	9.97763
15011.5	10.4532
15011.7	10.9616
15012	11.7456
15012.4	12.6279
15012.7	13.6046
15013	14.6677
15013.4	15.804
15013.7	16.9953
15014.3	19.4094
15014.6	20.4329
15014.9	21.3838
15015.2	22.3125
15015.4	23.1334
15015.7	23.9381
15016	24.5883
15016.2	24.9377
15016.4	25.2217
15016.6	25.4818
15016.9	25.631
15017	25.6551
15017	25.6564
15017.1	25.6596
15017.1	25.6597
15017.1	25.6546
15017.3	25.6224
15017.5	25.4877
15017.8	25.1364
15018	24.7414
15018.3	24.2473
15018.5	23.6635
15018.8	23.0008
15019	22.2709
15019.2	21.4863
15019.7	19.805
15020.2	18.0581
15020.7	16.3376
15020.9	15.5114
15021.1	14.7508
15021.4	13.8736
15021.7	13.0851
15022	12.3573
15022.2	11.6927
15022.5	11.0921
15022.8	10.5544
15023	10.0777
15023.3	9.6587
15023.6	9.29356
15023.9	8.9779
15024.1	8.70703
15024.4	8.47621
15024.7	8.28076
15024.9	8.11618
15025.2	7.97827
15025.5	7.86318
15025.9	7.73021
15026.2	7.63086
15026.6	7.55437
15027	7.49524
15027.4	7.4481
15027.8	7.41198
15028.1	7.38304
15028.5	7.35946
15029.3	7.32292
15030.1	7.29632
15030.8	7.27525
15031.6	7.25831
15032.4	7.24393
15033.1	7.23181
15034.6	7.21198
15036.2	7.19651
15037.7	7.18414
15039.2	7.17389
15040.8	7.16529
15042.3	7.15798
15043.8	7.15172
15046.9	7.14141
15049.9	7.13333
15054	7.12479
15058.3	7.11761
15062.7	7.11179
15067	7.10693
15071.3	7.10277
15075.6	7.09918
15080	7.09598
15088.6	7.0904
15097.3	7.08568
15106	7.08155
15114.6	7.07785
15123.3	7.07446
15138.6	7.06909
15153.9	7.06418
15184.4	7.05537
15215	7.04743
15245.5	7.04005
15310.8	7.02551
15400.4	7.00715
15490.1	6.98996
15579.7	6.97355
15669.4	6.95773
15734.6	6.94654
15824.3	6.93152
15913.9	6.91691
16003.6	6.90271
16093.2	6.88901
16182.9	6.8759
16272.5	6.86361
16362.2	6.85248
16451.9	6.84316
16496.7	6.83953
16541.5	6.83691
16586.3	6.83563
16631.2	6.83623
16665.8	6.8385
16700.4	6.84296
16735.1	6.8504
16769.7	6.86223
16792.1	6.87314
16814.6	6.88756
16837	6.90672
16859.4	6.93237
16874.7	6.95494
16890	6.98294
16905.2	7.01801
16920.5	7.06275
16931.7	7.10364
16942.9	7.15345
16954.1	7.21493
16965.3	7.29174
16975	7.37468
16984.7	7.47799
16994.4	7.60882
17004.1	7.77734
17009.7	7.89863
17015.3	8.04207
17020.9	8.21365
17026.5	8.42116
17032.1	8.6758
17037.7	8.99165
17040.5	9.17907
17043.3	9.39066
17046.1	9.63072
17048.9	9.90454
17052.5	10.313
17054.2	10.5464
17056	10.8031
17057.8	11.0883
17059.6	11.4026
17061.4	11.7521
17063.1	12.1421
17064.6	12.4841
17066	12.8565
17067.4	13.266
17068.8	13.7176
17070.2	14.2174
17071.6	14.7725
17073	15.3911
17074.4	16.0834
17075.6	16.791
17076.9	17.5748
17078.2	18.4603
17079.5	19.4493
17080.7	20.5767
17082	21.8484
17082.7	22.5558
17083.3	23.3013
17083.9	24.1133
17084.5	24.9715
17085.2	26.001
17086	27.1189
17086.6	28.3356
17087.4	29.6627
17088	31.1138
17088.8	32.7043
17089.5	34.452
17090.1	36.3776
17090.9	38.5051
17091.5	40.8622
17092.2	43.4814
17093	46.4001
17093.6	49.6621
17094	51.4374
17094.4	53.3181
17094.7	55.3118
17095	57.4265
17095.4	59.6708
17095.8	62.054
17096.1	64.6604
17096.5	67.3558
17096.8	70.221
17097.2	73.2676
17097.5	76.507
17097.9	79.9514
17098.2	83.6128
17098.6	87.5034
17098.9	91.6353
17099.3	96.02
17099.6	100.668
17100	105.59
17100.3	110.793
17100.7	116.285
17101	122.068
17101.4	128.144
17101.7	134.511
17102.1	141.162
17102.8	155.264
17103.5	170.294
17104.2	185.999
17105.6	217.884
17106.3	233.049
17107	246.714
17107.3	253.645
17107.7	259.722
17108.1	265.038
17108.5	269.511
17108.9	273.07
17109.2	275.656
17109.6	277.228
17110	277.757
17110.3	277.454
17110.6	276.541
17110.9	275.029
17111.1	273.013
17111.7	267.304
17112.3	259.622
17112.9	250.06
17113.4	239.264
17114	227.419
17114.6	214.863
17115.8	187.286
17116.4	173.556
17117	160.503
17117.6	147.875
17118.2	136.211
17118.8	125.37
17119.4	115.385
17119.7	110.257
17120.1	105.529
17120.4	100.898
17120.7	96.6399
17121	92.4794
17121.4	88.6607
17121.7	84.9357
17122	81.5209
17122.3	78.1929
17122.7	75.144
17123	72.1737
17123.3	69.4528
17123.6	66.8018
17124	64.3726
17124.6	59.8999
17125.2	55.8319
17125.9	52.1856
17126.5	48.9101
17127.2	45.961
17127.8	43.2991
17128.5	40.8905
17129.1	38.7057
17129.8	36.7481
17130.6	34.6172
17131.3	32.7015
17132.1	30.9736
17132.9	29.4296
17133.6	28.0092
17134.4	26.7167
17135.2	25.5373
17135.9	24.4717
17136.6	23.6299
17137.2	22.8461
17137.9	22.1151
17138.5	21.4323
17139.8	20.1953
17141.1	19.1149
17142.4	18.1518
17143.7	17.3024
17145	16.5384
17146.3	15.8589
17147.6	15.2429
17148.9	14.6869
17150.2	14.1834
17151.5	13.726
17152.8	13.3093
17154.1	12.9285
17155.4	12.5798
17156.7	12.2619
17158.7	11.8158
17160.7	11.4234
17162.7	11.0728
17164.7	10.7613
17166.7	10.4804
17168.7	10.2287
17170.7	10.0001
17172.7	9.79405
17175.3	9.55373
17177.9	9.34108
17180.5	9.15059
17183.1	8.98055
17188.3	8.68885
17193.5	8.44948
17198.7	8.25057
17203.9	8.08347
17209.1	7.94172
17214.2	7.8206
17224.6	7.6249
17235	7.47522
17245.4	7.3581
17255.8	7.26462
17266.2	7.18871
17276.5	7.12615
17286.9	7.07391
17297.3	7.02977
17314.3	6.97095
17331.3	6.92431
17348.3	6.88657
17365.2	6.85549
17382.2	6.82944
17399.2	6.80728
17433.2	6.77151
17455.8	6.75226
17478.5	6.7357
17523.8	6.70829
17569.1	6.68613
17606.8	6.67036
17644.6	6.65629
17682.3	6.64351
17720.1	6.63169
17765.4	6.61849
17810.7	6.60601
17901.3	6.58268
17991.9	6.56065
18082.5	6.53934
18158	6.52184
18233.5	6.50442
18309	6.48696
18384.5	6.46939
18490.2	6.44443
18543	6.43175
18595.9	6.41894
18622.3	6.41249
18648.7	6.40596
18701.6	6.39286
18728	6.38626
18754.4	6.37965
18780.8	6.37306
18807.3	6.36654
18824.2	6.36241
18841.2	6.35839
18858.2	6.35453
18875.2	6.35092
18892.2	6.34771
18909.2	6.34515
18917.7	6.3442
18926.2	6.34366
18934.7	6.34361
18943.2	6.34422
18949.8	6.34534
18956.4	6.34721
18963	6.35006
18969.6	6.3542
18976.2	6.36034
18982.8	6.36926
18989.4	6.38236
18996	6.40185
19001.7	6.4266
19004.5	6.44318
19007.3	6.46368
19010.2	6.48931
19013	6.5218
19015.8	6.56364
19018.7	6.61859
19021.5	6.69291
19024.3	6.79605
19025.8	6.86372
19027.2	6.9455
19028.6	7.04715
19030	7.17385
19031.5	7.35332
19032.3	7.46504
19033.1	7.59435
19033.8	7.74986
19034.6	7.93734
19035.4	8.1675
19036.1	8.45215
19036.7	8.69657
19037.2	8.99136
19037.7	9.3519
19038	9.56724
19038.2	9.79884
19038.5	10.0683
19038.8	10.3596
19039	10.7003
19039.3	11.0702
19039.6	11.5041
19039.8	11.9766
19040.1	12.5315
19040.4	13.1361
19040.5	13.5726
19040.7	14.0159
19040.9	14.4931
19041	15.0062
19041.2	15.5936
19041.3	16.1886
19041.5	16.8272
19041.7	17.5117
19041.8	18.2922
19042	19.0797
19042.2	19.9209
19042.3	20.8184
19042.5	21.8363
19042.7	22.8574
19042.8	23.9417
19043	25.0914
19043.2	26.7025
19043.4	28.3476
19043.6	30.1938
19043.8	32.0668
19044	34.1548
19044.2	36.2582
19044.4	38.5856
19044.6	40.9125
19044.9	44.9749
19045.3	49.2903
19045.6	53.8204
19045.9	58.3713
19046.6	67.8564
19047.2	77.0405
19047.6	82.1616
19048	86.8646
19048.3	90.5037
19048.6	93.5544
19048.8	95.4175
19049.1	96.9183
19049.3	98.1275
19049.5	99.0317
19049.8	99.6764
19050	99.9041
19050	99.9045
19050.2	99.8413
19050.3	99.6986
19050.5	99.1722
19050.7	98.2842
19050.9	97.1217
19051.3	94.7549
19051.6	91.752
19051.9	88.4133
19052.3	84.6525
19052.5	81.4717
19052.8	78.121
19053.2	71.2125
19053.9	61.9148
19054.2	57.3151
19054.5	52.9698
19054.8	48.6492
19055.2	44.5378
19055.5	40.6681
19055.8	37.1717
19056.1	34.1373
19056.4	31.3365
19056.7	28.7695
19056.8	27.5322
19057	26.432
19057.1	25.3106
19057.2	24.3165
19057.4	23.3061
19057.5	22.4128
19057.7	21.5071
19057.8	20.7084
19058	19.9006
19058.1	19.1897
19058.3	18.426
19058.4	17.7119
19058.6	17.0448
19058.8	16.4223
19058.9	15.8418
19059.1	15.301
19059.2	14.7975
19059.4	14.3289
19059.6	13.8931
19059.7	13.4878
19060	12.7609
19060.3	12.1328
19060.7	11.5897
19061	11.1332
19061.3	10.7473
19061.6	10.3979
19061.9	10.1009
19062.2	9.83012
19062.5	9.59805
19062.8	9.3912
19063.1	9.20603
19063.7	8.88436
19064.3	8.62447
19064.9	8.40377
19065.5	8.2198
19066.5	7.97032
19067.5	7.77254
19068.5	7.60908
19069.5	7.47451
19070.5	7.3599
19071.4	7.26316
19073.4	7.10669
19075	7.00564
19076.7	6.92375
19078.3	6.85595
19079.9	6.7991
19083.1	6.70936
19086.4	6.64258
19089.4	6.59442
19092.4	6.55587
19095.4	6.52446
19098.4	6.49846
19101.4	6.47668
19104.4	6.4582
19110.5	6.42845
19117	6.40407
19123.4	6.38513
19129.9	6.36997
19136.4	6.35756
19140.1	6.35144
19147.5	6.34069
19154.9	6.33152
19162.4	6.32359
19169.8	6.3166
19184.6	6.30467
19199.4	6.29469
19218	6.28393
19236.5	6.27441
19255	6.26571
19273.5	6.25757
19288.4	6.25137
19308.8	6.24315
19329.2	6.23511
19349.5	6.22723
19369.9	6.21947
19410.7	6.20404
19451.5	6.18857
19492.2	6.17289
19533	6.15683
19614.5	6.12311
19644.2	6.11013
19688.7	6.08972
19733.2	6.06788
19777.6	6.04421
19822.1	6.01809
19857.3	5.99503
19892.5	5.96915
19927.7	5.93928
19945.3	5.92238
19962.9	5.90366
19981.5	5.88155
20000	5.85625
20015.4	5.83204
20030.8	5.80399
20046.2	5.7708
20061.6	5.73054
20072.8	5.69509
20084	5.65245
20089.6	5.6277
20095.2	5.60002
20100.8	5.5687
20106.4	5.53302
20114.1	5.47486
20118	5.44075
20121.8	5.40242
20125.6	5.35901
20129.5	5.30937
20133.4	5.25206
20137.2	5.18512
20141	5.10569
20144.9	5.00965
20146.8	4.95353
20148.8	4.89117
20150.7	4.82067
20152.6	4.74121
20155.4	4.60435
20156.8	4.52427
20158.2	4.43451
20159.6	4.3332
20161	4.21793
20162.4	4.08568
20163.8	3.93278
20164.7	3.81923
20165.6	3.69455
20166.6	3.55973
20167	3.48974
20167.5	3.41948
20167.9	3.35083
20168.4	3.2866
20168.9	3.23087
20169.3	3.18927
20169.8	3.16948
20170.2	3.18153
20170.5	3.2034
20170.7	3.23825
20170.9	3.28819
20171.1	3.35214
20171.4	3.44681
20171.6	3.56274
20171.9	3.70645
20172.1	3.88131
20172.4	4.09086
20172.6	4.3387
20172.8	4.6285
20173.1	4.96387
20173.3	5.34834
20173.6	5.78528
20173.8	6.27774
20174	6.82843
20174.3	7.43959
20174.5	8.11287
20174.8	8.84924
20175	9.6489
20175.2	10.437
20175.4	11.2764
20175.7	12.1653
20175.9	13.101
20176.1	14.08
20176.3	15.0981
20176.5	16.1502
20176.8	17.181
20177	18.2321
20177.2	19.5521
20177.5	20.8299
20177.7	22.1037
20177.9	23.2115
20178.2	24.2975
20178.4	25.3529
20178.6	26.3236
20178.8	27.4216
20179.1	28.406
20179.3	29.3835
20179.6	30.2571
20179.8	30.8519
20180	31.3751
20180.2	31.8437
20180.5	32.4198
20180.9	32.7641
20181.1	32.8664
20181.4	32.8537
20181.6	32.7435
20181.8	32.5424
20182	32.2546
20182.2	31.9036
20182.5	31.4615
20182.7	30.9496
20183.1	29.7441
20183.5	28.4125
20184	26.9934
20184.4	25.4678
20184.8	23.9535
20185.1	22.8528
20185.4	21.7733
20185.7	20.726
20186	19.7531
20186.3	18.7944
20186.6	17.9187
20186.9	17.069
20187.2	16.3039
20187.6	15.2493
20188	14.3397
20188.5	13.5261
20188.9	12.8363
20189.3	12.2272
20189.8	11.7151
20190.2	11.2649
20190.6	10.8865
20191	10.5953
20191.4	10.3386
20191.8	10.1113
20192.1	9.91415
20192.9	9.5738
20193.6	9.29487
20194.4	9.06137
20195.1	8.8622
20195.9	8.68958
20196.6	8.53804
20197.7	8.35716
20198.7	8.2013
20199.7	8.06532
20200.8	7.94659
20202.8	7.74452
20204.9	7.58128
20206.6	7.46479
20208.3	7.36408
20210.1	7.27609
20211.8	7.19853
20215.3	7.06798
20218.8	6.96259
20221.9	6.88237
20225.1	6.81404
20228.3	6.75468
20231.4	6.70293
20237.8	6.61656
20244.1	6.54744
20248.8	6.50379
20253.6	6.46576
20258.3	6.43217
20263.1	6.40243
20272.5	6.35147
20282	6.30935
20289	6.28275
20296	6.25904
20309.9	6.21838
20323.8	6.18448
20337.7	6.15555
20351	6.13148
20364.3	6.10994
20390.8	6.07275
20417.4	6.04114
20444	6.01335
20454.1	6.00353
20475.6	5.98377
20497.1	5.96525
20518.6	5.94778
20540.2	5.93105
20561.7	5.91501
20583.2	5.89955
20604.7	5.88464
20626.2	5.87028
20651.5	5.85418
20664.1	5.84649
20676.8	5.83912
20687.5	5.83322
20698.3	5.82774
20709.1	5.82281
20719.8	5.81865
20730.6	5.81561
20741.3	5.81411
20746.7	5.81431
20752.1	5.81535
20757.5	5.81749
20762.8	5.8211
20767.2	5.82556
20771.7	5.83181
20776.1	5.8404
20780.5	5.8522
20785	5.86883
20789.4	5.8925
20791.6	5.90808
20793.8	5.9269
20796	5.94993
20798.2	5.97847
20799.9	6.0048
20801.6	6.03623
20803.2	6.07436
20804.9	6.12121
20806.5	6.17957
20808.2	6.25359
20809.9	6.34957
20811.5	6.47768
20812.4	6.56306
20813.3	6.6657
20814.1	6.79114
20815	6.94762
20815.9	7.14766
20816.3	7.27123
20816.8	7.41069
20817.2	7.57676
20817.6	7.76696
20818.1	7.99091
20818.5	8.25609
20818.9	8.57949
20819.4	8.96693
20819.6	9.18878
20819.8	9.43182
20820	9.69805
20820.2	9.97573
20820.5	10.2934
20820.7	10.6408
20820.9	11.0203
20821.1	11.4147
20821.3	11.864
20821.5	12.3526
20821.8	12.883
20822	13.4305
20822.3	14.3468
20822.6	15.3676
20822.9	16.4982
20823.2	17.7021
20823.6	19.059
20823.9	20.484
20824.2	22.0667
20824.5	23.7029
20824.9	26.1833
20825.4	28.7574
20825.8	31.437
20826.2	34.1685
20826.7	37.2006
20827.2	40.1181
20827.6	42.5471
20828	44.7212
20828.3	45.7537
20828.5	46.6438
20828.7	47.463
20828.9	48.1324
20829.2	48.7916
20829.5	49.2489
20829.7	49.5256
20830	49.6178
20830.3	49.5168
20830.5	49.2316
20830.8	48.7446
20831.1	48.0986
20831.3	47.4561
20831.5	46.7118
20831.7	45.8721
20831.9	44.9444
20832.3	43.0673
20832.7	40.9776
20833	39.1522
20833.3	37.2498
20833.9	33.3273
20834.7	28.5603
20835	26.2867
20835.4	24.1827
20835.7	22.4145
20836.1	20.7595
20836.4	19.2242
20836.7	17.8529
20837	16.5603
20837.4	15.4226
20837.7	14.3647
20838	13.4452
20838.3	12.7955
20838.5	12.2252
20838.8	11.704
20839	11.2286
20839.2	10.7959
20839.5	10.4027
20839.7	10.0458
20840	9.72222
20840.2	9.42907
20840.4	9.16362
20840.7	8.92328
20840.9	8.70565
20841.4	8.32979
20841.9	8.02031
20842.3	7.77883
20842.8	7.57538
20843.2	7.40275
20843.7	7.2582
20844.1	7.13058
20844.6	7.01971
20845.5	6.83883
20846.3	6.6945
20847.2	6.57916
20848.1	6.48404
20849	6.40434
20851	6.26971
20852.9	6.17108
20854.8	6.09628
20856.7	6.03829
20858.7	5.99182
20860.6	5.95423
20862.5	5.923
20864.4	5.89693
20866.5	5.87322
20868.6	5.8532
20872.7	5.82105
20876.8	5.7965
20880.9	5.7772
20885.1	5.76143
20889.2	5.74823
20893.3	5.73699
20897.5	5.72727
20903.2	5.71551
20909	5.7054
20914.8	5.69654
20920.6	5.68846
20926.3	5.68107
20932.1	5.6742
20943.7	5.66164
20955.2	5.65015
20966.8	5.63937
20978.3	5.62912
20989.9	5.61912
21003.1	5.60799
21016.3	5.59705
21029.5	5.58622
21042.7	5.57548
21069.1	5.55405
21095.6	5.53254
21122	5.51089
21148.4	5.48895
21174.8	5.46666
21201.2	5.44401
21245.2	5.40526
21289.3	5.36519
21333.3	5.3236
21377.3	5.2804
21425.8	5.23078
21474.2	5.17879
21522.6	5.12423
21571	5.06688
21619.5	5.00648
21643.7	4.97508
21667.9	4.94284
21692.1	4.90979
21716.3	4.8759
21740.5	4.8412
21764.7	4.80581
21779.1	4.78461
21793.4	4.76329
21807.7	4.74198
21822	4.72078
21836.3	4.70004
21843.5	4.68998
21850.6	4.68026
21857.8	4.67099
21864.9	4.66237
21872.1	4.65466
21879.2	4.64813
21884.2	4.64464
21889.1	4.64236
21894.1	4.64166
21899	4.64308
21904	4.64745
21908.9	4.65592
21913.9	4.67049
21916.4	4.68111
21918.8	4.69465
21921	4.70991
21923.2	4.72884
21925.4	4.75252
21927.6	4.78236
21929.8	4.82035
21932	4.86946
21934.2	4.93408
21936.4	5.02102
21938.6	5.14139
21939.7	5.21969
21940.8	5.31478
21941.9	5.43207
21943	5.5796
21943.6	5.66836
21944.1	5.76985
21944.7	5.88688
21945.2	6.02307
21945.9	6.2185
21946.5	6.45528
21946.9	6.59673
21947.2	6.75545
21947.5	6.93416
21947.9	7.1295
21948.2	7.35715
21948.5	7.61545
21948.8	7.90902
21949.2	8.23224
21949.5	8.61089
21949.8	9.02788
21950.2	9.51588
21950.5	10.0521
21950.7	10.4026
21950.9	10.7789
21951	11.1825
21951.2	11.6148
21951.4	12.0774
21951.6	12.5717
21951.8	13.0991
21952	13.6304
21952.2	14.2259
21952.4	14.858
21952.6	15.5279
21952.7	16.2363
21952.9	16.9839
21953.1	17.771
21953.5	19.4181
21953.7	20.5174
21953.9	21.6218
21954.2	22.8299
21954.4	24.0341
21954.8	26.632
21955.3	29.3178
21956.8	38.9251
21957.3	42.2056
21957.6	43.7502
21957.9	45.1346
21958.1	46.2645
21958.4	47.2474
21958.6	48.1585
21958.8	48.9131
21959.1	49.7108
21959.4	50.2694
21959.7	50.6101
21960	50.7274
21960	50.7248
21960.2	50.6716
21960.4	50.5596
21960.7	50.1576
21961	49.4995
21961.3	48.6389
21961.6	47.4165
21961.9	46.0027
21962.3	44.3928
21962.6	42.6172
21963	40.5291
21963.3	38.3249
21964	33.8011
21964.8	29.2274
21965.1	27.0275
21965.5	24.9773
21965.8	23.1405
21966.1	21.4597
21966.4	19.8375
21966.8	18.3769
21967.1	16.9882
21967.4	15.7552
21967.7	14.5982
21968.1	13.5832
21968.3	12.9438
21968.5	12.3757
21968.7	11.8471
21968.9	11.3561
21969.1	10.9007
21969.3	10.4789
21969.5	10.0887
21969.8	9.72815
21970	9.38004
21970.2	9.07408
21970.4	8.79195
21970.6	8.53189
21970.8	8.29222
21971	8.07134
21971.4	7.68005
21971.8	7.39144
21972.2	7.13961
21972.5	6.91929
21972.9	6.73094
21973.2	6.55995
21973.6	6.40868
21974	6.27426
21974.3	6.15743
21975	5.9523
21975.7	5.78657
21976.5	5.6466
21977.2	5.52997
21977.9	5.42876
21978.6	5.34245
21980	5.19973
21981.5	5.08775
21982.9	4.9978
21984.3	4.92414
21985.7	4.86287
21988.6	4.76708
21990.3	4.72263
21992	4.68473
21995.4	4.6235
21998.7	4.57608
22002.1	4.53822
22005.5	4.50694
22008.9	4.48054
22012.2	4.45766
22015.6	4.43749
22019.5	4.41671
22023.4	4.39806
22031.2	4.36528
22039	4.33657
22046.8	4.31055
22054.6	4.28611
22062.4	4.26281
22070.2	4.24024
22078	4.2182
22085.8	4.19645
22093.6	4.17489
22109.2	4.13199
22124.8	4.08891
22140.4	4.04533
22156	4.001
22171.6	3.95589
22202.7	3.86234
22233.9	3.76386
22265.1	3.6597
22296.3	3.54937
22327.5	3.43214
22373.2	3.24605
22419	3.04099
22441.8	2.93063
22464.7	2.81428
22487.6	2.69171
22510.4	2.56272
22530.2	2.44536
22549.9	2.32244
22569.7	2.19374
22589.4	2.05902
22609.2	1.91796
22628.9	1.77028
22648.7	1.61625
22668.4	1.45551
22683	1.33298
22697.5	1.2074
22712.1	1.07905
22726.6	0.948461
22755.8	0.684235
22770.3	0.553309
22777.6	0.489005
22784.8	0.426031
22791.1	0.373244
22797.3	0.321898
22803.6	0.272528
22809.8	0.225542
22816	0.18125
22819.2	0.160311
22822.3	0.14034
22825.4	0.12129
22828.5	0.103315
22831.6	0.086509
22834.7	0.0710215
22837.3	0.0593794
22839.8	0.0487385
22842.4	0.0390743
22844.9	0.0305456
22847.4	0.0231819
22848.7	0.0199782
22850	0.017128
22851.2	0.0145964
22852.5	0.0124182
22853.8	0.0106049
22855	0.00917796
22856	0.00833216
22856.5	0.00799792
22857	0.00772876
22857.5	0.00751422
22857.9	0.00736128
22858.4	0.00727073
22858.9	0.00724328
22859.2	0.00725399
22859.6	0.00731742
22860.1	0.00743503
22860.5	0.00761271
22861	0.00784341
22861.5	0.00813806
22861.9	0.00848453
22862.8	0.00935297
22863.5	0.0102192
22864.2	0.0112258
22865	0.012404
22865.7	0.0137239
22867.1	0.0168709
22868.5	0.0206905
22870	0.0252066
22871.4	0.0304429
22872.8	0.0364243
22874.2	0.0431774
22877.1	0.0591157
22880	0.0785084
22882.8	0.101624
22885.7	0.128646
22888.5	0.160071
22891.4	0.196141
22894.3	0.237216
22897.1	0.283509
22900	0.335762
22902.8	0.394276
22904.3	0.426032
22905.7	0.45954
22907.1	0.494867
22908.5	0.532085
22910	0.571267
22911.4	0.612489
22912.8	0.65583
22914.3	0.701375
22915.7	0.749209
22917.1	0.799424
22918.6	0.852112
22920	0.907371
22921.4	0.965306
22922.9	1.02602
22924.3	1.08963
22925.7	1.15624
22927.1	1.22599
22928.6	1.29899
22930	1.37538
22931.4	1.45473
22932.9	1.53829
22934.3	1.62567
22935.7	1.71703
22937.1	1.81253
22938.6	1.91234
22940	2.01665
22941.4	2.12563
22942.9	2.23868
22944.3	2.35759
22945.7	2.48178
22947.1	2.6115
22948.6	2.74697
22950	2.88844
22951.4	3.03616
22952.9	3.1904
22954.3	3.35145
22955.7	3.5196
22957.1	3.69515
22958.6	3.87844
22960	4.0698
22961.4	4.26958
22962.9	4.47815
22964.3	4.6959
22965.7	4.92162
22967.1	5.15891
22968.6	5.40666
22970	5.66533
22971.4	5.93542
22972.9	6.21744
22974.3	6.51192
22975.7	6.81944
22977.2	7.14058
22980	7.82623
22982.9	8.57416
22985.7	9.39018
22988.6	10.2774
22991.5	11.249
22994.3	12.3095
22997.2	13.4672
23000	14.7265
23002.9	16.1058
23005.7	17.6113
23008.6	19.2542
23011.5	21.0398
23014.1	22.8581
23016.8	24.8202
23019.4	26.9434
23022.1	29.2381
23024.8	31.7247
23027.4	34.395
23030.1	37.2686
23032.8	40.355
23034.9	42.9592
23037	45.7028
23039.1	48.5845
23041.2	51.6022
23043.3	54.7534
23045.4	58.0337
23049.6	64.9512
23053.9	72.2616
23058.1	79.8191
23062.3	87.4237
23066.5	94.8102
23069.9	100.408
23073.2	105.533
23076.6	110.076
23080	113.887
23083.4	116.895
23086.8	119.025
23090.1	120.271
23093.5	120.646
23096	120.388
23098.6	119.706
23101.1	118.639
23103.6	117.23
23106.2	115.525
23108.7	113.569
23113.8	109.076
23123.9	98.9003
23134	88.572
23139.2	83.5181
23144.5	78.7511
23149.7	74.301
23154.9	70.1836
23160.1	66.3771
23165.4	62.8815
23170.6	59.6645
23175.8	56.717
23181	54.0062
23186.3	51.5164
23191.5	49.2277
23196.7	47.1251
23202	45.1834
23207.2	43.3943
23212.4	41.737
23217.6	40.205
23222.8	38.7811
23228.1	37.458
23233.3	36.2265
23238.5	35.0806
23243.8	34.0084
23249	33.0075
23259.4	31.1883
23268.5	29.7907
23277.5	28.5334
23286.5	27.3913
23295.5	26.3547
23304.6	25.4085
23313.6	24.5439
23322.6	23.7496
23331.6	23.0194
23342.1	22.2426
23352.5	21.533
23363	20.8819
23373.5	20.2827
23383.9	19.7296
23394.4	19.2178
23415.2	18.3011
23427.6	17.8172
23440	17.3708
23464.7	16.574
23489.4	15.8866
23514.1	15.2834
23535	14.831
23555.9	14.4222
23576.8	14.0514
23597.7	13.7145
23639.5	13.1228
23681.3	12.6214
23726.9	12.1552
23772.5	11.7559
23818.1	11.4099
23863.7	11.1077
23905.5	10.8627
23947.3	10.6417
24030.9	10.2624
24114.5	9.94706
24198.2	9.68087
24297	9.41529
24395.8	9.19007
24494.6	8.99683
24593.4	8.82655
24775.8	8.5616
24897.4	8.40989
24927.9	8.37421
24958.2	8.33927
24988.7	8.30497
25003.9	8.28804
25011.5	8.27963
25019	8.27127
25026.7	8.26295
25034.2	8.25468
25038	8.25057
25041.9	8.24649
25045.6	8.24244
25049.5	8.23843
25051.3	8.23645
25053.2	8.2345
25055.2	8.23257
25057	8.23068
25059	8.22885
25060.8	8.22711
25061.8	8.22628
25062.8	8.22552
25063.7	8.22484
25064.2	8.22456
25064.7	8.22434
25065.2	8.22418
25065.8	8.22419
25066.4	8.22448
25066.6	8.22477
25066.9	8.22517
25067.2	8.22575
25067.5	8.22648
25067.8	8.22744
25068	8.22866
25068.3	8.23025
25068.6	8.23217
25068.9	8.23453
25069.2	8.2374
25069.5	8.24102
25069.7	8.24522
25070	8.25023
25070.3	8.25616
25070.6	8.26341
25070.9	8.2716
25071.2	8.2811
25071.4	8.29205
25072	8.31937
25072.6	8.35368
25073.1	8.39623
25073.7	8.44758
25074.2	8.49863
25074.6	8.55458
25075.6	8.68238
25076.5	8.82029
25077.5	8.9518
25078.2	9.0403
25078.6	9.07542
25079	9.10196
25079.6	9.12657
25080	9.13047
25080	9.13045
25080.2	9.12918
25080.3	9.12629
25080.8	9.10848
25081.4	9.06584
25082	9.00414
25082.7	8.91828
25083.4	8.82129
25084.7	8.6221
25085.2	8.55322
25085.8	8.49141
25086.3	8.43518
25086.8	8.38718
25087.3	8.34551
25087.8	8.3115
25088.3	8.28369
25088.8	8.26139
25089.3	8.2435
25089.5	8.23628
25089.8	8.22995
25090	8.22441
25090.3	8.21959
25090.5	8.2154
25090.8	8.21176
25091	8.2085
25091.3	8.2058
25091.5	8.20347
25091.8	8.20146
25092	8.19972
25092.3	8.19821
25092.5	8.1969
25092.8	8.19576
25093.1	8.19454
25093.4	8.19349
25093.7	8.19259
25094	8.19182
25094.6	8.1905
25095.2	8.1894
25095.8	8.18844
25096.5	8.18756
25097.7	8.18595
25098.9	8.18442
25100.1	8.18296
25101.4	8.18154
25102.6	8.18013
25105	8.17736
25107.5	8.17464
25109.9	8.17194
25112.3	8.16926
25115.8	8.16549
25119.2	8.16173
25122.7	8.15798
25126.1	8.15424
25132.5	8.14738
25138.8	8.14053
25151.4	8.12682
25164.1	8.11307
25176.7	8.09928
25202	8.07147
25227.3	8.04327
25271	7.99299
25314.7	7.93973
25358.3	7.88161
25402	7.8157
25427.3	7.77199
25452.6	7.72232
25477.9	7.66422
25503.2	7.59386
25515.8	7.55213
25528.5	7.50438
25541.1	7.44892
25553.8	7.38331
25564.1	7.31947
25574.4	7.24345
25584.8	7.15096
25590	7.09663
25595.1	7.03529
25601.5	6.94846
25607.8	6.84537
25614.1	6.72051
25617.2	6.64754
25620.4	6.56583
25624.7	6.43712
25629	6.28311
25633.3	6.09517
25635.5	5.98434
25637.7	5.86019
25640.8	5.64669
25642.4	5.52286
25644	5.38509
25645.5	5.2309
25647.1	5.05722
25648.7	4.86022
25650.3	4.63517
25651.2	4.49729
25652	4.35009
25652.9	4.1913
25653.7	4.0207
25654.6	3.83701
25655.5	3.64766
25656.3	3.45798
25657.2	3.28252
25657.6	3.21246
25658	3.15456
25658.4	3.11344
25658.8	3.09488
25659.2	3.10453
25659.6	3.14947
25660	3.24101
25660.4	3.3845
25660.6	3.48237
25660.8	3.59874
25661	3.73523
25661.2	3.88507
25661.3	4.06567
25661.6	4.27145
25661.8	4.50419
25661.9	4.75187
25662.1	5.04226
25662.3	5.36477
25662.5	5.72108
25662.7	6.09235
25662.9	6.5191
25663.1	6.98409
25663.3	7.48855
25663.5	8.00534
25663.8	8.71163
25664	9.44546
25664.2	10.2712
25664.5	11.1202
25664.7	12.0656
25664.9	13.0276
25665.2	14.0426
25665.4	15.1082
25665.5	15.4422
25665.6	16.1723
25665.8	16.8707
25666	18.3654
25666.3	19.8084
25666.6	21.2916
25667.1	24.338
25667.6	26.9601
25668	29.5407
25668.4	31.5417
25668.8	33.3894
25669.1	34.7857
25669.3	36.0404
25669.7	37.3845
25670	38.5658
25670.4	39.8102
25670.7	40.4044
25670.9	40.8679
25671.2	41.225
25671.4	41.4749
25671.7	41.6483
25672.1	41.6
25672.3	41.4263
25672.6	41.1539
25672.9	40.7839
25673.1	40.323
25673.5	39.5389
25673.8	38.6124
25674.2	37.5664
25674.5	36.458
25674.9	34.9956
25675.3	33.5034
25676.1	30.4592
25676.8	27.9333
25677.5	25.6129
25677.9	24.5206
25678.2	23.4917
25678.6	22.5289
25678.9	21.6577
25679.4	20.6008
25679.8	19.6699
25680.2	18.8346
25680.7	18.0881
25681.1	17.4082
25681.6	16.817
25682	16.2905
25682.5	15.8211
25683.2	15.1749
25683.9	14.6378
25684.5	14.1738
25685.2	13.7802
25685.9	13.4329
25686.6	13.1321
25687.3	12.8613
25688	12.6225
25689.1	12.2944
25690.2	12.0137
25691.2	11.766
25692.3	11.5493
25694.5	11.1815
25696.6	10.8823
25699.4	10.5686
25702.2	10.3149
25705	10.1055
25707.7	9.92945
25710.3	9.79196
25712.8	9.67174
25717.9	9.47162
25722.9	9.31098
25728	9.17956
25734	9.04971
25740.1	8.94271
25746.2	8.85297
25752.2	8.77667
25763.4	8.66181
25774.5	8.57094
25785.6	8.4969
25796.7	8.43529
25811.9	8.36584
25827.1	8.30886
25842.2	8.26085
25857.4	8.21967
25885.7	8.15626
25914	8.10531
25936.3	8.07151
25958.5	8.04194
25980.8	8.01582
26003	7.99262
26011.1	7.98488
26027.3	7.97038
26043.5	7.95716
26054.1	7.94924
26064.7	7.94202
26075.4	7.93554
26086	7.92995
26096.6	7.92549
26107.2	7.92254
26112.5	7.92183
26117.8	7.92178
26123.1	7.92252
26128.5	7.92432
26133	7.92705
26137.5	7.93121
26142.1	7.9373
26146.7	7.94609
26151.2	7.95883
26153.5	7.96727
26155.8	7.97752
26158	7.99025
26160.3	8.00615
26162.6	8.02653
26164.8	8.05293
26166.5	8.07746
26168.1	8.10807
26169.8	8.14772
26171.4	8.20023
26172.3	8.23409
26173.1	8.2744
26173.9	8.32405
26174.7	8.38689
26175.5	8.46894
26176.4	8.57955
26177.2	8.73296
26177.6	8.83196
26178	8.95018
26178.7	9.19544
26179	9.3454
26179.3	9.51846
26179.7	9.7243
26180	9.95432
26180.3	10.2178
26180.7	10.5183
26181	10.8709
26181.3	11.2584
26181.7	11.6941
26182	12.1814
26182.3	12.74
26182.7	13.3394
26183	13.9963
26183.3	14.7109
26183.7	15.5308
26184	16.4118
26184.4	17.3492
26184.7	18.3076
26185.4	20.3623
26186.1	22.487
26186.8	24.5953
26187.1	25.5889
26187.5	26.5182
26187.9	27.5677
26188.4	28.4541
26188.7	29.0228
26189.1	29.4468
26189.4	29.7477
26189.8	29.889
26190	29.8952
26190.3	29.8147
26190.6	29.6362
26190.9	29.2418
26191.3	28.6981
26191.7	28.0098
26192.1	27.1928
26192.4	26.3705
26192.7	25.5029
26193.4	23.5852
26194.4	20.1735
26195	18.4893
26195.5	16.9257
26195.8	16.1353
26196.1	15.3845
26196.4	14.6763
26196.7	14.0126
26197	13.3946
26197.3	12.8227
26197.6	12.2965
26197.9	11.8151
26198.1	11.377
26198.4	10.9804
26198.7	10.623
26199	10.3026
26199.3	10.0164
26199.6	9.762
26199.9	9.5366
26200.2	9.34407
26200.6	9.10718
26201	8.91403
26201.3	8.75274
26201.7	8.61843
26202.1	8.50416
26202.5	8.41178
26203.3	8.27083
26204.1	8.17106
26204.9	8.10079
26205.7	8.04916
26206.4	8.01007
26207.2	7.97922
26208	7.95486
26209.6	7.91825
26211.1	7.89195
26212.7	7.87245
26214.9	7.85242
26217	7.83791
26219.5	7.82587
26222	7.81692
26224.4	7.81004
26226.9	7.80461
26229.3	7.80019
26231.8	7.79651
26236.7	7.79068
26241.6	7.78619
26246.5	7.78253
26251.4	7.77938
26256.3	7.77658
26264.2	7.7725
26272.1	7.76874
26280	7.76516
26287.9	7.7617
26295.8	7.75831
26303.7	7.75498
26319.5	7.74847
26335.3	7.74207
26351.1	7.73581
26366.9	7.72969
26382.7	7.72374
26417.5	7.71122
26463.3	7.69636
26486.2	7.68972
26509	7.68379
26531.9	7.67867
26554.8	7.67457
26577.7	7.67189
26600.6	7.67109
26620.2	7.6728
26630	7.67484
26639.8	7.67796
26649.6	7.68254
26659.4	7.68905
26669.2	7.6983
26674.1	7.70442
26679	7.71183
26683.6	7.72034
26688.3	7.73071
26692.9	7.74351
26697.5	7.75955
26702.2	7.77994
26706.8	7.80647
26711.4	7.84227
26713.7	7.86519
26716	7.89251
26718	7.9194
26719.9	7.95127
26721.8	7.98955
26723.7	8.03599
26725.6	8.09405
26727.5	8.16753
26729.4	8.26434
26730.3	8.32457
26731.3	8.39578
26732.2	8.48235
26733.2	8.58761
26734.2	8.72174
26735.1	8.89425
26736.1	9.12833
26736.6	9.27686
26737	9.44891
26737.5	9.65789
26738	9.90217
26738.5	10.2007
26738.9	10.5505
26739.4	11.0166
26739.7	11.2856
26739.9	11.5692
26740.2	11.8924
26740.5	12.2321
26740.7	12.6176
26741	13.0211
26741.2	13.4769
26741.5	13.9514
26741.7	14.4843
26742	15.0358
26742.2	15.6512
26742.5	16.2838
26742.8	16.9846
26743	17.6995
26743.3	18.6411
26743.6	19.6416
26743.9	20.6977
26744.2	21.7682
26744.9	24.0668
26745.5	26.4742
26746.2	29.4971
26746.6	30.962
26747	32.3244
26747.4	33.9233
26747.9	35.3273
26748.3	36.2868
26748.7	37.047
26748.9	37.4688
26749.2	37.7815
26749.4	38.0065
26749.7	38.1237
26750	38.13
26750.2	38.0221
26750.5	37.8263
26750.7	37.5419
26751	37.1715
26751.4	36.3724
26751.8	35.3917
26752.1	34.3297
26752.5	33.1386
26752.8	31.841
26753.2	30.4605
26753.9	27.5468
26755	23.2489
26755.5	21.1892
26756	19.2992
26756.5	17.7588
26756.9	16.3554
26757.2	15.7071
26757.4	15.0948
26757.6	14.5185
26757.9	13.9776
26758.1	13.4717
26758.3	12.9998
26758.5	12.5608
26758.8	12.1536
26759	11.7768
26759.2	11.429
26759.5	11.1087
26759.7	10.8265
26759.9	10.5555
26760.2	10.3073
26760.6	9.8734
26761.1	9.51288
26761.5	9.21462
26762	8.96854
26762.5	8.76576
26762.9	8.59858
26763.4	8.46049
26763.8	8.346
26764.3	8.25063
26765.2	8.10322
26766.1	7.99669
26767	7.91801
26768	7.85278
26769	7.80269
26770	7.7625
26771	7.73031
26773	7.68166
26774.9	7.64762
26776.9	7.62279
26778.8	7.60436
26780.8	7.59045
26782.8	7.57987
26784.9	7.57122
26789.1	7.55937
26791.6	7.55465
26794.1	7.55113
26799	7.54655
26804	7.5441
26809	7.54294
26814	7.54257
26819	7.54264
26824	7.54301
26829	7.54359
26838.9	7.54512
26848.9	7.54691
26868.8	7.55089
26885.6	7.55461
26902.4	7.55879
26931.8	7.56784
26961.2	7.5801
26990.5	7.59747
27019.9	7.62238
27039.8	7.64548
27059.8	7.67564
27079.7	7.71552
27099.6	7.76893
27111.2	7.80858
27122.7	7.85666
27134.3	7.91557
27145.8	7.98866
27156.8	8.07599
27167.8	8.18642
27178.9	8.32862
27189.9	8.51512
27195.6	8.63722
27201.4	8.7814
27207.2	8.95306
27213	9.15955
27218.7	9.41134
27224.5	9.72144
27227.4	9.90467
27230.3	10.1099
27233.2	10.3423
27236.1	10.605
27240	11.0253
27242	11.2669
27243.9	11.5319
27245.9	11.8265
27247.9	12.1537
27249.8	12.5185
27251.8	12.9244
27253.2	13.2563
27254.7	13.616
27256.1	14.0095
27257.6	14.4409
27259	14.9187
27260.4	15.4419
27261.9	16.0205
27263.3	16.6621
27264.8	17.3813
27266.2	18.1789
27267.7	19.0723
27269.1	20.0767
27270.5	21.2183
27272	22.5027
27272.7	23.2089
27273.4	23.9625
27274.2	24.7673
27274.9	25.6276
27275.9	26.9094
27276.8	28.3029
27277.8	29.8508
27278.8	31.5374
27279.8	33.4141
27280.8	35.4606
27281.8	37.7134
27282.7	40.1904
27283.5	42.1631
27284.2	44.272
27284.9	46.5221
27285.6	48.9167
27286.3	51.457
27287.1	54.1417
27287.8	56.9661
27288.5	59.9214
27289.7	64.9667
27290.8	70.2331
27293.2	80.8732
27294.3	85.8703
27295.5	90.3528
27296.1	92.3431
27296.7	94.0854
27297.3	95.5895
27297.8	96.8325
27298.4	97.738
27298.9	98.3875
27299.5	98.7719
27300	98.8861
27300.6	98.7046
27301.2	98.2123
27301.8	97.4003
27302.3	96.3093
27302.9	94.9193
27303.5	93.2989
27304.1	91.4173
27304.7	89.3652
27305.8	84.7309
27307	79.6328
27309.3	68.9723
27310.4	64.3859
27311.4	60.0182
27312.4	55.84
27313.4	51.9691
27314.4	48.3473
27315.4	45.0504
27316.5	42.0357
27317.5	39.2908
27318.5	36.7519
27319.5	34.4769
27320.5	32.4002
27321.6	30.5415
27322.6	28.8444
27323.6	27.3236
27324.6	25.9451
27325.7	24.6939
27326.7	23.5456
27327.7	22.5105
27328.7	21.5572
27329.8	20.6946
27330.8	19.8973
27331.8	19.1732
27332.8	18.5076
27333.8	17.8946
27335.5	16.9865
27337.2	16.1921
27338.9	15.4855
27340.5	14.8617
27342.2	14.3022
27343.9	13.8043
27345.6	13.357
27347.2	12.9537
27349.3	12.5109
27351.3	12.1177
27353.4	11.7671
27355.4	11.4547
27357.5	11.1726
27359.5	10.9181
27363.6	10.48
27367.7	10.1162
27371.8	9.81217
27375.9	9.55459
27380	9.3356
27384.1	9.14684
27388.2	8.98357
27396.4	8.71593
27404.6	8.50798
27412.7	8.34339
27420.9	8.21056
27429.1	8.10193
27437.3	8.01193
27445.5	7.93659
27458.2	7.84197
27470.8	7.76743
27483.5	7.70735
27496.1	7.6583
27512.5	7.60706
27528.9	7.56621
27545.2	7.53308
27561.6	7.50588
27582.4	7.47794
27603.3	7.45553
27624.1	7.43755
27645	7.42317
27668.8	7.41042
27692.6	7.40113
27716.4	7.39506
27740.2	7.3922
27767	7.39316
27793.8	7.39932
27820.6	7.41212
27847.4	7.43405
27863.8	7.45383
27880.2	7.48021
27896.5	7.51556
27912.9	7.56332
27924.1	7.60576
27935.2	7.65891
27946.4	7.72651
27957.6	7.81413
27965.8	7.89572
27974	7.99699
27982.1	8.12498
27990.3	8.28937
27995.9	8.43021
28001.5	8.60142
28007.1	8.81343
28012.7	9.07972
28016.8	9.32158
28020.8	9.61423
28024.9	9.97393
28027	10.1861
28029	10.4229
28030.8	10.6526
28032.6	10.9082
28034.3	11.1939
28036.1	11.5145
28037.9	11.8761
28039.6	12.2858
28041.4	12.7529
28043.2	13.2853
28044.2	13.6339
28045.2	14.01
28046.2	14.4206
28047.3	14.87
28048.3	15.3685
28049.3	15.9123
28050.3	16.5129
28051.4	17.1785
28052.4	17.9265
28053.4	18.7541
28054.4	19.6916
28055.5	20.7376
28056.5	21.9333
28057.5	23.2805
28058	24.0391
28058.5	24.8361
28059	25.6904
28059.6	26.6075
28060.3	27.9792
28061	29.4977
28061.7	31.183
28062.3	33.0297
28063	35.1169
28063.8	37.4483
28064.5	40.0565
28065.1	42.9327
28065.7	45.2749
28066.2	47.8181
28066.7	50.5777
28067.2	53.5692
28067.7	56.807
28068.2	60.3047
28068.7	64.0733
28069.2	68.1212
28069.7	72.5408
28070.2	77.1615
28070.8	82.0591
28071.3	87.22
28071.8	92.6226
28072.3	98.2362
28073.3	109.926
28074.6	124.86
28075.2	132.102
28075.9	138.967
28076.5	145.274
28077.1	150.843
28077.8	155.502
28078.4	159.056
28078.8	160.725
28079.2	161.888
28079.6	162.587
28080	162.779
28080.3	162.561
28080.6	162.018
28081.3	159.976
28081.9	156.721
28082.6	152.36
28083.2	146.946
28083.9	140.81
28084.5	134.056
28085.1	126.867
28087.6	97.8802
28088.2	91.036
28088.9	84.5166
28089.5	78.3726
28090.1	72.6357
28090.8	66.9929
28091.4	61.9047
28092.1	57.2706
28092.7	53.0698
28093.4	49.2198
28094	45.8062
28094.7	42.7353
28095.3	39.9745
28096	37.4928
28096.6	35.2606
28097.3	33.2508
28097.9	31.4387
28098.6	29.8021
28099.2	28.3212
28099.9	26.9785
28100.5	25.7586
28101	24.9286
28101.5	24.1688
28102.4	22.7763
28103.4	21.5514
28104.3	20.4801
28105.3	19.5193
28106.2	18.6728
28107.2	17.9085
28108.1	17.2309
28109.4	16.3992
28110.7	15.6848
28112	15.0643
28113.3	14.5245
28114.6	14.0549
28115.9	13.6471
28117.2	13.2945
28118.5	12.992
28120.4	12.6342
28122.1	12.3955
28123.7	12.2263
28125.4	12.1298
28127	12.1138
28128.6	12.1838
28129.3	12.2558
28130.1	12.3571
28130.9	12.4924
28131.7	12.6681
28132.4	12.8919
28133.2	13.1702
28133.8	13.463
28134.5	13.8171
28135.1	14.2448
28135.8	14.7614
28136.4	15.3853
28136.8	15.75
28137.1	16.1383
28137.4	16.578
28137.7	17.0456
28138.1	17.5742
28138.4	18.1354
28138.7	18.8287
28139.1	19.5706
28139.5	20.4086
28139.8	21.3013
28140.2	22.3044
28140.5	23.3665
28140.9	24.5521
28141.2	25.7982
28141.6	27.0592
28141.9	28.4045
28142.2	29.8335
28142.5	31.2976
28142.9	32.8853
28143.2	34.4963
28143.8	37.9604
28144.5	41.6249
28145.1	45.3992
28145.8	49.1693
28146.4	52.748
28147.1	56.1529
28147.4	57.699
28147.7	59.075
28148.1	60.3499
28148.4	61.4624
28148.7	62.398
28149	63.1247
28149.5	63.8617
28150	64.1574
28150.1	64.1625
28150.4	64.054
28150.7	63.7715
28151	63.2999
28151.3	62.6748
28151.6	61.8622
28151.9	60.9237
28152.2	59.8076
28152.5	58.5978
28153.1	55.8473
28153.7	52.7478
28154.3	49.4138
28154.9	45.9576
28156.2	38.7475
28156.8	35.3524
28157.5	32.2355
28157.8	30.7273
28158.1	29.3361
28158.4	27.9741
28158.7	26.7275
28159	25.5157
28159.3	24.4138
28159.7	23.3813
28160	22.4163
28160.4	21.1036
28160.9	19.9248
28161.3	18.87
28161.8	17.9477
28162.2	17.1063
28162.7	16.3723
28163.2	15.7034
28163.6	15.1196
28164.2	14.4042
28164.9	13.7903
28165.5	13.2609
28166.1	12.8088
28166.8	12.4078
28167.4	12.0613
28168	11.7503
28168.6	11.4783
28169.7	11.0879
28170.7	10.7591
28171.7	10.4786
28172.7	10.239
28173.8	10.0281
28174.8	9.84466
28176.8	9.53587
28178.2	9.36446
28179.6	9.2149
28182.3	8.96744
28185	8.76965
28187.8	8.60898
28190.3	8.48526
28192.8	8.37933
28197.8	8.20764
28202.8	8.07382
28207.8	7.96685
28216	7.83099
28224.2	7.72803
28232.5	7.6467
28240.6	7.58051
28244.3	7.55457
28248	7.53025
28250.7	7.51284
28252.1	7.50438
28253.4	7.49625
28254.1	7.49234
28254.8	7.48876
28255.5	7.48561
28256.2	7.48328
28256.5	7.48254
28256.8	7.48222
28257.2	7.48241
28257.5	7.48322
28257.9	7.4848
28258.2	7.48733
28258.5	7.491
28258.9	7.49604
28259.2	7.50294
28259.6	7.51159
28259.9	7.52249
28260.3	7.53598
28260.6	7.55296
28261	7.57285
28261.3	7.59646
28261.6	7.62419
28262.1	7.66888
28262.5	7.72251
28263	7.78569
28263.5	7.85702
28263.9	7.93964
28264.4	8.02951
28265.3	8.2344
28266.2	8.45836
28266.8	8.59935
28267.3	8.73362
28268	8.87594
28268.6	8.97295
28269.2	9.04387
28269.7	9.08372
28270	9.09247
28270	9.09279
28270	9.09307
28270.1	9.09372
28270.2	9.09388
28270.3	9.09284
28270.8	9.07225
28271.4	9.01816
28272	8.93638
28272.5	8.84301
28273	8.73483
28274	8.49211
28274.2	8.43045
28275	8.24332
28275.8	8.07124
28276.5	7.91761
28277.3	7.79044
28277.8	7.71919
28278.3	7.6588
28278.8	7.60848
28279.3	7.56718
28279.7	7.54096
28280.1	7.51932
28280.5	7.50106
28280.9	7.4857
28281.3	7.47253
28281.6	7.46181
28282	7.45283
28282.4	7.4453
28282.8	7.43879
28283.2	7.43342
28283.5	7.42881
28283.9	7.42483
28284.3	7.42125
28284.7	7.41816
28285.5	7.41285
28286.2	7.40828
28287	7.40428
28288.5	7.39723
28290.6	7.38893
28293	7.38007
28295.4	7.37203
28300.2	7.35759
28305.1	7.34479
28309.9	7.33312
28319.6	7.31236
28329.3	7.2944
28348.7	7.26444
28368	7.24023
28392.5	7.21533
28416.9	7.19493
28445.5	7.1751
28474	7.15831
28502.6	7.14371
28531.1	7.13077
28580	7.11136
28629	7.09438
28682	7.07784
28735	7.06253
28788	7.04813
28841	7.03436
28947	7.00796
29053	6.98222
29142.7	6.96046
29232.4	6.93834
29411.8	6.89153
29591.1	6.83764
29680.8	6.8059
29770.5	6.76885
29884.7	6.70894
29941.8	6.67017
29998.8	6.62186
30031.5	6.58799
30064.1	6.54771
30096.7	6.49877
30129.3	6.43726
30148.7	6.39247
30168	6.33928
30187.4	6.27491
30206.8	6.19542
30218	6.13992
30229.2	6.07539
30240.4	5.99935
30251.6	5.90836
30260.8	5.8193
30270	5.71314
30279.1	5.58441
30288.3	5.42485
30293.9	5.30668
30299.5	5.16838
30305.1	5.0037
30307.9	4.90932
30310.7	4.80514
30315.1	4.62048
30317.2	4.51557
30319.4	4.40129
30321.6	4.27512
30323.7	4.1365
30325.9	3.98203
30328.1	3.81061
30329.5	3.68781
30330.9	3.55627
30332.3	3.41413
30333.7	3.26027
30335.1	3.09226
30336.5	2.91133
30337.9	2.7154
30339.3	2.50421
30340.6	2.28911
30342	2.06592
30343.3	1.84632
30344	1.74516
30344.6	1.65764
30345.3	1.58865
30346	1.55014
30346.3	1.54663
30346.6	1.55632
30347	1.5813
30347.3	1.62426
30347.6	1.69051
30348	1.77961
30348.3	1.90092
30348.6	2.05147
30349	2.24512
30349.3	2.47534
30349.6	2.75229
30350	3.08127
30350.2	3.35632
30350.5	3.66393
30350.7	4.00625
30350.9	4.38543
30351.2	4.80359
30351.4	5.26277
30351.7	5.76493
30351.9	6.31193
30352.2	6.95706
30352.4	7.63064
30352.7	8.38813
30352.9	9.17239
30353.1	9.97757
30353.4	10.8343
30353.6	11.7426
30353.9	12.702
30354.1	13.7117
30354.3	14.7704
30354.6	15.8762
30354.8	16.9782
30355.2	18.9341
30355.6	20.9336
30356	23.0088
30356.4	25.1404
30357	28.9679
30357.7	32.7654
30358.2	35.4385
30358.7	37.908
30359	39.5386
30359.3	41.008
30359.7	42.3892
30360	43.5877
30360.4	44.7798
30360.8	45.7348
30361.2	46.6104
30361.6	47.1563
30362.1	47.3958
30362.5	47.337
30362.9	47.0772
30363.2	46.6391
30363.6	46.0362
30364	45.307
30364.3	44.4264
30364.7	43.4313
30365.4	41.2052
30365.9	39.2786
30366.5	37.3087
30367	35.3173
30367.6	33.3512
30368.3	30.8783
30369	28.6059
30369.7	26.5067
30370.1	25.5403
30370.5	24.6547
30370.9	23.5033
30371.4	22.4519
30371.9	21.4954
30372.4	20.6445
30372.9	19.8568
30373.4	19.1576
30373.9	18.5105
30374.3	17.9355
30375.1	17.1688
30375.8	16.5092
30376.5	15.9299
30377.2	15.418
30377.9	14.9567
30378.6	14.5499
30379.3	14.1836
30380	13.8519
30381	13.4699
30381.9	13.1287
30382.8	12.8221
30383.7	12.5449
30385.5	12.0629
30387.3	11.6597
30388.7	11.3834
30390.2	11.1377
30393	10.7208
30395.9	10.3777
30398.7	10.0922
30402.6	9.77002
30406.5	9.50768
30410.4	9.28928
30414.3	9.10451
30420	8.87965
30425.7	8.69638
30431.4	8.54416
30437.1	8.41572
30445.4	8.26108
30453.8	8.13547
30462.1	8.03093
30470.4	7.94292
30482.8	7.83419
30495.3	7.74657
30507.7	7.67459
30520.2	7.61486
30536.8	7.54922
30559.6	7.47922
30582.5	7.4268
30605.3	7.38801
30628.1	7.36074
30636.4	7.35347
30658.2	7.34117
30680	7.33933
30701.8	7.34999
30723.6	7.377
30735	7.40013
30746.5	7.43153
30757.9	7.47363
30769.3	7.52999
30778.6	7.59054
30788	7.66856
30797.3	7.77039
30806.7	7.90585
30812.4	8.01174
30818.1	8.14107
30823.8	8.30102
30829.5	8.50145
30834.2	8.70667
30838.8	8.96029
30841.2	9.11063
30843.5	9.27924
30845.9	9.47095
30848.2	9.6883
30851	9.99883
30853.9	10.3677
30856.8	10.8137
30858.2	11.0719
30859.6	11.356
30861	11.6741
30862.5	12.0295
30863.9	12.428
30865.3	12.8738
30866.7	13.3819
30868.2	13.9604
30869.6	14.6229
30871	15.3808
30871.9	15.8909
30872.7	16.4428
30873.5	17.0486
30874.4	17.7155
30875.2	18.4611
30876.1	19.278
30876.9	20.186
30877.8	21.1991
30878.5	22.1633
30879.2	23.2131
30879.9	24.3918
30880.6	25.6821
30881.3	27.1388
30882.1	28.7418
30882.8	30.5335
30883.5	32.54
30884.2	34.824
30884.5	36.0703
30884.9	37.3542
30885.3	38.7536
30885.6	40.2374
30886	41.8104
30886.3	43.4295
30886.7	45.192
30887	47.0574
30887.4	49.0299
30887.8	51.0542
30888.1	53.2495
30888.5	55.4967
30888.8	57.9266
30889.2	60.4057
30889.8	65.2381
30890.5	70.3676
30891.1	75.8492
30891.7	81.6502
30892.3	87.7205
30893	93.9918
30894.2	106.769
30894.9	113.047
30895.5	118.982
30896.1	124.625
30896.7	129.656
30897.4	134.098
30898	137.684
30898.6	140.42
30899.2	142.137
30899.6	142.694
30900	142.841
30900.6	142.217
30901.3	140.532
30901.9	137.839
30902.5	134.284
30903.1	129.862
30903.8	124.837
30904.4	119.185
30905	113.226
30907.1	92.2046
30908.1	81.9394
30908.6	77.0572
30909.2	72.4736
30909.7	68.0311
30910.2	63.9151
30910.7	59.9722
30911.2	56.3565
30911.7	52.9237
30912.2	49.7999
30912.8	46.9078
30913.3	44.2364
30913.8	41.7271
30914.3	39.463
30914.8	37.3803
30915.3	35.4655
30915.8	33.6722
30916.3	32.0565
30916.8	30.5702
30917.4	29.2023
30917.9	27.9183
30918.4	26.7579
30918.9	25.6663
30919.4	24.6774
30919.9	23.7446
30920.4	22.8972
30921	22.1105
30921.5	21.3792
30922	20.6854
30922.5	20.0515
30923.5	18.9063
30924.5	17.8935
30925.6	17.0106
30926.6	16.2219
30927.6	15.5214
30928.7	14.8965
30929.7	14.3419
30930.7	13.8381
30931.7	13.3877
30932.8	12.9757
30933.8	12.6051
30935.2	12.1489
30936.6	11.7451
30938	11.386
30939.4	11.0651
30940.8	10.7773
30942.2	10.518
30943.6	10.2837
30945	10.0727
30947	9.79414
30949.1	9.55146
30951.1	9.33777
30953.2	9.14864
30957.3	8.83024
30961.4	8.57422
30965.5	8.36482
30969.6	8.19216
30973.7	8.04781
30977.8	7.92595
30986	7.73237
30994.2	7.58707
31002.4	7.47525
31010.6	7.38734
31021.8	7.29448
31033	7.22376
31044.2	7.16828
31055.4	7.12376
31071.8	7.07263
31088.2	7.03331
31104.6	7.00208
31121	6.9767
31136	6.95731
31150.9	6.94055
31180.7	6.91286
31210.6	6.89062
31240.4	6.87198
31264.3	6.85894
31297.1	6.84298
31330	6.82861
31362.8	6.81546
31395.6	6.80326
31461.3	6.78075
31526.9	6.75998
31574.7	6.74558
31622.4	6.73158
31717.9	6.70439
31813.4	6.67793
31861.1	6.66497
31908.9	6.65229
31965.6	6.63787
32022.3	6.62474
32050.7	6.61901
32079	6.61419
32107.4	6.6106
32135.7	6.60894
32164.1	6.61015
32192.4	6.61575
32220.8	6.62841
32234.9	6.63861
32249.1	6.65272
32265.5	6.67563
32281.9	6.70856
32298.4	6.75659
32306.6	6.78873
32314.8	6.82806
32323	6.87697
32331.2	6.9386
32339.4	7.01713
32347.6	7.11876
32354	7.21927
32360.3	7.34553
32366.6	7.50685
32373	7.71762
32377.1	7.89063
32381.2	8.1015
32385.3	8.36259
32387.3	8.51707
32389.4	8.69105
32392.7	9.02764
32394.4	9.22502
32396.1	9.44588
32397.8	9.69409
32399.5	9.97439
32401.1	10.2926
32402.8	10.6536
32403.8	10.9022
32404.9	11.1708
32405.9	11.4674
32406.9	11.7896
32407.9	12.1475
32409	12.5386
32410	12.9758
32411	13.4568
32412	13.9986
32413.1	14.6057
32414.1	15.289
32415.1	16.0537
32416.2	16.9308
32417.2	17.9226
32417.7	18.483
32418.2	19.073
32418.7	19.707
32419.2	20.3893
32419.9	21.4131
32420.6	22.551
32421.3	23.8192
32422	25.2364
32422.7	26.824
32423.4	28.6061
32424.1	30.6097
32424.5	31.7037
32424.8	32.8646
32425.3	34.7213
32425.9	36.7075
32426.4	38.8707
32426.9	41.2239
32427.4	43.8321
32427.9	46.6069
32428.4	49.6065
32428.9	52.8388
32429.4	56.3791
32430	60.0923
32430.5	64.0403
32431	68.214
32431.5	72.6858
32432	77.2606
32433	86.8426
32434.2	98.4458
32435.4	109.594
32436	114.8
32436.6	119.569
32437.2	123.783
32437.8	127.28
32438.4	129.878
32438.9	131.776
32439.5	132.927
32440	133.303
32440.6	132.835
32441.2	131.448
32441.8	129.182
32442.4	126.16
32443	122.364
32443.6	118.02
32444.2	113.09
32444.8	107.856
32445.7	99.4877
32446.5	90.879
32447.4	82.3563
32448.3	74.2704
32449.2	66.9564
32449.6	63.5577
32450	60.3131
32450.4	57.156
32450.9	54.2359
32451.3	51.4774
32451.7	48.879
32452.3	45.5473
32452.8	42.5516
32453.4	39.7711
32454	37.2843
32454.6	34.985
32455.2	32.9338
32455.7	31.0399
32456.3	29.3508
32456.7	28.1794
32457.1	27.1134
32457.6	26.119
32458	25.1906
32458.4	24.3232
32458.8	23.5121
32459.3	22.753
32459.7	22.0417
32460.5	20.7342
32461.4	19.594
32462.2	18.583
32463	17.6829
32463.9	16.8693
32464.7	16.1483
32465.6	15.4918
32466.4	14.9058
32467.3	14.3685
32468.1	13.8859
32469	13.4457
32469.8	13.0431
32471.1	12.4806
32472.4	11.9898
32473.7	11.5526
32475	11.1671
32476.3	10.8203
32477.6	10.5119
32478.9	10.2341
32480.2	9.98315
32481.9	9.6914
32483.6	9.43317
32485.3	9.20347
32487	8.99938
32488.7	8.8151
32490.4	8.6491
32493.7	8.36361
32497.7	8.08794
32501.7	7.86426
32505.7	7.67925
32509.7	7.52492
32516.4	7.31485
32523.2	7.15235
32529.9	7.02365
32536.7	6.91956
32547.1	6.79328
32557.5	6.69617
32567.9	6.61871
32578.4	6.55528
32594.3	6.4767
32610.3	6.41302
32626.2	6.35892
32642.2	6.31083
32656.9	6.26985
32671.6	6.23089
32701	6.15533
32730.5	6.07838
32759.9	5.99552
32782	5.92682
32804.1	5.85025
32826.2	5.76316
32848.2	5.66228
32867.9	5.55735
32887.5	5.43351
32907.1	5.28506
32926.8	5.10215
32938.4	4.97187
32950.1	4.82078
32961.7	4.64315
32967.6	4.5423
32973.4	4.4319
32980.1	4.28969
32986.9	4.12999
32993.6	3.94888
33000.4	3.74258
33003.7	3.62787
33007.1	3.50496
33010.5	3.37217
33013.9	3.22926
33017.2	3.0742
33020.6	2.9066
33024	2.72404
33027.4	2.52607
33029.8	2.37065
33032.3	2.20607
33034.7	2.03051
33037.2	1.84503
33039.6	1.64816
33042.1	1.44219
33044.5	1.22821
33047	1.00995
33048.4	0.880525
33049.9	0.754327
33051.4	0.634757
33052.8	0.527434
33053.6	0.479818
33054.3	0.437985
33055	0.403346
33055.7	0.377897
33056.5	0.362981
33057.2	0.361535
33057.9	0.376626
33058.6	0.411354
33059.1	0.445844
33059.6	0.491487
33060	0.545575
33060.4	0.610423
33060.8	0.688615
33061.2	0.781781
33061.7	0.89174
33062.1	1.02052
33062.5	1.17038
33062.9	1.34382
33063.4	1.58491
33063.9	1.86856
33064.4	2.20057
33064.7	2.38671
33064.9	2.5874
33065.2	2.80356
33065.4	3.03612
33065.7	3.28608
33065.9	3.55446
33066.2	3.84232
33066.4	4.15075
33066.7	4.48088
33066.9	4.81929
33067.1	5.14888
33067.4	5.48158
33067.6	5.83265
33067.8	6.20283
33068	6.59283
33068.2	7.00338
33068.4	7.4352
33068.6	7.88899
33068.8	8.36545
33069	8.86527
33069.2	9.38909
33069.4	9.93756
33069.7	10.5113
33069.9	11.1108
33070.1	11.7366
33070.3	12.3893
33070.6	13.4026
33070.9	14.4763
33071.2	15.6112
33071.5	16.7682
33071.8	18.0244
33072.1	19.2982
33072.4	20.6738
33072.7	22.0611
33073.3	24.741
33073.8	27.531
33074.4	30.4578
33074.9	33.4951
33076.5	42.872
33077.3	47.4644
33078.1	51.8158
33078.6	54.1997
33079.1	56.4204
33079.5	58.4516
33080	60.27
33080.5	61.8869
33080.9	63.219
33081.4	64.2913
33081.9	65.0973
33082.3	65.553
33082.6	65.8296
33083	65.9451
33083.4	65.8982
33083.8	65.6928
33084.1	65.3474
33084.9	64.2617
33085.6	62.6934
33086.4	60.7455
33087.1	58.5129
33087.9	56.1205
33089.1	51.8396
33090.4	47.5712
33091.7	43.5401
33092.3	41.6567
33092.9	39.9016
33093.5	38.2222
33094.2	36.6485
33094.8	35.179
33095.4	33.8103
33096.1	32.5375
33096.7	31.3553
33097.3	30.2577
33097.9	29.2541
33098.6	28.3062
33099.2	27.425
33099.8	26.605
33100.4	25.8528
33101.7	24.4727
33102.9	23.2737
33104.2	22.2567
33105.3	21.3508
33106.5	20.5397
33107.8	19.8099
33108.9	19.1502
33110.2	18.5513
33111.3	18.0055
33112.5	17.5062
33113.8	17.0258
33115.1	16.5886
33117.6	15.8112
33120.1	15.1448
33122.6	14.5676
33124.4	14.1934
33126.2	13.8527
33129.9	13.2569
33133.6	12.7504
33137.2	12.3169
33142.2	11.8113
33147.3	11.3888
33152.3	11.0306
33157.3	10.7237
33164.2	10.3686
33171	10.0718
33177.9	9.81957
33184.7	9.60235
33194.8	9.33357
33204.8	9.11065
33214.9	8.92279
33224.9	8.76233
33241.4	8.54514
33257.8	8.3696
33274.3	8.22478
33290.7	8.10343
33320	7.92995
33349.2	7.79553
33378.4	7.68773
33407.7	7.59964
33466.2	7.46446
33524.6	7.3661
33583.1	7.2915
33641.6	7.23368
33773.2	7.14478
33904.8	7.09442
33985.2	7.07866
34065.6	7.07366
34146	7.08027
34226.4	7.1008
34281.2	7.12495
34336.1	7.15971
34390.9	7.20782
34445.7	7.27464
34485.9	7.33962
34526.1	7.4229
34566.3	7.53091
34606.5	7.67343
34630.3	7.77995
34654	7.90767
34677.8	8.06412
34701.5	8.25755
34721.7	8.45958
34741.8	8.70805
34751.8	8.85439
34761.9	9.01872
34771.9	9.20418
34782	9.4146
34794.8	9.72635
34807.6	10.0976
34814	10.3116
34820.3	10.5476
34826.7	10.8094
34833.1	11.0999
34838.2	11.3519
34843.2	11.6273
34848.2	11.9291
34853.2	12.2601
34858.3	12.6256
34863.3	13.0291
34868.3	13.4778
34873.3	13.9765
34877.9	14.4814
34882.5	15.0422
34887.1	15.6673
34891.6	16.3666
34896.2	17.152
34900.8	18.0373
34905.3	19.0387
34909.9	20.1749
34912.4	20.871
34914.9	21.6186
34917.4	22.4256
34919.9	23.2977
34922.5	24.2454
34925	25.2683
34927.5	26.3782
34930	27.5837
34932.5	28.9
34935	30.3273
34937.5	31.8819
34940	33.576
34942.6	35.43
34945.1	37.4422
34947.6	39.6326
34950.1	42.0132
34953.3	45.3508
34956.5	49.0289
34959.7	53.0446
34962.9	57.3563
34966.1	61.9268
34969.3	66.6173
34972.5	71.2937
34975.7	75.7067
34978.8	79.4443
34980.3	81.0542
34981.9	82.4489
34983.4	83.5987
34984.9	84.4775
34986.5	85.0636
34988	85.3402
34990	85.2196
34991.7	84.7029
34993.3	83.8198
34995	82.5896
34996.6	81.0502
34998.3	79.2173
34999.9	77.152
35001.6	74.8719
35003.2	72.4475
35006.6	67.2771
35009.9	61.9467
35013.2	56.6971
35016.5	51.6998
35019.6	47.3735
35021.1	45.3434
35022.6	43.4179
35024.2	41.5722
35025.7	39.8186
35027.3	38.1552
35028.8	36.5896
35030.3	35.0986
35031.9	33.6895
35033.4	32.3586
35034.9	31.1103
35036.5	29.9245
35038	28.813
35039.6	27.7575
35041.1	26.7682
35042.7	25.7991
35044.3	24.8864
35045.9	24.0267
35047.4	23.2215
35050.6	21.737
35053.8	20.4194
35057	19.24
35060.1	18.1887
35063.3	17.2435
35066.5	16.397
35069.7	15.6323
35072.8	14.9422
35076	14.3179
35079.2	13.7536
35082.4	13.2392
35085.5	12.7721
35088.7	12.3444
35091.9	11.9546
35097.1	11.3845
35102.3	10.8896
35107.5	10.4554
35112.7	10.0736
35117.9	9.73585
35123.1	9.43711
35128.3	9.17093
35133.4	8.93386
35139.8	8.67687
35146.2	8.45177
35152.5	8.25349
35158.9	8.07815
35165.2	7.92257
35171.6	7.78409
35184.3	7.5498
35195.2	7.38491
35206.2	7.24791
35217.2	7.13241
35228.1	7.03536
35250.1	6.8851
35272	6.77984
35290.5	6.71819
35309	6.67698
35327.4	6.65403
35351.7	6.65034
35375.9	6.67826
35400.2	6.74378
35412.3	6.79419
35424.4	6.85875
35437.1	6.9461
35449.8	7.05828
35462.5	7.20232
35475.2	7.38819
35481.6	7.50128
35487.9	7.63051
35494.3	7.77893
35500.7	7.95008
35507	8.14833
35513.3	8.37914
35519.7	8.64922
35526.1	8.96665
35532.4	9.34317
35535.6	9.55863
35538.8	9.79402
35541.9	10.0533
35545.1	10.3377
35548.3	10.6525
35551.4	10.9995
35554.6	11.3855
35557.8	11.8133
35561	12.2919
35564.2	12.8255
35567.3	13.4263
35570.5	14.1005
35573.7	14.8647
35576.8	15.7283
35579.7	16.6187
35582.6	17.6233
35585.5	18.76
35587	19.3822
35588.4	20.0453
35589.8	20.7575
35591.3	21.5123
35592.7	22.324
35594.2	23.1853
35595.6	24.1124
35597.1	25.0972
35598.5	26.1508
35599.9	27.2784
35601.5	28.6161
35603.1	30.0582
35604.7	31.6124
35606.3	33.2753
35607.9	35.0753
35609.5	37.0091
35611.1	39.0824
35612.7	41.2854
35613.9	43.2063
35615.2	45.2247
35617.8	49.5445
35620.4	54.2024
35623.1	59.1118
35628.2	69.0707
35630.8	73.6742
35632.2	75.7625
35633.4	77.6597
35635.1	79.7264
35636.7	81.3698
35638.4	82.5382
35640	83.1931
35641.6	83.3254
35643	83.0422
35644.3	82.4244
35645.6	81.4898
35647	80.2635
35648.3	78.7761
35649.6	77.0622
35651	75.1583
35652.3	73.1018
35654.9	68.6752
35657.6	64.047
35660.3	59.43
35662.9	54.9793
35665.4	51.1298
35667.8	47.5629
35670.2	44.2679
35672.7	41.2729
35675.1	38.5432
35677.5	36.0844
35680	33.8649
35682.4	31.8632
35684.9	30.0232
35687.3	28.3731
35689.8	26.8799
35692.3	25.5378
35694.8	24.3198
35697.2	23.2214
35699.7	22.221
35702.2	21.3157
35704.7	20.4881
35707.2	19.7364
35709.6	19.0467
35712.1	18.4181
35714.6	17.8395
35717.1	17.3106
35719.5	16.8224
35722	16.3751
35726.7	15.6135
35731.4	14.9596
35736.2	14.3942
35740.9	13.907
35745.6	13.4854
35750.3	13.1226
35755.1	12.81
35759.8	12.5434
35765.2	12.2885
35770.6	12.0822
35776	11.921
35781.4	11.8026
35786.8	11.726
35792.2	11.6911
35796.7	11.695
35801.2	11.7305
35805.7	11.7998
35810.2	11.9061
35814.7	12.0537
35819.2	12.2483
35823.7	12.4967
35828.2	12.8092
35833.2	13.243
35835.6	13.5025
35838.1	13.7935
35840.6	14.1225
35843.1	14.4919
35845.5	14.9106
35848	15.3823
35850.4	15.894
35852.7	16.4701
35855.1	17.1231
35857.4	17.8659
35859.8	18.7178
35862.2	19.6905
35864.5	20.8109
35865.7	21.4353
35866.9	22.1083
35868.1	22.873
35869.4	23.7029
35870.6	24.6052
35871.8	25.5796
35873.1	26.651
35874.3	27.822
35875.6	29.1043
35876.8	30.4994
35878	32.0448
35879.3	33.7468
35880.5	35.6248
35881.8	37.683
35883	39.9792
35884.2	42.5248
35885.5	45.35
35886.7	48.4609
35887.9	51.9426
35889.2	55.8069
35890.4	60.089
35891.6	64.7811
35892.9	69.9847
35894.1	75.6775
35895.4	81.8559
35896.6	88.4368
35898	96.2247
35899.3	104.303
35902	120.648
35903.4	128.338
35904.8	135.245
35905.4	138.29
35906.1	141.005
35906.8	143.347
35907.5	145.281
35908.1	146.682
35908.8	147.685
35909.4	148.276
35910	148.448
35910.7	148.157
35911.4	147.379
35912.1	146.125
35912.7	144.416
35913.4	142.279
35914.1	139.748
35914.8	136.862
35915.5	133.663
35916.8	126.503
35918.2	118.637
35920.9	102.14
35922	95.6435
35923.1	89.4294
35924.1	83.5069
35925.2	77.9224
35926.3	72.7021
35927.4	67.8564
35928.5	63.3829
35929.5	59.2703
35930.6	55.5677
35931.7	52.2062
35932.7	49.0999
35933.8	46.2852
35934.8	43.6861
35935.9	41.3307
35936.9	39.1538
35938	37.1782
35939.2	35.0374
35940.5	33.1165
35941.7	31.3618
35943	29.7813
35944.2	28.3317
35945.4	27.0205
35946.7	25.822
35947.9	24.7242
35949	23.8576
35950	23.0583
35951.1	22.306
35952.2	21.6103
35954.3	20.3447
35956.4	19.2381
35958.5	18.2565
35960.6	17.3862
35962.7	16.6113
35964.8	15.9215
35966.9	15.2993
35969	14.7387
35971.1	14.232
35973.2	13.7745
35975.3	13.3562
35977.4	12.9746
35979.5	12.6255
35981.6	12.3067
35985.1	11.8375
35988.6	11.426
35992	11.0627
35995.4	10.7411
35998.9	10.4533
36002.3	10.1954
36005.8	9.96354
36009.2	9.75469
36013.5	9.52484
36017.7	9.31997
36026.1	8.9717
36034.5	8.68739
36043	8.45173
36054.5	8.18941
36065.9	7.97868
36077.4	7.80555
36088.9	7.66097
36105.8	7.48786
36122.7	7.34905
36139.5	7.23531
36156.4	7.14037
36180.9	7.02713
36205.4	6.93581
36229.9	6.85996
36254.5	6.79593
36288.2	6.72228
36321.9	6.66101
36355.6	6.60891
36389.3	6.56379
36444.5	6.50119
36499.7	6.4485
36554.9	6.40284
36610	6.36238
36677.5	6.3181
36744.9	6.27791
36812.3	6.24065
36879.8	6.20556
36904.3	6.19323
36971.7	6.16028
37039.2	6.12865
37106.6	6.09851
37140.3	6.08429
37174.1	6.07092
37198.6	6.06204
37223.1	6.05417
37252.2	6.04684
37281.3	6.04312
37295.9	6.04337
37310.5	6.0457
37325	6.05075
37339.6	6.05993
37354.9	6.07602
37370.2	6.10216
37377.9	6.12077
37385.6	6.14447
37393.2	6.17476
37400.9	6.2139
37409.3	6.27144
37417.8	6.35052
37426.2	6.46188
37430.4	6.53497
37434.6	6.62359
37438.8	6.7329
37443	6.86898
37447.3	7.0417
37451.5	7.26363
37454.9	7.49628
37456.7	7.63538
37458.4	7.79196
37460.1	7.97118
37461.8	8.17504
37463.5	8.4096
37465.3	8.68124
37466.3	8.87054
37467.4	9.07719
37468.4	9.30779
37469.5	9.56107
37470.5	9.84557
37471.6	10.1602
37472.6	10.5127
37473.7	10.9091
37474.8	11.3613
37475.8	11.8696
37476.9	12.4547
37477.9	13.1184
37478.4	13.49
37479	13.8892
37479.5	14.3184
37480	14.7714
37480.6	15.2684
37481.1	15.7938
37481.6	16.3711
37482.1	16.9822
37482.7	17.6543
37483.2	18.3804
37483.7	19.1646
37484.2	19.9948
37484.8	20.9073
37485.3	21.872
37485.8	22.9301
37486.3	24.0455
37486.9	25.2646
37487.4	26.5696
37487.9	27.9626
37488.4	29.4156
37489	30.9843
37489.5	32.6397
37490	34.378
37490.5	36.1584
37491.2	38.404
37491.8	40.6921
37493	45.4091
37494.3	50.1533
37494.9	52.4129
37495.5	54.5575
37496.1	56.3616
37496.7	58.0086
37497.2	59.4698
37497.8	60.7189
37498.3	61.7329
37498.9	62.4924
37499.4	62.983
37500	63.1941
37500.7	63.0546
37501.5	62.4431
37502.2	61.3818
37502.9	59.9074
37503.7	58.0689
37504.4	55.9242
37505.1	53.5372
37505.8	51.0097
37507.4	45.311
37508.9	39.6426
37509.7	36.9476
37510.5	34.3924
37511.2	31.999
37512	29.8079
37512.8	27.615
37513.6	25.6291
37514.5	23.8421
37515.3	22.26
37516.1	20.8297
37516.9	19.5555
37517.8	18.4212
37518.6	17.423
37519.4	16.5221
37520.2	15.7272
37521.1	15.0073
37521.9	14.3694
37522.7	13.7888
37523.6	13.2716
37524.4	12.7984
37525.2	12.3745
37526.1	11.9488
37527	11.5684
37527.9	11.2234
37528.8	10.9096
37529.7	10.6203
37530.6	10.3588
37532.4	9.89849
37534.1	9.53593
37535.7	9.22357
37537.4	8.95088
37539	8.71134
37540.7	8.49975
37542.3	8.31187
37544	8.14426
37545.6	7.99406
37547.7	7.82366
37549.8	7.67453
37554	7.42485
37558.3	7.22566
37562.5	7.06415
37565.8	6.95708
37569.1	6.86456
37575.7	6.71254
37582.3	6.59368
37588.9	6.49884
37594.9	6.42797
37600.9	6.36823
37612.9	6.27318
37624.9	6.20121
37637	6.14477
37647.2	6.10545
37657.4	6.07209
37677.8	6.01801
37698.3	5.97523
37718.7	5.93997
37737.9	5.91144
37757.1	5.88613
37795.6	5.84203
37834	5.80319
37872.5	5.76742
37925.4	5.72087
37978.2	5.67559
38031.1	5.63037
38084	5.58447
38141.7	5.5329
38199.3	5.47924
38257	5.42304
38314.7	5.36399
38377.2	5.29661
38439.7	5.2259
38502.2	5.15343
38533.4	5.11775
38564.7	5.08402
38588.7	5.06113
38612.7	5.0437
38628.4	5.03764
38644	5.0388
38659.6	5.05307
38667.4	5.06845
38675.2	5.09267
38682.4	5.12674
38689.6	5.1789
38693.2	5.21529
38696.8	5.26139
38700.4	5.32088
38704	5.39925
38707.7	5.50587
38709.5	5.57402
38711.3	5.65588
38713.1	5.7562
38714.9	5.87994
38716.7	6.0368
38717.6	6.13191
38718.5	6.24148
38719.5	6.38132
38720.4	6.54855
38721.4	6.75162
38722.4	6.9994
38722.9	7.14703
38723.4	7.31297
38723.8	7.50013
38724.3	7.70728
38724.8	7.94682
38725.3	8.21902
38725.8	8.5287
38726.3	8.87351
38726.6	9.12055
38726.9	9.37951
38727.2	9.65949
38727.5	9.96195
38727.8	10.2884
38728.1	10.6403
38728.4	11.019
38728.7	11.4261
38729	11.8628
38729.3	12.3304
38729.6	12.83
38729.9	13.3625
38730.2	13.9287
38730.5	14.529
38730.8	15.1638
38731.1	15.8329
38731.5	16.7777
38731.9	17.7549
38732.3	18.8115
38732.7	19.8899
38733.5	22.1952
38734.2	24.5744
38735.1	27.1228
38735.9	29.5386
38736.3	30.6938
38736.7	31.7448
38737.1	32.7034
38737.5	33.5535
38738	34.3916
38738.5	35.0292
38739	35.47
38739.4	35.7025
38739.7	35.7391
38740	35.6961
38740.4	35.4738
38740.9	35.0769
38741.3	34.4944
38741.7	33.763
38742.2	32.8405
38742.6	31.8
38743.1	30.6416
38743.5	29.3859
38744	27.93
38744.5	26.4436
38745.4	23.3925
38746.1	21.1744
38746.8	19.0746
38747.1	18.0428
38747.5	17.0787
38747.8	16.156
38748.1	15.2774
38748.4	14.5885
38748.7	13.9317
38749	13.3073
38749.2	12.7362
38749.5	12.176
38749.8	11.6479
38750.1	11.1514
38750.4	10.7019
38750.6	10.2652
38750.9	9.8575
38751.2	9.47764
38751.5	9.13659
38751.8	8.80782
38752	8.50314
38752.3	8.22121
38752.6	7.96963
38752.9	7.72847
38753.1	7.50612
38753.4	7.30129
38753.7	7.11275
38754.3	6.7798
38754.8	6.503
38755.4	6.26445
38755.9	6.06595
38756.5	5.89431
38757	5.75072
38757.6	5.62567
38758.1	5.52013
38758.7	5.42731
38759.2	5.34812
38760.4	5.21692
38761.5	5.11462
38762.7	5.02735
38763.9	4.95777
38766.3	4.85524
38768.7	4.78393
38771.1	4.73284
38773.5	4.69482
38775.8	4.66607
38780.6	4.62618
38786.1	4.59783
38791.6	4.58005
38797	4.56847
38802.5	4.56086
38808	4.55618
38820.3	4.55419
38832.6	4.5644
38838.8	4.57553
38844.9	4.59216
38851.1	4.6164
38857.2	4.65149
38863.4	4.70245
38869.5	4.77748
38872.6	4.82816
38875.7	4.89108
38878.8	4.97027
38881.9	5.07122
38883.6	5.14
38885.3	5.22022
38887	5.31451
38888.7	5.42635
38890.4	5.56042
38892.1	5.72315
38893.8	5.92369
38894.7	6.04136
38895.5	6.17377
38896.5	6.34259
38897.4	6.53595
38898.3	6.76172
38899.3	7.0282
38900.2	7.34657
38900.7	7.52974
38901.2	7.73195
38901.6	7.95595
38902.1	8.20494
38902.6	8.48265
38903.1	8.79336
38903.7	9.24591
38903.9	9.49908
38904.2	9.77239
38904.6	10.0677
38904.8	10.3868
38905.2	10.7321
38905.4	11.0926
38905.7	11.4957
38906	11.9319
38906.3	12.4038
38906.6	12.9141
38906.9	13.4657
38907.2	14.0615
38907.5	14.7045
38907.8	15.3736
38908.1	15.9647
38908.3	16.5643
38908.5	17.2261
38908.8	17.8962
38909	18.634
38909.2	19.3793
38909.5	20.1979
38909.7	21.0226
38910.2	22.8331
38910.7	24.8152
38911.1	26.9702
38911.6	29.2955
38912.1	31.8385
38912.5	34.4808
38913	37.256
38913.5	40.1407
38915.4	52.1098
38915.8	55.0011
38916.3	57.7562
38916.8	60.3247
38917.2	62.61
38917.8	64.9045
38918.3	66.7782
38918.8	68.1791
38919.3	69.0672
38919.7	69.349
38920	69.4195
38920.5	69.139
38921	68.3952
38921.5	67.2059
38921.9	65.6364
38922.4	63.7894
38922.9	61.6448
38923.3	59.2448
38923.8	56.6935
38924.2	53.9239
38924.7	51.0382
38925.6	45.1022
38926.5	39.2239
38927	36.3947
38927.5	33.6761
38927.8	31.6396
38928.2	29.7449
38928.5	27.8895
38928.9	26.1807
38929.2	24.5232
38929.6	23.0104
38929.9	21.5554
38930.3	20.2379
38930.5	19.4231
38930.8	18.6479
38931	17.9112
38931.2	17.2121
38931.4	16.5493
38931.7	15.9218
38931.9	15.3282
38932.1	14.7673
38932.4	14.2376
38932.6	13.7379
38932.8	13.2667
38933.1	12.8228
38933.5	12.0111
38934	11.3071
38934.4	10.722
38934.8	10.199
38935.2	9.73149
38935.7	9.31323
38936.1	8.93869
38936.5	8.6028
38936.9	8.30104
38937.3	8.03551
38937.7	7.78976
38938.2	7.56745
38938.6	7.3658
38939	7.18654
38939.8	6.8655
38940.7	6.59839
38941.3	6.42249
38941.9	6.26583
38942.6	6.12556
38943.2	6.00125
38944.4	5.78484
38945.7	5.60502
38946.9	5.45248
38948.2	5.32368
38949.4	5.21291
38950.7	5.11681
38952.9	4.97699
38955	4.86479
38957.2	4.77281
38959.4	4.69636
38961.5	4.63177
38963.7	4.57711
38968.1	4.48943
38972.4	4.42244
38976.8	4.37019
38981.1	4.3284
38985.4	4.29461
38994.1	4.24393
39002.8	4.20878
39013.5	4.18013
39024.2	4.16399
39029.5	4.15999
39044.2	4.16235
39059	4.18545
39073.7	4.23313
39081	4.26808
39088.4	4.31187
39095.7	4.36593
39103.1	4.43172
39110.4	4.5113
39117.8	4.60705
39125.1	4.72202
39132.5	4.85945
39139.8	5.02382
39147.2	5.22046
39152.2	5.37667
39157.2	5.55316
39162.2	5.75303
39167.2	5.97933
39172.2	6.23693
39177.3	6.53039
39182.3	6.86583
39187.3	7.24984
39191	7.56754
39194.6	7.91965
39198.3	8.31057
39202	8.74412
39205.7	9.22849
39209.3	9.76777
39213	10.3727
39216.7	11.0491
39220.4	11.8112
39222.2	12.2275
39224.1	12.6695
39225.9	13.1392
39227.7	13.6385
39229.6	14.1695
39231.4	14.7315
39233.2	15.333
39235.1	15.9737
39236.9	16.6566
39238.8	17.3805
39240.6	18.1568
39242.4	18.9849
39244.3	19.8687
39246.1	20.8066
39247.8	21.7453
39249.5	22.7428
39251.3	23.8028
39253	24.9286
39254.7	26.1239
39256.4	27.3919
39258.1	28.7359
39259.8	30.1503
39261.6	31.6541
39263.3	33.2413
39265	34.9132
39266.7	36.6699
39268.5	38.5105
39270.2	40.4318
39273.6	44.4816
39276.9	48.5919
39280.2	52.8068
39283.5	56.9802
39286.8	60.9212
39288.5	62.7348
39290.1	64.404
39291.8	65.8994
39293.4	67.1928
39295	68.2589
39296.7	69.0761
39298.4	69.6277
39300	69.9023
39301.8	69.8816
39303.6	69.5316
39305.4	68.8632
39307.2	67.9016
39308.9	66.6616
39310.7	65.1786
39312.5	63.4875
39314.3	61.6356
39317.9	57.5441
39321.5	53.2016
39325	48.8107
39328.6	44.5631
39331.9	40.8854
39335.1	37.4655
39336.8	35.8557
39338.4	34.3272
39340.1	32.8615
39341.7	31.4757
39343.3	30.152
39344.9	28.9048
39346.6	27.717
39348.2	26.6011
39349.9	25.5413
39351.5	24.5481
39353.1	23.6129
39354.8	22.7334
39356.4	21.8781
39358.1	21.0827
39359.8	20.34
39361.5	19.6481
39363.2	19.0052
39364.8	18.4097
39366.5	17.8604
39368.2	17.3559
39369.9	16.8954
39371.6	16.4781
39373.2	16.1033
39374.9	15.7707
39376.6	15.4802
39378.3	15.2318
39380	15.0258
39381.6	14.8628
39384.1	14.7036
39386.5	14.6406
39388.4	14.6584
39390.2	14.7346
39392	14.8718
39393.8	15.0732
39395.5	15.3195
39397.2	15.6251
39398.9	15.9948
39400.6	16.4323
39402.3	16.9417
39403.9	17.5273
39405.6	18.1937
39407.3	18.9458
39408.9	19.7621
39410.6	20.6628
39412.2	21.6573
39413.8	22.7503
39415.4	23.9464
39417	25.2497
39418.7	26.6638
39420.3	28.1914
39421.7	29.6356
39423.1	31.1698
39424.6	32.7932
39426	34.504
39427.4	36.2991
39428.8	38.174
39431.7	42.1377
39434.6	46.326
39437.4	50.6408
39440.3	54.9559
39443.1	59.1096
39445.4	62.236
39447.7	65.0884
39449.4	67.007
39451.1	68.6953
39452.9	70.1524
39454.6	71.3465
39456.3	72.2826
39458	72.9475
39459.7	73.3524
39461.4	73.5014
39463.2	73.4064
39464.9	73.0818
39466.7	72.5488
39468.4	71.8305
39471.9	69.929
39475.4	67.5815
39478.9	64.9484
39482.3	62.1821
39489.3	56.619
39493	53.7658
39496.8	51.0675
39500.5	48.5363
39504.2	46.1792
39507.9	43.9892
39511.7	41.9715
39515.4	40.1102
39519.1	38.3944
39522.8	36.8086
39526.5	35.3499
39530.3	33.9995
39534	32.7548
39537.7	31.5995
39541.4	30.5314
39545.2	29.5396
39548.9	28.6173
39555.3	27.1703
39561.7	25.8848
39568.2	24.7341
39574.6	23.7006
39581	22.7691
39587.5	21.9261
39593.9	21.1601
39600.3	20.4627
39610.5	19.4781
39620.6	18.6155
39630.8	17.8536
39635.8	17.5057
39638.4	17.3393
39640.9	17.1786
39642.8	17.0633
39643.7	17.0073
39644.6	16.9525
39645.1	16.9254
39645.6	16.8993
39646	16.8732
39646.5	16.8482
39647	16.8235
39647.4	16.8002
39647.9	16.7773
39648.4	16.7561
39648.8	16.7358
39649.3	16.7174
39649.8	16.7003
39650.2	16.6854
39650.7	16.6721
39651.2	16.6613
39652.1	16.6459
39653	16.6394
39653.9	16.6409
39655.8	16.6571
39656.8	16.664
39657.8	16.6612
39658.8	16.6427
39659.6	16.6169
39659.9	16.6
39660	16.5964
39660.2	16.5883
39660.3	16.5803
39660.5	16.5687
39660.9	16.5419
39661.3	16.5126
39662	16.4481
39662.8	16.3746
39663.8	16.2681
39664.7	16.1575
39666.7	15.9426
39667.7	15.8452
39668.7	15.7586
39669.2	15.719
39669.7	15.6818
39670.1	15.6468
39670.6	15.6138
39671.2	15.5766
39671.8	15.5422
39672.4	15.5092
39673	15.4783
39673.6	15.4482
39674.1	15.4196
39674.7	15.3914
39675.3	15.3644
39675.9	15.3374
39676.5	15.3113
39677.7	15.2597
39678.8	15.209
39680	15.1595
39684.7	14.9654
39689.3	14.7801
39708	14.1097
39721.5	13.6872
39735	13.3085
39748.4	12.9651
39761.9	12.6532
39788.8	12.1081
39815.8	11.6481
39848.7	11.1754
39881.6	10.779
39914.5	10.4419
39947.4	10.1519
39977.4	9.92232
40007.3	9.71806
40067.2	9.37074
40127	9.08856
40186.9	8.85361
40252.7	8.63783
40318.5	8.45621
40384.4	8.30138
40450.2	8.16831
40522	8.04363
40581.9	7.95369
40641.7	7.87487
40701.6	7.8069
40761.4	7.74961
40821.3	7.7049
40854.2	7.68692
40887.1	7.67509
40920.1	7.6715
40953	7.6797
40970.9	7.6911
40988.9	7.7096
41006.8	7.73756
41024.8	7.77865
41038.3	7.82157
41051.7	7.87899
41065.2	7.95655
41078.7	8.06319
41086.9	8.14899
41095.1	8.2563
41103.4	8.39254
41111.6	8.56867
41116.8	8.70883
41122.1	8.87744
41127.3	9.08384
41132.5	9.33918
41136.6	9.58581
41140.8	9.88492
41144.9	10.2526
41147	10.4689
41149	10.7103
41150.8	10.9445
41152.6	11.2052
41154.3	11.4965
41156.1	11.8215
41157.9	12.1899
41159.7	12.6049
41161.4	13.0805
41163.2	13.6227
41164.2	13.9755
41165.3	14.3597
41166.3	14.7794
41167.3	15.2388
41168.4	15.7433
41169.4	16.2988
41170.4	16.9124
41171.4	17.5854
41172.5	18.3407
41173.5	19.1835
41174.5	20.1274
41175.6	21.1886
41176.6	22.3861
41177.6	23.7425
41178.1	24.496
41178.6	25.2845
41179.2	26.1261
41179.7	27.0249
41180.5	28.5611
41181.3	30.2455
41182.1	32.1412
41182.8	34.2218
41183.7	36.5624
41184.4	39.1264
41185.2	42
41186	45.13
41186.6	47.3558
41187.1	49.6697
41187.6	52.1637
41188.1	54.7412
41188.6	57.5009
41189.1	60.3318
41190.1	66.3316
41191.4	74.3692
41192.7	82.6333
41194	90.8498
41194.6	94.7616
41195.2	98.396
41195.8	101.597
41196.4	104.44
41197	106.969
41197.6	109.053
41198.2	110.72
41198.8	111.881
41199.4	112.551
41200	112.692
41200.8	112.087
41201.6	110.624
41202.3	108.314
41203.1	105.29
41203.9	101.573
41204.7	97.3706
41205.4	92.696
41206.2	87.7935
41207.8	77.201
41208.6	71.93
41209.4	66.8037
41210.2	61.8945
41211	57.2558
41211.8	52.923
41212.6	48.9637
41213	46.9446
41213.4	45.0211
41213.9	43.1921
41214.3	41.4951
41214.7	39.8471
41215.2	38.3221
41215.6	36.8444
41216	35.4795
41216.4	34.1591
41216.9	32.913
41217.3	31.7374
41217.7	30.6537
41218.6	28.642
41219.4	26.8506
41220.3	25.2365
41221.1	23.8138
41222	22.5419
41222.8	21.4024
41223.7	20.3676
41224.5	19.4472
41225.4	18.6164
41226.2	17.8643
41227.3	17.0006
41228.4	16.2413
41229.5	15.5587
41230.6	14.9538
41231.7	14.4058
41232.7	13.9168
41233.8	13.4707
41234.9	13.0699
41236.6	12.5076
41238.3	12.0229
41240	11.5975
41241.7	11.2264
41243.4	10.897
41245.1	10.6068
41246.8	10.3468
41248.6	10.1158
41250.3	9.90712
41252	9.72025
41255.4	9.3971
41258.8	9.12981
41262.2	8.90632
41265.3	8.73351
41268.4	8.58414
41274.6	8.34024
41280.8	8.15123
41287	8.00188
41294.4	7.86045
41301.9	7.74939
41309.3	7.66049
41316.8	7.58815
41330.4	7.48565
41344.1	7.41032
41357.7	7.35294
41371.3	7.30786
41383.1	7.27606
41394.9	7.24925
41418.5	7.20587
41442	7.17208
41465.6	7.14454
41487.9	7.12238
41510.2	7.10306
41554.9	7.06981
41599.5	7.04138
41644.1	7.01605
41688.8	6.99286
41733.4	6.97126
41822.7	6.93126
41912	6.89443
42001.3	6.85999
42160	6.80333
42318.8	6.75128
42507.2	6.69439
42695.7	6.64195
42884.2	6.59374
43072.7	6.55002
43191.8	6.52526
43310.8	6.5036
43375.3	6.49383
43439.8	6.4861
43472	6.48346
43504.3	6.48206
43536.5	6.48245
43568.8	6.48557
43592.3	6.49076
43604.1	6.49481
43615.9	6.50021
43627.7	6.50745
43639.5	6.51725
43651.2	6.53061
43663	6.54968
43668.3	6.5609
43673.5	6.57438
43678.8	6.5908
43684.1	6.61106
43689.4	6.63643
43694.6	6.66885
43699.9	6.71157
43705.2	6.76973
43707.7	6.8047
43710.1	6.84629
43712.6	6.89635
43715.1	6.95751
43717.6	7.03358
43720.1	7.1303
43722.5	7.25664
43725	7.42752
43726.2	7.53728
43727.5	7.66979
43728.7	7.8326
43730	8.03667
43731.2	8.29808
43731.8	8.45724
43732.4	8.64022
43733.1	8.85152
43733.7	9.09641
43734.3	9.38101
43734.9	9.71229
43735.6	10.1522
43736	10.4021
43736.3	10.674
43736.7	10.9697
43737	11.2908
43737.4	11.6391
43737.7	12.0049
43738.1	12.4114
43738.4	12.8498
43738.8	13.3213
43739.1	13.8271
43739.5	14.3683
43739.8	14.9454
43740.2	15.5588
43740.5	16.1895
43740.9	17.0354
43741.4	17.9337
43741.8	18.8813
43742.2	19.8504
43743.1	21.9207
43743.9	24.086
43744.9	26.6725
43745.4	27.9368
43745.9	29.12
43746.4	30.0976
43746.8	30.9804
43747.2	31.778
43747.7	32.4779
43748.2	33.2125
43748.8	33.7405
43749.3	34.0623
43749.8	34.1689
43750	34.1584
43750.5	33.9969
43751	33.6523
43751.5	33.1306
43752	32.4432
43752.4	31.7307
43752.9	30.9177
43753.3	30.0166
43753.7	29.0643
43754.6	27.0238
43755.4	24.8842
43756.2	22.6888
43757	20.5728
43757.8	18.5753
43758.2	17.6365
43758.7	16.7435
43759.3	15.5253
43759.9	14.4172
43760.5	13.4207
43761.1	12.5474
43761.3	12.1426
43761.7	11.7633
43762.2	11.0772
43762.8	10.481
43763.4	9.97397
43764	9.5784
43764.5	9.23925
43765	8.93773
43765.5	8.67996
43766.1	8.45105
43766.6	8.25527
43767.1	8.08416
43767.6	7.9343
43768.7	7.68477
43769.7	7.49202
43770.8	7.3379
43771.8	7.21508
43773	7.10078
43774.2	7.00842
43776.6	6.86987
43779	6.77154
43781.4	6.69905
43783.8	6.64403
43786.2	6.6013
43788.6	6.5675
43790.9	6.54035
43794.5	6.50875
43798.1	6.48506
43801.7	6.46693
43805.3	6.45278
43808.9	6.44154
43812.5	6.4325
43819.7	6.41919
43828.6	6.40844
43837.6	6.40155
43846.6	6.39689
43855.5	6.39374
43864.5	6.3916
43873.5	6.39021
43891.4	6.38848
43909.3	6.3878
43927.3	6.38776
43963.2	6.38883
44011	6.39202
44058.8	6.39715
44111.5	6.40551
44164.1	6.41749
44269.3	6.45687
44321.9	6.48771
44374.6	6.52938
44427.2	6.58578
44479.8	6.66286
44520.5	6.74231
44561.1	6.84588
44601.8	6.98228
44622.1	7.06748
44642.4	7.16705
44668.8	7.32251
44695.1	7.51675
44721.4	7.76304
44734.5	7.91149
44747.7	8.08075
44766.8	8.37288
44776.4	8.54361
44786	8.73382
44795.5	8.9462
44805.1	9.18487
44814.7	9.45502
44824.2	9.76096
44830.8	9.99578
44837.4	10.2532
44844	10.5361
44850.6	10.8478
44857.1	11.1922
44863.7	11.5738
44870.3	11.9979
44876.9	12.47
44883.4	12.999
44890	13.5926
44896.6	14.2614
44903.2	15.0164
44909.8	15.8744
44916.3	16.8519
44919.6	17.3919
44922.9	17.9698
44926.2	18.5889
44929.5	19.2505
44933.4	20.0975
44937.3	21.0181
44941.2	22.0204
44945	23.111
44948.9	24.3049
44952.8	25.6051
44956.7	27.0278
44960.6	28.576
44964.3	30.2
44968.1	31.962
44971.8	33.8701
44975.5	35.9301
44979.3	38.1448
44983	40.5123
44986.8	43.0257
44990.5	45.6619
45000.4	53.0252
45005.3	56.7029
45010.2	60.1592
45012.7	61.739
45015.2	63.1831
45017.7	64.464
45020.1	65.5559
45022.6	66.4351
45025.1	67.082
45027.5	67.4816
45030	67.6247
45032.7	67.4861
45035.4	67.046
45038	66.3171
45040.7	65.3241
45043.4	64.0857
45046.1	62.6365
45048.8	61.0104
45051.4	59.2495
45056.8	55.4277
45062.1	51.4396
45067.5	47.4729
45072.8	43.6636
45076.4	41.2252
45080.1	38.9253
45083.7	36.7588
45087.3	34.7402
45090.9	32.8571
45094.5	31.1155
45098.1	29.5034
45101.7	28.0135
45105.9	26.4341
45110.1	24.9978
45114.2	23.686
45118.4	22.4939
45122.6	21.4042
45126.7	20.4107
45130.9	19.4989
45135.1	18.6655
45138.3	18.0575
45141.6	17.4908
45148.2	16.4638
45154.7	15.5599
45161.2	14.7636
45167.8	14.0574
45174.3	13.4306
45180.9	12.8714
45187.4	12.3708
45194	11.9205
45200.5	11.5153
45207	11.1485
45213.6	10.8165
45220.1	10.5141
45226.7	10.2389
45233.2	9.98733
45239.8	9.75678
45251.1	9.4017
45262.4	9.09409
45273.7	8.82357
45285	8.58573
45296.3	8.37516
45307.6	8.1881
45318.9	8.02098
45330.2	7.87098
45354	7.60115
45377.8	7.38068
45401.6	7.19784
45425.4	7.04446
45451.6	6.90295
45477.7	6.78574
45503.9	6.69181
45530.1	6.62508
45539.6	6.60973
45552.7	6.59973
45565.8	6.60704
45578.9	6.6398
45592	6.71173
45599.7	6.78155
45607.4	6.88045
45615.2	7.02012
45619	7.11022
45622.9	7.21702
45626.2	7.3236
45629.4	7.44705
45632.7	7.59079
45636	7.75865
45639.3	7.95599
45642.5	8.18743
45645.8	8.46077
45649.1	8.78505
45651.2	9.02413
45653.2	9.29088
45655.3	9.59062
45657.4	9.92839
45659.5	10.3121
45661.6	10.745
45663.7	11.2373
45665.7	11.7985
45667.4	12.2972
45669	12.8525
45670.7	13.4722
45672.3	14.1604
45673.9	14.9356
45675.6	15.7994
45677.2	16.7753
45678.8	17.8655
45680.5	19.0995
45681.3	19.7735
45682.1	20.4794
45682.9	21.2372
45683.7	22.0408
45684.5	22.8924
45685.4	23.7834
45686.2	24.7378
45687	25.7473
45687.8	26.8139
45688.6	27.9252
45689.4	29.1102
45690.3	30.3565
45691.9	33.0172
45693.6	36.0464
45695.3	39.3138
45697	42.7766
45698.7	46.3458
45702.1	53.5097
45703.8	56.8273
45705.5	59.7604
45706.6	61.4489
45707.7	62.8749
45708.9	64.007
45710	64.8214
45711.1	65.306
45712.3	65.4467
45713.2	65.3098
45714.1	64.9592
45715.1	64.3985
45716	63.6539
45716.9	62.7266
45717.8	61.6555
45719.7	59.1212
45721.5	56.2196
45723.4	53.111
45727.1	46.817
45728.4	44.555
45729.8	42.4
45731.2	40.3358
45732.6	38.4015
45734	36.5728
45735.3	34.8765
45736.7	33.2964
45738.1	31.828
45739.4	30.4752
45740.8	29.2295
45742.1	28.066
45743.5	26.9953
45744.8	25.995
45746.2	25.074
45747.5	24.2126
45748.9	23.4183
45751.2	22.17
45753.6	21.0653
45755.9	20.084
45758.3	19.2093
45760.6	18.4267
45762.9	17.7241
45765.3	17.0914
45767.6	16.5197
45770.3	15.924
45773	15.3903
45775.8	14.9102
45778.5	14.4768
45781.2	14.0842
45783.9	13.7274
45786.6	13.4021
45789.3	13.1058
45793.5	12.6938
45797.7	12.3317
45801.9	12.0116
45806	11.7276
45810.2	11.473
45814.4	11.2446
45822.8	10.8537
45828.7	10.6205
45834.6	10.4167
45840.5	10.2374
45846.4	10.079
45858.3	9.81344
45870.1	9.60277
45881.9	9.43261
45893.7	9.29537
45905.6	9.18453
45917.4	9.09531
45941	8.96817
45964.7	8.89508
45980.4	8.8689
45996.2	8.85854
46017.9	8.86724
46039.5	8.8994
46061.2	8.95337
46082.9	9.0283
46104.6	9.1235
46126.2	9.23955
46147.9	9.37711
46169.6	9.53706
46191.3	9.72169
46213	9.93253
46234.6	10.1725
46256.3	10.4449
46278	10.7533
46299.7	11.1029
46321.3	11.4992
46343	11.9482
46363.7	12.4349
46384.4	12.9859
46405.1	13.6111
46425.8	14.3244
46446.5	15.1397
46456.8	15.5909
46467.2	16.0743
46477.5	16.5952
46487.8	17.1526
46498.2	17.7518
46508.5	18.3939
46519.4	19.1259
46530.2	19.9196
46541.1	20.7813
46551.9	21.7172
46562.7	22.7372
46573.6	23.8495
46584.4	25.0644
46595.2	26.3921
46606.1	27.848
46616.9	29.4455
46627.8	31.2007
46638.6	33.1318
46649.4	35.259
46660.3	37.6044
46671.1	40.1924
46681.9	43.0461
46693	46.2624
46704	49.816
46715.1	53.7358
46726.1	58.0477
46737.2	62.772
46748.2	67.9161
46759.3	73.4696
46770.3	79.4066
46795.2	93.6937
46807.7	100.911
46820.2	107.732
46826.4	110.864
46832.6	113.735
46838.9	116.287
46845.1	118.465
46851.3	120.22
46857.5	121.509
46863.8	122.3
46870	122.574
46876.8	122.28
46883.5	121.38
46890.2	119.902
46897	117.89
46903.8	115.399
46910.5	112.496
46917.2	109.252
46924	105.738
46937.5	98.181
46951	90.3385
46964.5	82.6056
46978	75.1836
46989	69.5102
47000.1	64.2265
47011.1	59.3474
47022.1	54.8755
47033.2	50.7858
47044.2	47.0594
47055.3	43.669
47066.3	40.5888
47077.2	37.8189
47088.1	35.2952
47099	32.9932
47109.9	30.8921
47120.8	28.9676
47131.7	27.2048
47142.6	25.5837
47153.5	24.0925
47164.4	22.7149
47175.2	21.4418
47186.2	20.2601
47197	19.1627
47207.9	18.1391
47218.8	17.1837
47229.7	16.2892
47240.6	15.4494
47249	14.8347
47257.4	14.2499
47274.3	13.1519
47291.1	12.1414
47308	11.2113
47324.8	10.3539
47341.6	9.56651
47358.5	8.84673
47366.9	8.51783
47375.3	8.21125
47385.2	7.8815
47395.1	7.59192
47405	7.3504
47410	7.25138
47414.9	7.169
47422.9	7.07607
47426.8	7.05087
47430.8	7.04262
47436.2	7.06231
47441.7	7.12278
47447.1	7.23072
47449.8	7.30483
47452.6	7.39394
47455.3	7.49972
47458	7.62279
47460.7	7.76501
47463.5	7.92801
47466.2	8.1143
47468.9	8.32441
47471.6	8.561
47474.3	8.82626
47477.3	9.15271
47480.3	9.51905
47483.3	9.9305
47486.2	10.3914
47489.2	10.9064
47492.2	11.4801
47495.2	12.1177
47498.1	12.8248
47500.8	13.5218
47503.4	14.2838
47506.1	15.115
47508.8	16.0167
47511.4	17.0001
47514.1	18.0666
47516.7	19.2204
47519.4	20.4606
47521.4	21.4587
47523.4	22.5062
47525.4	23.6089
47527.4	24.7669
47529.3	25.9863
47531.3	27.2541
47535.3	29.9464
47539.3	32.8397
47543.3	35.8903
47551.2	42.298
47555.9	46.0956
47560.6	49.7498
47565.3	53.1199
47567.7	54.6528
47570	56.0665
47572.8	57.5938
47575.6	58.907
47578.4	59.999
47581.2	60.8628
47584.1	61.4989
47586.9	61.9069
47589.7	62.0981
47592.5	62.0854
47596.2	61.7785
47600	61.1794
47602.9	60.5323
47605.9	59.755
47611.8	57.9048
47617.7	55.8007
47623.6	53.5673
47635.4	49.0339
47641.3	46.8558
47647.2	44.7851
47654.5	42.3838
47661.8	40.1761
47669.1	38.1588
47676.4	36.3179
47683.7	34.6375
47691	33.1072
47698.3	31.7126
47705.6	30.4413
47715	28.9536
47724.5	27.6253
47733.9	26.4323
47743.3	25.3588
47752.8	24.3869
47762.2	23.5053
47771.7	22.7008
47781.1	21.9653
47794.9	20.9993
47808.6	20.1364
47816.3	19.6871
47824.1	19.2577
47827.9	19.0468
47829.8	18.9419
47830.8	18.8893
47831.8	18.8375
47832.3	18.8113
47832.8	18.7859
47833.2	18.7604
47833.7	18.7358
47834.2	18.7114
47834.7	18.6884
47835.2	18.6664
47835.7	18.6458
47836.1	18.6265
47836.6	18.6097
47837.1	18.5954
47837.6	18.5842
47838.1	18.5764
47838.6	18.5729
47839	18.5741
47839.5	18.5805
47840.4	18.607
47841.2	18.6548
47842.1	18.7259
47842.9	18.8192
47843.8	18.935
47844.7	19.0682
47846.4	19.3562
47847.4	19.519
47848.4	19.6504
47849.3	19.7292
47849.4	19.7358
47849.9	19.7553
47850	19.7586
47850.1	19.7604
47850.3	19.7633
47850.5	19.7629
47851.3	19.737
47852.3	19.6507
47853.3	19.5117
47854.2	19.3646
47855	19.1998
47856.6	18.8436
47857.5	18.6674
47858.3	18.5031
47859.1	18.3504
47859.9	18.2151
47860.8	18.0944
47861.6	17.9894
47862	17.9417
47862.4	17.8986
47862.8	17.8584
47863.2	17.821
47863.7	17.7853
47864.1	17.7528
47864.5	17.7223
47864.9	17.6935
47865.3	17.6658
47865.7	17.6401
47866.1	17.6156
47866.5	17.5923
47867.4	17.5476
47868.2	17.5063
47869	17.4667
47869.8	17.4291
47871.5	17.3569
47873.1	17.2878
47876.5	17.1556
47879.8	17.0296
47886.3	16.7909
47898.5	16.3841
47910.7	16.011
47935	15.3445
47959.3	14.7627
47983.7	14.2503
48014.3	13.684
48044.8	13.1881
48075.4	12.7508
48106	12.3632
48136.6	12.0148
48167.2	11.7016
48197.8	11.4176
48228.4	11.1584
48286.8	10.7246
48345.2	10.3497
48403.5	10.0262
48461.9	9.73989
48520.3	9.48558
48578.7	9.25943
48695.5	8.8668
48795.6	8.58135
48895.7	8.3286
48951.3	8.19927
49006.9	8.07583
49034.8	8.01606
49062.6	7.95759
49090.4	7.90069
49104.3	7.87303
49118.2	7.84635
49140.4	7.80673
49151.5	7.78934
49162.7	7.77454
49175.2	7.76307
49187.7	7.76112
49193.9	7.76588
49200.2	7.77634
49206.5	7.795
49212.7	7.8257
49219	7.8745
49225.2	7.95125
49228.4	8.00504
49231.5	8.07325
49234.6	8.16053
49237.7	8.27313
49241.4	8.45035
49243.2	8.56433
49245	8.69968
49246.9	8.86353
49248.7	9.06155
49250.5	9.30617
49252.3	9.60879
49253.3	9.79864
49254.2	10.0116
49255.2	10.2567
49256.2	10.5341
49257.1	10.8561
49258.1	11.2238
49259	11.6544
49260	12.15
49260.7	12.5921
49261.5	13.091
49262.2	13.6543
49262.9	14.2903
49263.7	15.008
49264.4	15.8165
49265.2	16.7253
49265.9	17.7285
49266.4	18.4497
49266.8	19.2219
49267.3	20.0466
49267.8	20.906
49268.3	21.837
49268.8	22.8219
49269.2	23.8597
49269.7	24.9254
49270.7	27.2431
49271.6	29.7203
49273.5	34.9052
49274.8	38.2214
49275.4	39.7889
49276	41.2371
49276.6	42.5868
49277.2	43.7696
49277.9	44.8007
49278.5	45.6267
49279.2	46.3777
49280	46.7791
49280.4	46.85
49281	46.7702
49281.6	46.4607
49282.3	45.9307
49282.9	45.1937
49283.5	44.2675
49284.1	43.1729
49284.7	41.9338
49285.4	40.5755
49286.7	37.4065
49288	34.0864
49289.3	30.7761
49290	29.1869
49290.6	27.6851
49291.3	26.1716
49292	24.7499
49292.7	23.425
49293.4	22.216
49294.1	21.0867
49294.7	20.0673
49295.4	19.1235
49296.1	18.2775
49296.8	17.4984
49297.5	16.7931
49298.2	16.155
49298.9	15.5858
49299.5	15.0627
49300.2	14.5956
49300.9	14.1654
49301.6	13.7802
49302.3	13.439
49302.9	13.1312
49304.2	12.5847
49305.5	12.1205
49306.8	11.723
49308.2	11.3799
49309.5	11.0815
49310.8	10.8202
49312.1	10.5898
49313.8	10.322
49315.6	10.0918
49317.3	9.89209
49319.1	9.71848
49322.6	9.42922
49326.1	9.19936
49328.8	9.04938
49331.5	8.92118
49337	8.71271
49342.5	8.5512
49348	8.42284
49353.2	8.32235
49358.5	8.238
49369	8.10391
49379.4	8.00154
49389.9	7.92004
49398.9	7.86176
49407.9	7.81153
49425.8	7.72748
49443.8	7.65843
49461.8	7.59925
49493.7	7.50925
49525.6	7.43075
49547.6	7.38049
49569.5	7.33193
49591.5	7.28405
49613.5	7.23608
49635.4	7.18702
49646.4	7.16178
49657.4	7.13593
49668.3	7.10929
49679.3	7.08172
49690.3	7.05329
49701.3	7.0238
49712.3	6.99359
49717.8	6.97849
49723.2	6.9637
49728.7	6.94958
49734.2	6.93677
49739.7	6.92649
49745.2	6.92077
49748.6	6.92093
49751.9	6.92535
49755.3	6.93596
49758.7	6.95584
49762	6.9899
49765.4	7.04622
49768.8	7.13901
49770.5	7.20691
49772.2	7.29531
49773.5	7.38911
49774.9	7.50803
49776.3	7.66216
49777.6	7.86568
49778.3	7.99332
49779	8.14018
49779.7	8.31511
49780.4	8.51851
49781.1	8.76319
49781.8	9.05016
49782.4	9.39778
49783.1	9.80751
49783.5	10.0487
49783.8	10.3051
49784.2	10.594
49784.5	10.901
49784.8	11.2465
49785.2	11.6131
49785.5	12.0126
49785.9	12.4474
49786.2	12.9347
49786.6	13.449
49786.9	14.0064
49787.2	14.6092
49787.6	15.2798
49787.9	15.9822
49788.3	16.737
49788.6	17.5459
49789.1	18.6759
49789.5	19.9021
49789.9	21.2261
49790.4	22.6145
49790.8	24.1308
49791.2	25.7031
49791.7	27.3997
49792.1	29.137
49792.8	32.0662
49793.5	35.0839
49794.8	41.3209
49795.7	45.2181
49796.6	48.7844
49797.1	50.7781
49797.7	52.5249
49798.2	54.0549
49798.7	55.2811
49799	55.8788
49799.4	56.3636
49799.7	56.7321
49800	56.9759
49800.2	57.0696
49800.5	57.1312
49800.8	57.0723
49801.2	56.8939
49801.5	56.5981
49802.1	55.6671
49802.8	54.3135
49803.3	52.9057
49803.8	51.2714
49804.3	49.4456
49804.9	47.5038
49805.9	43.2336
49807	38.7862
49808.2	33.6598
49808.9	31.2221
49809.5	28.9578
49810	27.1427
49810.5	25.4471
49811.1	23.8751
49811.6	22.4276
49812.1	21.1032
49812.7	19.8981
49813.2	18.8068
49813.7	17.8404
49814.2	17.098
49814.6	16.4348
49815	15.8153
49815.4	15.2632
49815.9	14.7485
49816.3	14.2904
49816.8	13.8727
49817.2	13.4917
49817.6	13.1363
49818.1	12.8193
49818.9	12.2638
49819.8	11.7912
49820.6	11.3953
49821.3	11.1422
49821.9	10.9155
49823.1	10.5295
49824.4	10.2106
49825.7	9.94295
49826.9	9.71506
49828.2	9.51868
49829.4	9.3477
49830.6	9.19747
49832.8	8.98053
49834.9	8.80071
49837	8.64933
49839.1	8.52076
49843.4	8.3122
49847.6	8.15175
49851.6	8.0291
49855.7	7.92857
49859.7	7.84437
49863.8	7.77277
49867.8	7.7111
49871.8	7.65734
49879.9	7.56793
49887.2	7.50243
49894.6	7.44758
49901.9	7.40042
49909.2	7.35937
49923.8	7.29066
49938.4	7.23461
49953.8	7.18481
49969.2	7.14188
49984.6	7.10361
50000	7.06896
50020	7.02801
50040	6.99059
50080.1	6.92316
50120.1	6.86222
50160.2	6.80559
50200.2	6.75191
50240.2	6.7003
50320.3	6.60115
50400.4	6.50506
50480.5	6.41023
50640.6	6.21951
50800.8	6.02114
50960.9	5.80822
51121.1	5.57303
51281.2	5.3057
51411.4	5.05427
51476.4	4.91641
51541.5	4.76516
51606.6	4.6009
51671.6	4.42029
51736.7	4.22084
51801.8	3.99998
51866.8	3.75128
51899.4	3.61687
51931.9	3.47264
51964.4	3.31902
51997	3.15485
52029.5	2.97921
52062	2.79121
52084.6	2.65298
52107.1	2.50789
52129.6	2.35555
52152.1	2.1957
52174.6	2.0281
52197.1	1.85268
52219.7	1.66971
52242.2	1.47899
52271	1.226
52299.8	0.966264
52328.5	0.70736
52342.9	0.582119
52350.1	0.521468
52357.3	0.462744
52364.2	0.408766
52371.1	0.357554
52378	0.309553
52384.8	0.265397
52391.7	0.225822
52398.6	0.191678
52402	0.176944
52405.5	0.163949
52408.9	0.15284
52412.4	0.143776
52417.4	0.134588
52422.4	0.130685
52427.1	0.132385
52431.8	0.139859
52436.5	0.153714
52441.1	0.174622
52445.8	0.20351
52448.2	0.221249
52450.5	0.241263
52452.9	0.263847
52455.2	0.288933
52457.6	0.316873
52459.9	0.347572
52463.4	0.398401
52466.8	0.456165
52470.2	0.521573
52473.7	0.595243
52477.1	0.677841
52480.6	0.770091
52484	0.872773
52487.4	0.986731
52490.9	1.11326
52492.6	1.18123
52494.3	1.25262
52496.1	1.32757
52497.8	1.40622
52499.5	1.48872
52501.2	1.57521
52502.9	1.66586
52504.7	1.76083
52506.4	1.8603
52508.1	1.96443
52509.8	2.07341
52511.5	2.18743
52513.2	2.3067
52515	2.43141
52516.7	2.56177
52518.4	2.69801
52520.1	2.84036
52521.8	2.98905
52523.6	3.14433
52525.3	3.30644
52527	3.47565
52528.7	3.65224
52530.4	3.83647
52532.2	4.02864
52533.9	4.22905
52535.6	4.43799
52539	4.88276
52542.5	5.36558
52546	5.90348
52549.6	6.48749
52553.1	7.12088
52556.6	7.805
52560.1	8.5472
52563.7	9.34909
52567.2	10.2141
52570.7	11.1428
52574.5	12.2115
52578.2	13.3629
52582	14.6001
52585.8	15.9257
52589.5	17.3411
52593.3	18.8474
52597	20.444
52600.8	22.1282
52603.9	23.5693
52606.9	25.0611
52613.1	28.1722
52619.2	31.4183
52625.4	34.7331
52631.5	38.0332
52637.7	41.2238
52643.8	44.206
52650	46.8851
52654.1	48.4658
52658.2	49.8524
52662.3	51.0352
52666.4	52.0059
52670.5	52.763
52674.6	53.3054
52678.7	53.6423
52682.8	53.7847
52686.6	53.7556
52690.4	53.5854
52694.2	53.288
52698	52.8792
52705.5	51.7809
52713.1	50.4003
52720.7	48.8315
52728.3	47.1581
52743.4	43.7239
52759.6	40.1894
52767.7	38.5371
52775.8	36.9754
52784	35.5075
52792.1	34.1329
52800.2	32.8489
52808.3	31.6528
52816.4	30.5367
52824.5	29.4967
52832.6	28.5275
52840.7	27.6238
52848.8	26.7805
52856.9	25.9929
52873.2	24.5672
52884.2	23.6964
52895.3	22.8975
52906.3	22.1632
52917.4	21.4893
52928.4	20.8646
52939.5	20.2853
52961.6	19.2487
52977.8	18.5767
52994.1	17.9683
53010.3	17.4155
53026.5	16.9115
53042.7	16.4497
53058.9	16.0256
53091.4	15.274
53120.8	14.6833
53150.3	14.1649
53178.3	13.7279
53206.3	13.3369
53234.4	12.9853
53262.4	12.6677
53278.6	12.4982
53294.8	12.3386
53311	12.1886
53327.2	12.0483
53343.4	11.9182
53359.7	11.7998
53375.9	11.696
53384	11.6512
53392.1	11.6128
53401	11.58
53409.8	11.5603
53417.9	11.5586
53426	11.5802
53434.1	11.6375
53438.2	11.6859
53442.2	11.7525
53446.7	11.8534
53451.1	11.995
53455.5	12.1955
53457.7	12.3262
53459.9	12.4837
53463.1	12.7673
53464.6	12.9429
53466.2	13.1456
53467.8	13.3842
53469.3	13.663
53470.9	13.9954
53472.5	14.3894
53473.5	14.6889
53474.5	15.0242
53475.5	15.4044
53476.5	15.8369
53477.5	16.3355
53478.5	16.9004
53479.6	17.5478
53480.6	18.2903
53481.3	18.9028
53482	19.5798
53482.8	20.3273
53483.5	21.1394
53484.2	22.0441
53485	23.0357
53485.7	24.1184
53486.5	25.2786
53487.5	27.0541
53488.5	28.9854
53489.5	31.0959
53490.5	33.3178
53493.3	39.8559
53494.8	42.9794
53495.5	44.4079
53496.2	45.6925
53497.1	47.2069
53498.1	48.3708
53498.6	48.8169
53499.1	49.1611
53499.5	49.4
53500	49.5295
53500.5	49.5542
53501.3	49.3629
53502	48.8921
53502.8	48.1569
53503.6	47.18
53504.4	45.9896
53505.2	44.6188
53505.9	43.1032
53506.7	41.5009
53509.4	35.628
53510.7	32.7599
53512	30.0811
53512.7	28.824
53513.4	27.6526
53514	26.5339
53514.7	25.5021
53515.4	24.5255
53516	23.6315
53516.7	22.7907
53517.3	22.025
53518.1	21.2464
53518.8	20.5439
53519.5	19.8929
53520.2	19.3064
53521	18.763
53521.7	18.2731
53522.4	17.8187
53523.2	17.4082
53524.5	16.7317
53525.8	16.156
53527.2	15.6592
53528.5	15.2279
53529.8	14.8485
53531.2	14.5177
53532.5	14.2253
53533.8	13.9655
53535.6	13.6542
53537.4	13.3865
53539.3	13.1519
53541.1	12.9471
53544.7	12.604
53548.3	12.3293
53553.7	12.0139
53559	11.7706
53564.3	11.5772
53569.6	11.4193
53574.9	11.2872
53580.3	11.1748
53585.6	11.0772
53590.9	10.9917
53601.6	10.8468
53612.2	10.7273
53621.4	10.6384
53630.6	10.5595
53639.8	10.4879
53649	10.4223
53667.4	10.3048
53685.8	10.2007
53710.9	10.0735
53736.1	9.95906
53761.3	9.85428
53786.4	9.75675
53829	9.60487
53871.6	9.46605
53914.2	9.33756
53956.8	9.21756
53999.4	9.10469
54042	8.9979
54127.2	8.79923
54173.6	8.69766
54227.8	8.58407
54254.9	8.52881
54282	8.47444
54309.1	8.42074
54336.2	8.36753
54349.8	8.34103
54363.3	8.31455
54376.9	8.28802
54390.4	8.26139
54402.1	8.23841
54413.7	8.21527
54419.5	8.2036
54425.3	8.19189
54431.1	8.18013
54436.9	8.16838
54441.5	8.15909
54446.1	8.14989
54450.7	8.14088
54455.3	8.13227
54459.9	8.12445
54462.2	8.12105
54464.5	8.11819
54466.8	8.11612
54469.1	8.11523
54471.4	8.11622
54473.7	8.12029
54475.6	8.12801
54476.6	8.13434
54477.6	8.14312
54478.5	8.15564
54479.5	8.17346
54480.5	8.19904
54481.4	8.23547
54482.4	8.28843
54483.4	8.36443
54484.3	8.47243
54485.3	8.6219
54486.3	8.82933
54487.2	9.10854
54487.7	9.28184
54488.2	9.4751
54488.7	9.6933
54489.2	9.93787
54490	10.4006
54490.8	10.9402
54491.5	11.5551
54492.3	12.2298
54493.1	12.9696
54493.9	13.7385
54495.5	15.3057
54496	15.8547
54496.6	16.3594
54497.2	16.8247
54497.8	17.223
54498.4	17.5779
54499	17.837
54499.5	17.9791
54500	18.0495
54500.1	18.0543
54500.4	18.0561
54500.7	18.0323
54501.3	17.9108
54502	17.6358
54502.8	17.2339
54503.4	16.7692
54504.1	16.239
54504.8	15.6457
54505.4	15.0259
54507.3	13.2322
54508.2	12.3961
54509.1	11.6367
54510.1	10.9703
54510.5	10.6712
54511	10.4031
54511.5	10.154
54511.9	9.9336
54512.9	9.55432
54513.4	9.36183
54514	9.19896
54514.6	9.05701
54515.1	8.93815
54515.7	8.83542
54516.2	8.74992
54516.8	8.67629
54517.4	8.61507
54518	8.56225
54518.5	8.51814
54519.6	8.44748
54520.8	8.39477
54521.9	8.35425
54523	8.32209
54524.2	8.29577
54525.3	8.27366
54526.4	8.25466
54528.7	8.22334
54530.9	8.19831
54533.9	8.17188
54536.8	8.15029
54539.7	8.13197
54542.6	8.1161
54545.6	8.102
54548.5	8.08934
54554.3	8.06713
54560.2	8.04781
54566	8.03053
54571.9	8.0147
54577.7	7.99992
54583.8	7.98524
54589.9	7.97126
54602.2	7.94474
54614.4	7.9196
54626.6	7.89548
54638.9	7.87191
54651.1	7.84883
54675.5	7.80371
54700	7.75938
54724.4	7.71553
54773.3	7.62836
54841.4	7.50663
54909.4	7.3825
54964.7	7.2786
55020	7.17126
55075.3	7.05919
55130.6	6.94147
55177.4	6.8366
55224.2	6.72621
55270.9	6.60976
55294.3	6.54919
55317.7	6.48717
55353.9	6.38894
55372	6.33929
55390	6.28998
55408.1	6.24181
55426.2	6.19607
55444.3	6.15562
55462.3	6.12498
55470.8	6.11601
55482.5	6.11292
55494.2	6.12606
55505.9	6.1652
55511.8	6.19955
55517.6	6.24781
55524	6.3221
55530.4	6.42821
55533.6	6.49742
55536.8	6.58051
55539.9	6.68061
55543.1	6.80177
55547.4	7.00583
55549.5	7.13081
55551.7	7.27414
55553.8	7.44084
55555.9	7.63389
55558	7.86086
55560.2	8.12684
55561.6	8.33949
55563.1	8.57775
55564.5	8.84741
55566	9.15379
55567.5	9.5033
55568.9	9.90369
55570.4	10.3644
55571.8	10.8968
55572.8	11.31
55573.8	11.7683
55574.8	12.2779
55575.8	12.8391
55576.8	13.4707
55577.8	14.1752
55578.8	14.9613
55579.8	15.8289
55580.6	16.5308
55581.3	17.2896
55582	18.1087
55582.7	18.9912
55583.5	19.9399
55584.2	20.9569
55584.9	22.0434
55585.7	23.1997
55586.4	24.4938
55587.2	25.8612
55588	27.2966
55588.7	28.7924
55590.3	31.9208
55591.8	35.1095
55592.8	37.2251
55593.9	39.233
55594.9	41.1136
55595.9	42.7713
55596.9	44.1816
55598	45.2674
55599	46.0044
55599.5	46.2332
55600	46.366
55600.6	46.3952
55601.2	46.3066
55601.7	46.1231
55602.7	45.4786
55603.7	44.4778
55604.7	43.1805
55605.8	41.6118
55606.8	39.8575
55607.8	37.9605
55608.8	35.9765
55611.6	30.4603
55613	27.85
55614.5	25.4492
55615.1	24.3777
55615.8	23.3737
55616.4	22.4077
55617.1	21.5083
55617.8	20.6474
55618.4	19.8495
55619.1	19.0887
55619.8	18.3857
55621	17.2094
55622.2	16.1664
55623.4	15.2422
55624.6	14.4292
55625.8	13.7011
55627	13.0533
55628.2	12.4754
55629.4	11.9626
55630.8	11.4549
55632.1	11.0025
55633.4	10.5978
55634.8	10.2345
55636.1	9.90692
55637.4	9.61066
55638.7	9.34174
55640.1	9.09683
55642.1	8.75837
55644.2	8.46332
55646.2	8.20183
55648.3	7.97085
55650.3	7.76359
55652.4	7.57839
55654.5	7.41121
55656.5	7.25957
55659.2	7.08264
55661.8	6.92474
55667.1	6.65467
55672.5	6.43153
55677.8	6.24359
55682.8	6.08841
55687.9	5.95199
55698.1	5.71963
55708.2	5.5254
55718.4	5.35655
55730	5.18399
55741.6	5.02537
55753.2	4.87558
55764.8	4.73112
55788	4.44773
55811.2	4.16098
55830.5	3.91207
55849.8	3.6494
55871.1	3.33982
55881.7	3.17543
55892.4	3.0041
55903	2.825
55913.6	2.63801
55924.3	2.44259
55934.9	2.23854
55944.6	2.04542
55954.2	1.84563
55963.9	1.63937
55973.5	1.42821
55992.9	0.999136
55997.7	0.892974
56002.5	0.788843
56007.4	0.687534
56012.2	0.590384
56016.3	0.512138
56020.4	0.439127
56024.5	0.372681
56028.7	0.314381
56032.8	0.266115
56034.8	0.246411
56036.9	0.230224
56038.9	0.217777
56041	0.2096
56043	0.206064
56045.1	0.207646
56047.7	0.218183
56050.4	0.239478
56053.1	0.27296
56055.7	0.320041
56058.4	0.382898
56059.7	0.42082
56061	0.463442
56062.4	0.511064
56063.7	0.564003
56065	0.622596
56066.3	0.686692
56068.5	0.806513
56070.7	0.945312
56071.8	1.02244
56072.9	1.10507
56074	1.19349
56075.1	1.28709
56076.1	1.38792
56077.2	1.49546
56078.3	1.61005
56079.4	1.73091
56080.5	1.86064
56081.6	1.99856
56082.7	2.14508
56083.8	2.29916
56085.1	2.50174
56086.4	2.71929
56087.7	2.95269
56089.1	3.2029
56090.4	3.4709
56091.7	3.7577
56093.1	4.0644
56094.4	4.38957
56095.7	4.7393
56097	5.11241
56098.4	5.51017
56099.7	5.93055
56101	6.38125
56102.4	6.86051
56103.7	7.36967
56105	7.90591
56106	8.32036
56106.9	8.75266
56107.9	9.20332
56108.9	9.6679
56110.8	10.665
56112.7	11.7373
56114.7	12.8991
56116.6	14.1408
56118.6	15.4772
56120.5	16.895
56122	18.0575
56123.5	19.2637
56125	20.5282
56126.5	21.832
56129.4	24.579
56132.4	27.4619
56138.4	33.4929
56141.4	36.5084
56144.4	39.4194
56147.2	42.0113
56150	44.3942
56152.5	46.2746
56154.9	47.9182
56157.4	49.3122
56159.8	50.444
56162.3	51.3097
56164.8	51.9135
56167.2	52.2664
56169.7	52.3853
56171.6	52.3315
56173.4	52.1638
56177.2	51.5318
56181	50.5794
56184.7	49.3918
56188.5	48.0444
56192.2	46.6001
56199.8	43.6134
56206.3	41.0634
56212.8	38.6605
56219.4	36.4461
56225.9	34.432
56232.5	32.6128
56239	30.9753
56245.5	29.5032
56252.1	28.1815
56258.6	26.9885
56265.2	25.9098
56271.7	24.9328
56278.2	24.0456
56284.8	23.2378
56291.3	22.5002
56297.9	21.8248
56304.4	21.2054
56310.9	20.6343
56317.5	20.1071
56330.5	19.1666
56343.6	18.3538
56356.7	17.6458
56373.3	16.8663
56390	16.1982
56403.1	15.7367
56416.1	15.3224
56422.7	15.1306
56429.2	14.9482
56435.8	14.7747
56442.3	14.6097
56446.7	14.5016
56451.2	14.3972
56455.7	14.2964
56460.1	14.1995
56462.3	14.1526
56464.6	14.1068
56466.8	14.0625
56469	14.0197
56471.3	13.979
56473.5	13.9411
56474.6	13.9237
56475.7	13.908
56476.8	13.8945
56477.9	13.8844
56479.1	13.8796
56479.7	13.8807
56480.3	13.885
56480.9	13.8935
56481.5	13.9069
56482.1	13.9269
56482.7	13.955
56483.3	13.9969
56484	14.0526
56484.6	14.126
56485.2	14.2209
56485.9	14.3436
56486.5	14.495
56487.1	14.6814
56487.8	14.9078
56488.4	15.1833
56489	15.5034
56489.7	15.8752
56490.3	16.3004
56490.9	16.7793
56491.6	17.3099
56492.8	18.5069
56495	20.7867
56496	21.8834
56497.1	22.8255
56497.8	23.3291
56498.5	23.7103
56499.3	23.9723
56499.9	24.0429
56500	24.0445
56500.2	24.0415
56500.3	24.0305
56500.7	23.983
56501.5	23.7327
56502.3	23.3031
56503	22.7257
56503.9	21.9202
56504.8	21.0166
56506.6	19.0798
56507.9	17.7983
56508.5	17.2095
56509.1	16.6651
56509.7	16.1693
56510.3	15.7242
56511	15.33
56511.6	14.9853
56512.2	14.6873
56512.8	14.4325
56513.4	14.2167
56514.1	14.0356
56514.7	13.8846
56515.3	13.7594
56515.9	13.656
56516.5	13.5708
56517.3	13.4824
56518.1	13.4138
56518.9	13.3585
56519.7	13.3143
56520.5	13.2772
56521.3	13.2462
56522.1	13.2189
56522.9	13.1949
56524.5	13.1527
56526.1	13.1157
56527.7	13.0819
56529.3	13.0506
56530.8	13.0207
56532.4	12.9921
56535.6	12.9379
56538.8	12.8867
56542	12.838
56545.8	12.7823
56549.5	12.7288
56553.3	12.677
56557.1	12.6268
56564.6	12.5301
56572.2	12.4381
56579.7	12.35
56587.2	12.2655
56594.8	12.1842
56602.3	12.1059
56619.8	11.935
56637.3	11.7771
56654.8	11.6307
56672.2	11.4944
56702.4	11.28
56732.6	11.088
56762.8	10.915
56793	10.7584
56853.3	10.4854
56913.7	10.2547
56974.1	10.0568
57034.4	9.88485
57136.1	9.64068
57237.8	9.43939
57377.6	9.2133
57447.5	9.11727
57517.4	9.03086
57571.4	8.97032
57625.4	8.91533
57679.4	8.86653
57733.4	8.8253
57768.4	8.80429
57803.3	8.78953
57838.3	8.78382
57873.2	8.79205
57892.3	8.80517
57911.4	8.82743
57930.4	8.86218
57949.5	8.91463
57963.8	8.9704
57978.1	9.04592
57992.4	9.14874
58006.7	9.29068
58015.4	9.40454
58024.1	9.54589
58032.9	9.7236
58041.6	9.94926
58049.6	10.211
58053.5	10.3675
58057.5	10.5451
58061.5	10.7478
58065.5	10.9791
58069.4	11.2448
58073.4	11.5517
58077.8	11.9477
58082.1	12.4184
58084.3	12.688
58086.5	12.9822
58088.7	13.3054
58090.9	13.6612
58093.1	14.0556
58095.2	14.4898
58097.4	14.9733
58099.6	15.5081
58101.8	16.1062
58104	16.7707
58106.2	17.517
58108.4	18.3493
58110.5	19.2873
58112.7	20.336
58114.9	21.5201
58117.1	22.8444
58119.3	24.3372
58121.5	26.0004
58123.6	27.8534
58125.8	29.9047
58128.1	32.3056
58130.5	34.9168
58132.8	37.7028
58135.1	40.5886
58137.4	43.5074
58139.7	46.3138
58142	48.8885
58143.2	50.0359
58144.3	51.0564
58145.8	52.1298
58147.2	52.9653
58148.6	53.5487
58150	53.8648
58151.4	53.9056
58152.6	53.7352
58153.7	53.3878
58154.9	52.8717
58156	52.2048
58157.2	51.3893
58158.3	50.4463
58160.6	48.2588
58162.9	45.7668
58165.2	43.1295
58169.8	37.8253
58171.3	36.0984
58172.9	34.4442
58174.5	32.8726
58176.1	31.3984
58177.6	30.0052
58179.2	28.7028
58180.8	27.489
58182.3	26.3676
58184.8	24.7787
58187.2	23.3662
58189.6	22.1112
58192	21.0001
58194.5	20.007
58196.9	19.1218
58199.3	18.331
58201.7	17.6256
58204.4	16.928
58207.1	16.3088
58209.8	15.7552
58212.4	15.2587
58215.1	14.812
58217.8	14.4087
58220.4	14.0436
58223.1	13.7121
58228.5	13.1346
58233.8	12.6508
58239.1	12.2415
58244.5	11.8921
58249.1	11.6297
58253.7	11.3985
58262.9	11.0093
58272.2	10.696
58281.4	10.4404
58292.1	10.1982
58302.7	10.0001
58313.4	9.83557
58324.1	9.69706
58340.6	9.52197
58357.1	9.38215
58373.6	9.26776
58390.1	9.17276
58411.5	9.07122
58432.9	8.98785
58454.2	8.91799
58475.6	8.85851
58518.3	8.76226
58539.7	8.72241
58561	8.68681
58576.6	8.66319
58592.1	8.64126
58607.7	8.62086
58615.4	8.61122
58623.2	8.60204
58627.1	8.59763
58631	8.59337
58634.9	8.58928
58638.7	8.58545
58640.7	8.58364
58642.6	8.58198
58644.6	8.58051
58645.5	8.5799
58646.5	8.57944
58647.5	8.5792
58648.4	8.57931
58648.9	8.57956
58649.4	8.57998
58649.9	8.58063
58650.4	8.58154
58650.9	8.58281
58651.3	8.58448
58651.8	8.5867
58652.3	8.5895
58652.8	8.59313
58653.3	8.5976
58653.8	8.60327
58654.3	8.61012
58654.8	8.62039
58655.4	8.63326
58656	8.64919
58656.6	8.6683
58657.2	8.69175
58657.7	8.71976
58658.3	8.75279
58658.9	8.79056
58659.5	8.83473
58660	8.88489
58661.2	9.00217
58662.3	9.14127
58663.5	9.29674
58665.4	9.5686
58666.4	9.69246
58667.4	9.79664
58668.2	9.86135
58668.9	9.90413
58669.6	9.92129
58670	9.92317
58670	9.92311
58670.1	9.92278
58670.1	9.92233
58670.2	9.921
58670.5	9.91633
58671.3	9.88515
58672.5	9.7879
58673.4	9.69134
58674.3	9.57793
58676.1	9.3282
58677.3	9.15607
58678.5	9.00027
58679.7	8.86844
58680.3	8.81258
58680.9	8.76348
58681.5	8.72091
58682.2	8.68449
58682.8	8.65372
58683.4	8.62804
58684	8.60686
58684.6	8.58958
58685.2	8.57563
58685.8	8.56446
58686.3	8.55786
58686.7	8.55229
58687.1	8.5476
58687.6	8.54366
58688	8.54036
58688.5	8.53759
58688.9	8.53526
58689.3	8.53329
58689.8	8.53162
58690.2	8.5302
58690.7	8.52898
58691.1	8.52792
58692	8.52616
58692.8	8.52475
58693.7	8.52353
58694.6	8.52245
58696.4	8.52051
58698.1	8.51871
58699.9	8.51699
58703.4	8.51363
58706.9	8.51038
58710.4	8.50718
58713.9	8.50402
58718.6	8.49987
58723.3	8.49578
58732.6	8.48777
58744.4	8.47801
58756.1	8.46854
58779.5	8.45045
58802.9	8.43323
58826.3	8.41689
58873.1	8.3865
58920	8.35879
58945	8.34497
58969.9	8.33178
58988.7	8.32232
58998	8.31776
59007.4	8.31332
59016.8	8.30904
59021.4	8.30698
59026.1	8.305
59030.8	8.30311
59035.5	8.30136
59037.8	8.30057
59040.2	8.29985
59042.5	8.29924
59043.7	8.299
59044.9	8.29882
59045.8	8.29875
59046.8	8.29879
59047.8	8.299
59048.3	8.2992
59048.8	8.29948
59049.2	8.29987
59049.7	8.3004
59050.2	8.30109
59050.7	8.30197
59051.2	8.30313
59051.7	8.30461
59052.2	8.30647
59052.7	8.30876
59053.2	8.31165
59053.6	8.31523
59054.1	8.31961
59054.6	8.32481
59055.1	8.33121
59055.6	8.33887
59056.1	8.34798
59056.6	8.35847
59057.1	8.37098
59057.5	8.38549
59058	8.40219
59058.5	8.42082
59059.5	8.46638
59060.5	8.52194
59061.2	8.57131
59061.9	8.6255
59063.4	8.74675
59064.8	8.87538
59066.3	8.99528
59067.4	9.06753
59068.5	9.11772
59069.3	9.13941
59069.8	9.14314
59070	9.14298
59070.4	9.13946
59071.1	9.12584
59071.3	9.11632
59071.5	9.1086
59071.7	9.10043
59072.4	9.06485
59073.1	9.0205
59074.4	8.91224
59077.8	8.62113
59078.6	8.55699
59079.4	8.50063
59080.2	8.45186
59081	8.41075
59081.7	8.38379
59082.3	8.36132
59082.9	8.34255
59083.6	8.32707
59084.2	8.31448
59084.8	8.30435
59085.5	8.29631
59086.1	8.28998
59086.7	8.28506
59087.3	8.28127
59088	8.27836
59088.6	8.27614
59089.2	8.27445
59089.9	8.27315
59090.5	8.27216
59091.1	8.27138
59091.8	8.27075
59092.4	8.27025
59093	8.26982
59093.7	8.26946
59094.9	8.26882
59096.2	8.26827
59097.4	8.26775
59098.7	8.26724
59101.2	8.26625
59105.5	8.26457
59109.8	8.26289
59114	8.2612
59118.3	8.25951
59126.8	8.25611
59135.4	8.25271
59152.5	8.24595
59169.5	8.23929
59194.4	8.2298
59219.2	8.22056
59268.9	8.20289
59293.7	8.19445
59368.2	8.17069
59542.1	8.12411
59716	8.09018
59877.4	8.07298
59958.2	8.07136
60038.9	8.07618
60107.2	8.08694
60175.5	8.10598
60243.8	8.13639
60312.1	8.18309
60380.4	8.25436
60414.5	8.30332
60448.7	8.36453
60479.7	8.43397
60510.8	8.5206
60541.8	8.63021
60572.9	8.77091
60588.4	8.8574
60603.9	8.95806
60619.4	9.07816
60627.2	9.14876
60631.1	9.18815
60635	9.23187
60636.1	9.24634
60637.3	9.26157
60638.5	9.27816
60639.6	9.29632
60640.2	9.30644
60640.8	9.31714
60641.4	9.32874
60642	9.34141
60642.6	9.35562
60643.1	9.37114
60643.7	9.38848
60644.3	9.40796
60644.9	9.43032
60645.5	9.45518
60646	9.48327
60646.6	9.51497
60647.2	9.5513
60647.8	9.59137
60648.4	9.63602
60648.9	9.68543
60649.5	9.74066
60650.1	9.79976
60651.3	9.93111
60652.4	10.0762
60653.6	10.2275
60655.4	10.4551
60656.4	10.5487
60657.3	10.6209
60658.1	10.6616
60658.8	10.681
60659.6	10.6793
60659.9	10.6712
60660	10.6691
60660.2	10.662
60660.4	10.6536
60660.6	10.6463
60661	10.622
60661.4	10.5927
60662.4	10.4938
60663.5	10.3713
60665	10.1714
60666.6	9.97377
60668.1	9.80348
60668.9	9.73342
60669.7	9.67522
60670.3	9.63353
60671	9.60024
60671.6	9.57417
60672.3	9.55468
60672.9	9.54107
60673.6	9.53258
60674.2	9.52844
60674.9	9.52794
60675.5	9.53042
60676.2	9.53526
60676.8	9.54197
60677.5	9.5501
60678.1	9.5593
60678.8	9.56927
60679.4	9.5798
60680.1	9.5907
60680.7	9.60186
60681.4	9.61316
60682.7	9.63599
60684	9.65889
60685.3	9.68175
60690.5	9.77302
60700.9	9.96234
60711.3	10.1701
60721.7	10.4038
60732.1	10.6701
60742.5	10.9766
60752.9	11.3324
60763.3	11.7489
60773.7	12.2405
60778.9	12.5208
60784.2	12.8272
60789.4	13.1641
60794.6	13.5342
60799.8	13.9436
60805	14.3959
60810.2	14.8984
60815.4	15.4583
60820.6	16.0859
60825.8	16.789
60831	17.5814
60836.2	18.4781
60841.4	19.4992
60846.6	20.6623
60849.2	21.3057
60851.8	21.995
60854.4	22.7345
60857	23.5287
60859.6	24.3866
60862.2	25.3073
60864.8	26.3003
60867.4	27.3724
60870	28.5355
60872.6	29.7889
60875.2	31.1454
60877.8	32.6146
60880.4	34.2132
60883	35.9396
60885.6	37.8111
60888.2	39.8393
60890.8	42.0359
60893.4	44.4121
60896	46.9779
60898.6	49.7414
60902.3	54.0357
60906	58.725
60909.7	63.7998
60913.4	69.1549
60920.8	80.1694
60924.6	85.3627
60926.4	87.7554
60928.2	89.9574
60931.2	92.9633
60932.7	94.1977
60934.1	95.2298
60935.6	96.0448
60937.1	96.631
60938.5	96.9794
60940	97.0848
60941.9	96.8586
60943.8	96.2252
60945.7	95.2005
60947.6	93.8095
60949.5	92.0852
60951.5	90.0667
60953.4	87.7973
60955.3	85.3223
60959.1	79.937
60962.9	74.2503
60966.7	68.5431
60970.5	63.0381
60973.4	59.0612
60976.3	55.3114
60979.2	51.8088
60982.1	48.5711
60985	45.5734
60987.9	42.8184
60990.8	40.2933
60993.7	37.9904
60996.5	35.9616
60999.3	34.1073
61002.1	32.4003
61004.8	30.8395
61007.6	29.4013
61010.4	28.0845
61013.2	26.873
61015.9	25.7574
61019.7	24.3738
61023.5	23.1328
61027.3	22.0173
61031	21.012
61034.8	20.1032
61038.6	19.2791
61042.4	18.5301
61046.2	17.8498
61051.7	16.9543
61057.2	16.1692
61062.8	15.4752
61068.3	14.8613
61073.9	14.3141
61079.4	13.8261
61085	13.3885
61090.5	12.9947
61096	12.6386
61101.6	12.3168
61107.1	12.0239
61112.7	11.7576
61123.8	11.2914
61134.8	10.8991
61144.4	10.6082
61154	10.3545
61163.6	10.1305
61173.2	9.93267
61192.3	9.59999
61211.4	9.33307
61233.6	9.08491
61255.8	8.88572
61278	8.72322
61300.1	8.58879
61332.4	8.43092
61364.7	8.30656
61396.9	8.20594
61429.2	8.12342
61473.5	8.03179
61517.8	7.95869
61562.2	7.89903
61606.5	7.8494
61695.2	7.77115
61783.9	7.71156
61816.2	7.69304
61872.6	7.66341
61900.8	7.6495
61915	7.64262
61929.1	7.63574
61943.2	7.62871
61950.2	7.62507
61957.3	7.6213
61964.3	7.61734
61967.9	7.61526
61971.4	7.61312
61974.9	7.61088
61978.5	7.60856
61980.2	7.60738
61982	7.60624
61983.8	7.60522
61984.6	7.60482
61985.5	7.60457
61986.5	7.60458
61987.4	7.60507
61988.3	7.60637
61988.8	7.60746
61989.3	7.60895
61989.8	7.61099
61990.2	7.61362
61990.7	7.61702
61991.2	7.62137
61991.7	7.62701
61992.1	7.63394
61992.6	7.64254
61993.1	7.65314
61993.6	7.66639
61994	7.68216
61994.5	7.70114
61995	7.72381
61995.4	7.75131
61995.9	7.78306
61996.4	7.82015
61996.8	7.86316
61997.3	7.91379
61997.8	7.97049
61998.7	8.10706
61999.7	8.27904
62000.6	8.4843
62002	8.84875
62003.4	9.26706
62004.8	9.71268
62006.2	10.1331
62007.2	10.4127
62008.3	10.6212
62009.3	10.7379
62009.9	10.7677
62010	10.769
62010.2	10.7704
62010.5	10.7671
62011.4	10.709
62012.5	10.5416
62013.6	10.2888
62014.9	9.92683
62016.2	9.53037
62017.5	9.13303
62018.8	8.77209
62019.4	8.61795
62020	8.47937
62020.6	8.35235
62021.2	8.24117
62021.8	8.14184
62022.4	8.05699
62023	7.98293
62023.6	7.92107
62024.2	7.8682
62024.8	7.82491
62025.4	7.78858
62026	7.75933
62026.7	7.73515
62027.2	7.71593
62027.9	7.70019
62028.5	7.68777
62029.1	7.67763
62029.7	7.66962
62030.3	7.66305
62030.9	7.6578
62031.5	7.65343
62032.1	7.64987
62032.7	7.64682
62033.3	7.64427
62034.5	7.64009
62035.7	7.63677
62036.9	7.63401
62039.3	7.62953
62041.8	7.6259
62045	7.62186
62048.3	7.6185
62051.5	7.6156
62054.8	7.61305
62061.3	7.60866
62067.8	7.60491
62074.3	7.60159
62080.8	7.5986
62093.8	7.59334
62106.8	7.58863
62119.8	7.58438
62145.8	7.57692
62196.7	7.56569
62247.5	7.55923
62298.3	7.55967
62349.2	7.57191
62375.8	7.58654
62402.4	7.61046
62429	7.64889
62455.6	7.71091
62469	7.7557
62482.3	7.81419
62495.6	7.89145
62508.9	7.99527
62518.6	8.09409
62528.2	8.21996
62537.9	8.38264
62547.6	8.59743
62554.3	8.78678
62560.9	9.0219
62567.6	9.31772
62570.9	9.49472
62574.2	9.69491
62577.1	9.89095
62580	10.1104
62582.9	10.3586
62585.7	10.6385
62588.6	10.9575
62591.5	11.3202
62594.4	11.7358
62597.2	12.2144
62598.9	12.5267
62600.6	12.8652
62602.2	13.237
62603.9	13.6414
62605.6	14.087
62607.2	14.5732
62608.9	15.1073
62610.5	15.6949
62612.2	16.3463
62613.9	17.0606
62615.5	17.8539
62617.2	18.7248
62618.9	19.6922
62620.5	20.7535
62622.2	21.9228
62623.8	23.208
62625.9	24.9378
62627.9	26.8466
62629.9	28.9415
62631.9	31.21
62633.9	33.6361
62635.9	36.1479
62639.9	41.1674
62641.2	42.6432
62642.5	44.0249
62643.7	45.2837
62645	46.3833
62646.2	47.3158
62647.5	48.0441
62648.8	48.5623
62650	48.8501
62651.3	48.9064
62652.3	48.7781
62653.3	48.5002
62654.3	48.0785
62655.3	47.5216
62656.4	46.84
62657.4	46.0462
62659.4	44.1767
62661.5	42.0285
62663.5	39.716
62667.6	34.9915
62669.5	32.9012
62671.3	30.9296
62673.2	29.0768
62675.1	27.373
62677	25.8024
62678.8	24.3786
62680.7	23.086
62682.6	21.9155
62684.5	20.8356
62686.4	19.8618
62688.3	18.9833
62690.2	18.1942
62692.1	17.477
62694	16.8309
62695.9	16.2417
62697.8	15.7089
62699.7	15.2212
62701.6	14.7762
62703.6	14.3694
62705.5	13.9986
62709.3	13.3433
62713.1	12.7866
62716.7	12.3299
62720.4	11.9335
62724	11.5874
62727.6	11.2834
62731.3	11.0151
62734.9	10.7772
62738.6	10.5654
62742.2	10.3763
62749.8	10.0386
62757.4	9.76519
62765.1	9.54024
62772.7	9.35363
62780	9.20342
62787.2	9.07495
62801.8	8.86871
62816.4	8.7126
62830.9	8.59255
62846.2	8.49517
62861.4	8.42023
62891.9	8.31763
62914.1	8.2728
62936.2	8.24747
62966.7	8.23971
62997.2	8.26105
63027.7	8.31256
63058.2	8.39892
63081.8	8.49518
63105.4	8.6243
63128.9	8.79556
63152.5	9.02439
63167.7	9.21319
63183	9.4434
63198.2	9.72676
63213.5	10.0786
63221.1	10.287
63228.7	10.5211
63236.3	10.7857
63244	11.0852
63251.6	11.4264
63259.2	11.816
63266.8	12.2642
63274.5	12.7807
63278.6	13.0963
63282.8	13.4392
63286.9	13.8129
63291.1	14.2201
63295.3	14.6666
63299.4	15.1559
63303.6	15.6933
63307.7	16.2834
63311.5	16.8802
63315.4	17.5328
63319.2	18.25
63323	19.0398
63326.8	19.9137
63330.6	20.8779
63334.4	21.9466
63338.2	23.1338
63342	24.459
63345.9	25.9335
63349.7	27.5811
63353.5	29.4251
63357.3	31.4912
63359.2	32.6193
63361.1	33.8076
63363	35.0725
63364.9	36.4046
63366.8	37.8218
63368.7	39.313
63370.8	41.0687
63372.9	42.9338
63375.1	44.9122
63377.1	46.997
63379.3	49.2101
63381.4	51.531
63383.5	53.9801
63385.6	56.5299
63389.8	61.9576
63394	67.6769
63402.4	79.2091
63404.6	82.0148
63406.8	84.6332
63409	87.0078
63411.2	89.0745
63413.4	90.8006
63415.6	92.1312
63417.8	93.0311
63420	93.4759
63422.5	93.4185
63424.6	92.927
63426.6	92.0572
63428.7	90.8318
63430.7	89.2823
63432.7	87.4463
63434.8	85.3652
63438.9	80.6424
63442.9	75.4421
63447	70.0894
63451.1	64.8051
63455.2	59.7542
63458.8	55.5975
63462.3	51.7475
63465.9	48.2056
63469.5	44.9691
63473.1	42.0177
63476.6	39.3497
63480.2	36.935
63483.8	34.7515
63487.4	32.7613
63491	30.9621
63494.6	29.3342
63498.2	27.8631
63501.7	26.5244
63505.3	25.3075
63508.9	24.1994
63512.5	23.1913
63516.1	22.2671
63519.7	21.4207
63523.3	20.6442
63526.9	19.9322
63530.5	19.2746
63534.1	18.6679
63537.7	18.1071
63541.3	17.5895
63547.5	16.7799
63553.8	16.067
63560	15.4333
63566.2	14.8694
63572.4	14.3644
63578.6	13.9119
63584.8	13.5037
63591	13.1353
63598.2	12.7508
63605.4	12.4065
63612.6	12.0962
63619.8	11.8163
63634.2	11.3313
63648.6	10.9278
63664.3	10.5601
63680	10.2518
63695.7	9.99085
63711.4	9.76829
63725.8	9.59041
63740.2	9.43413
63769	9.17296
63797.7	8.96437
63826.5	8.79467
63855.3	8.65441
63884.1	8.53686
63941.6	8.35161
63994	8.22424
64046.3	8.12308
64098.6	8.04128
64150.9	7.97361
64208.5	7.91159
64266.1	7.85943
64323.6	7.81486
64381.2	7.77624
64454.5	7.73385
64527.7	7.69729
64601	7.66525
64674.2	7.63625
64705.6	7.62432
64721.3	7.61829
64737	7.61207
64748.5	7.60722
64754.2	7.60461
64759.9	7.60178
64765.7	7.59863
64768.5	7.59688
64771.4	7.59497
64772.8	7.59394
64774.2	7.59287
64775.7	7.5918
64776.4	7.59128
64777.1	7.59081
64777.8	7.5904
64778.5	7.59011
64779.2	7.58999
64780	7.59012
64780.7	7.59062
64781.4	7.59161
64781.8	7.59236
64782.1	7.59331
64782.8	7.5959
64783.5	7.59937
64784.1	7.60404
64784.8	7.61034
64785.4	7.61842
64786.1	7.62888
64786.8	7.64177
64787.4	7.65785
64788.1	7.677
64788.7	7.70012
64789.4	7.72674
64790.7	7.79254
64792	7.87398
64793.3	7.96718
64795.1	8.10497
64796.9	8.23116
64797.2	8.25034
64798.2	8.30052
64798.5	8.31336
64799.4	8.33855
64799.8	8.3459
64800	8.34774
64800	8.34799
64800.1	8.34868
64800.2	8.34917
64800.4	8.34954
64801.1	8.34511
64802.7	8.29955
64803.8	8.24278
64804.6	8.19108
64805.2	8.15301
64807.3	8.00251
64808.3	7.93051
64809.4	7.86491
64810.4	7.80714
64811.5	7.75913
64812	7.73858
64812.5	7.72024
64813	7.704
64813.5	7.68973
64814	7.67795
64814.5	7.66765
64815	7.65869
64815.5	7.65109
64816	7.64439
64816.5	7.63864
64816.9	7.63371
64817.4	7.62958
64817.9	7.62598
64818.4	7.62291
64818.9	7.62029
64819.4	7.61808
64819.9	7.61615
64820.3	7.61451
64820.8	7.61306
64821.3	7.61182
64821.8	7.6107
64822.3	7.60971
64823.3	7.60803
64824.2	7.60662
64825.2	7.60541
64826.2	7.60433
64827.2	7.60337
64829.1	7.60165
64831.1	7.60013
64833	7.59875
64836.9	7.5963
64840.8	7.59415
64844.7	7.59221
64852.5	7.58874
64860.3	7.58563
64875.8	7.5801
64891.4	7.57504
64907	7.57032
64969.3	7.55311
65031.6	7.53748
65093.9	7.52284
65156.2	7.50883
65191.8	7.50097
65227.4	7.49307
65254.1	7.48696
65267.4	7.48378
65280.8	7.48046
65294.1	7.47691
65300.8	7.475
65307.5	7.47296
65314.2	7.47076
65320.8	7.46832
65324.2	7.46698
65327.5	7.46553
65330.8	7.46395
65334.2	7.46222
65337	7.46061
65339.8	7.45882
65341.1	7.45786
65342.5	7.45685
65343.9	7.45583
65345.3	7.45487
65346	7.45446
65346.7	7.45415
65347.4	7.45398
65348.1	7.45403
65348.8	7.45442
65349.5	7.45526
65350.2	7.45678
65350.9	7.45917
65351.6	7.46282
65352.3	7.46801
65353	7.47539
65353.7	7.48531
65354.4	7.49873
65355	7.51604
65355.7	7.53857
65356.4	7.56657
65357	7.59255
65357.5	7.62223
65358.5	7.6954
65359.6	7.78973
65360.6	7.90441
65361.7	8.04084
65362.7	8.19333
65364.8	8.52548
65366.3	8.75849
65367.1	8.85871
65367.8	8.94314
65369.1	9.03865
65369.7	9.06337
65370	9.06912
65370	9.06951
65370.1	9.07028
65370.2	9.07076
65370.3	9.07127
65370.5	9.07044
65371.3	9.0529
65372.2	8.99771
65373.2	8.9099
65374.3	8.76629
65375.5	8.59701
65377.8	8.24025
65378.7	8.11727
65379.6	8.00517
65380.7	7.8748
65381.8	7.77485
65382.4	7.73291
65382.9	7.69601
65383.5	7.66383
65384	7.63599
65384.6	7.6121
65385.1	7.59208
65385.7	7.5748
65386.2	7.56025
65386.8	7.54808
65387.3	7.5381
65387.9	7.52964
65388.4	7.52263
65389	7.51682
65389.5	7.51209
65390.1	7.50807
65390.6	7.50473
65391.2	7.50192
65391.7	7.49958
65392.2	7.49755
65392.8	7.4958
65393.4	7.49427
65393.9	7.49295
65395	7.49066
65396.1	7.48878
65397.2	7.48715
65398.3	7.48572
65399.7	7.484
65401.2	7.48249
65404.1	7.47986
65407	7.47762
65410	7.47565
65415.8	7.4723
65421.6	7.46945
65427.5	7.46693
65433.3	7.46461
65439.2	7.46242
65445	7.46029
65451.4	7.45798
65457.8	7.45566
65464.3	7.45324
65470.7	7.45067
65473.9	7.44928
65477.1	7.44781
65480.3	7.44623
65483.6	7.44452
65486.8	7.44263
65490	7.44051
65491.6	7.43936
65493.2	7.43818
65494	7.43758
65494.8	7.43702
65495.6	7.43652
65496.4	7.43613
65497.3	7.4359
65497.8	7.43593
65498.2	7.43609
65498.7	7.43642
65499.2	7.43697
65499.6	7.43778
65500.1	7.4389
65500.5	7.44045
65501	7.44249
65501.4	7.44515
65501.9	7.44845
65502.3	7.45267
65502.8	7.4578
65503.3	7.46423
65503.7	7.47187
65504.2	7.48127
65504.6	7.49252
65505.1	7.50587
65505.5	7.52121
65506	7.53951
65506.4	7.56022
65507.4	7.61173
65508.3	7.67861
65509.2	7.76109
65510.1	7.86083
65511	7.97781
65512.3	8.17519
65513.6	8.39455
65515	8.62137
65516.3	8.8346
65517.4	8.98625
65518.5	9.09922
65519.5	9.16032
65519.9	9.17282
65520	9.17429
65520	9.1747
65520.1	9.17549
65520.2	9.17606
65520.3	9.17651
65520.6	9.17471
65521.5	9.14278
65522.7	9.05601
65523.8	8.92613
65525.5	8.66086
65527.3	8.3703
65527.7	8.29477
65528.7	8.15132
65529.6	8.02142
65530.6	7.90768
65531.5	7.81115
65532.5	7.73154
65533.4	7.66764
65533.9	7.64102
65534.3	7.6176
65534.8	7.59712
65535.3	7.5793
65535.7	7.56386
65536.2	7.55054
65536.7	7.5391
65537.1	7.52951
65537.6	7.52112
65538.1	7.51397
65538.6	7.50788
65539	7.5027
65539.5	7.4983
65540	7.49454
65540.4	7.49133
65540.9	7.48858
65541.4	7.48621
65541.8	7.48415
65542.3	7.48235
65542.8	7.48077
65543.7	7.47812
65544.6	7.47599
65546	7.47348
65547.4	7.47141
65548.7	7.46965
65550.1	7.46809
65552.8	7.46543
65555.4	7.4632
65558.1	7.46127
65560.9	7.45957
65566.2	7.45669
65571.6	7.45428
65577	7.4522
65582.4	7.45034
65587.8	7.44866
65594.9	7.44667
65601.9	7.44485
65616	7.44153
65630.1	7.43853
65644.2	7.43576
65672.3	7.43063
65700.5	7.42587
65753.1	7.4176
65805.6	7.40981
65910.8	7.39518
66121.1	7.3682
66241.2	7.35369
66361.4	7.33959
66481.6	7.32577
66601.7	7.31207
66721.9	7.29838
66780.1	7.29172
66838.3	7.28503
66896.5	7.27834
66954.7	7.2717
67012.9	7.26526
67042	7.26219
67071.1	7.25934
67100.2	7.25682
67129.3	7.25484
67158.4	7.25372
67187.5	7.25382
67203.5	7.25487
67219.5	7.25687
67235.4	7.26018
67251.4	7.26535
67267.3	7.27316
67283.3	7.2846
67299.3	7.30202
67315.2	7.32864
67328.4	7.36147
67341.5	7.4098
67348.1	7.44282
67354.7	7.48423
67361.2	7.53674
67367.8	7.6043
67374.8	7.70019
67381.9	7.83095
67385.4	7.9148
67388.9	8.01523
67392.4	8.13674
67396	8.28537
67400.4	8.52607
67402.6	8.67536
67404.9	8.84958
67407.1	9.05447
67409.3	9.29759
67411.6	9.58896
67413.8	9.94037
67415.1	10.1816
67416.4	10.4525
67417.7	10.7604
67419	11.1122
67420.2	11.5166
67421.5	11.9841
67422.8	12.5278
67424.1	13.1641
67425	13.6615
67425.9	14.2188
67426.8	14.8446
67427.6	15.5487
67428.5	16.3419
67429.4	17.2361
67430.3	18.2441
67431.2	19.3794
67431.8	20.3079
67432.5	21.3027
67433.1	22.4001
67433.7	23.5711
67434.4	24.8564
67435	26.2197
67435.7	27.7058
67436.3	29.2698
67437	30.9595
67437.6	32.7485
67438.3	34.6315
67438.9	36.5699
67440.2	40.6882
67441.5	44.9885
67443	49.9078
67444.4	54.5377
67445.1	56.658
67445.9	58.5949
67446.6	60.31
67447.3	61.7679
67448	62.853
67448.7	63.6654
67449.3	64.2148
67450	64.4754
67450.7	64.4344
67451.4	64.0575
67452.2	63.3441
67452.9	62.3309
67453.6	61.0136
67454.3	59.4574
67455.1	57.6792
67455.8	55.7151
67456.9	52.286
67458.1	48.6652
67460.4	41.2782
67461.5	37.7988
67462.6	34.562
67463.2	33.0379
67463.7	31.5822
67464.3	30.1971
67464.9	28.884
67465.4	27.6431
67466	26.4739
67466.5	25.375
67467.1	24.3446
67467.7	23.3802
67468.2	22.4791
67468.8	21.6383
67469.3	20.8546
67469.9	20.1246
67470.5	19.4452
67471	18.813
67471.6	18.2247
67472.1	17.6774
67472.7	17.1679
67473.8	16.2516
67474.9	15.455
67476.1	14.7601
67477.2	14.1517
67478.3	13.6165
67479.5	13.1002
67480.8	12.6506
67482	12.2536
67483.2	11.9012
67484.4	11.5845
67485.6	11.3033
67486.9	11.0503
67488.1	10.8218
67490.3	10.4544
67492.6	10.1456
67494.8	9.88228
67497.1	9.65563
67499.3	9.45902
67501.5	9.28727
67506	9.00276
67509.7	8.81505
67513.4	8.65827
67517	8.52576
67520.7	8.41285
67528	8.23066
67535.3	8.09134
67541.1	8.00415
67546.8	7.93119
67558.2	7.81635
67569.6	7.73077
67581	7.66472
67591.6	7.61582
67602.2	7.57586
67612.8	7.54265
67623.3	7.51465
67644.5	7.47033
67665.7	7.43659
67691.8	7.40482
67717.9	7.38034
67743.9	7.36084
67770	7.34487
67796.1	7.33151
67822.2	7.32009
67848.2	7.31011
67900.4	7.29343
67965.6	7.27672
68030.8	7.26292
68082.9	7.25327
68135.1	7.24447
68239.3	7.2286
68291.5	7.22125
68353.4	7.21284
68415.3	7.20466
68477.3	7.19665
68539.2	7.18876
68601.1	7.18105
68663	7.1737
68725	7.16713
68755.9	7.16446
68786.9	7.16255
68808.1	7.1619
68829.3	7.16205
68850.4	7.16312
68871.6	7.16585
68892.8	7.17084
68914	7.17918
68935.2	7.19265
68956.4	7.21404
68974.3	7.24209
68992.2	7.28511
69001.2	7.31503
69010.2	7.35282
69019.1	7.40111
69028.1	7.46344
69037	7.54558
69046	7.65596
69055	7.80775
69059.4	7.90517
69063.9	8.02171
69069.2	8.1912
69074.5	8.40569
69077.2	8.53517
69079.8	8.68289
69082.5	8.85222
69085.1	9.04654
69087.2	9.22631
69089.4	9.42954
69091.5	9.66026
69093.7	9.92333
69095.8	10.2247
69098	10.5716
69100.1	10.9729
69102.2	11.4375
69103.3	11.7122
69104.5	12.0109
69105.6	12.3359
69106.7	12.6902
69107.8	13.0769
69108.9	13.4993
69110.1	13.9613
69111.2	14.467
69112.3	15.0259
69113.4	15.633
69114.6	16.2979
69115.7	17.0256
69116.8	17.8211
69117.9	18.6894
69119	19.6345
69120.2	20.66
69121.3	21.8091
69122.5	23.0362
69123.6	24.3604
69124.8	25.7538
69125.9	27.2314
69127.1	28.7545
69129.4	31.8995
69132	35.4729
69133.4	37.1182
69134.7	38.587
69136	39.8489
69137.4	40.8443
69138.7	41.5345
69139.3	41.7548
69140	41.8912
69140.9	41.9405
69141.6	41.8673
69142.3	41.6946
69143.1	41.4251
69143.8	41.063
69144.5	40.6133
69145.2	40.082
69146.7	38.8031
69148.1	37.2877
69149.5	35.6019
69152.4	31.9886
69154.3	29.5854
69156.2	27.2867
69158.1	25.1538
69159.1	24.161
69160	23.2201
69161.1	22.2326
69162.1	21.3187
69163.2	20.4673
69164.2	19.6761
69165.3	18.9353
69166.3	18.2557
69167.4	17.6265
69168.4	17.0442
69170.2	16.1544
69172	15.3733
69173.8	14.6863
69175.5	14.0804
69177.3	13.5444
69179.1	13.0686
69180.9	12.6449
69182.6	12.2682
69184.4	11.9283
69186.2	11.6225
69188	11.3465
69189.8	11.0964
69193.3	10.6625
69196.9	10.3014
69200	10.0343
69203	9.803
69206.1	9.60055
69209.2	9.42228
69215.3	9.12353
69221.5	8.88529
69229.2	8.64643
69237	8.45874
69244.8	8.30803
69252.5	8.18521
69261.6	8.06781
69270.6	7.97181
69279.7	7.89194
69284.2	7.85689
69288.7	7.82466
69292.6	7.79895
69294.6	7.78695
69295.5	7.78124
69296.5	7.77582
69297.5	7.77081
69298.4	7.76641
69299.4	7.76288
69299.9	7.76156
69300.4	7.76064
69300.9	7.76017
69301.4	7.76026
69301.8	7.761
69302.3	7.76249
69302.8	7.76491
69303.3	7.76831
69303.8	7.77299
69304.3	7.77893
69304.9	7.78942
69305.6	7.80316
69306.2	7.82062
69306.9	7.84191
69307.5	7.86814
69308.2	7.8994
69308.8	7.936
69309.4	7.97744
69310.8	8.07803
69312	8.19749
69314.6	8.46876
69316.2	8.6222
69317.7	8.74177
69319	8.80102
69319.6	8.81374
69320	8.81573
69320.5	8.81182
69321.3	8.78988
69322.3	8.73977
69323.3	8.66773
69324.7	8.53083
69328.2	8.1453
69329.1	8.0575
69329.9	7.97782
69330.8	7.90733
69331.7	7.84645
69332.5	7.79771
69333.3	7.75686
69334.1	7.72316
69335	7.69574
69335.8	7.67368
69336.6	7.65608
69337	7.64868
69337.4	7.64208
69337.8	7.6362
69338.2	7.63095
69338.7	7.62626
69339.1	7.62204
69339.9	7.61483
69340.6	7.60989
69341.2	7.60561
69341.9	7.60185
69342.6	7.59852
69343.2	7.59545
69343.9	7.5926
69345.2	7.58745
69346.6	7.58269
69347.9	7.57825
69350.6	7.56991
69355.9	7.55458
69361.2	7.54055
69371.9	7.51551
69382.5	7.49359
69393.2	7.47398
69403.9	7.45643
69425.2	7.4263
69448.2	7.39956
69471.1	7.3773
69494.1	7.35845
69517.1	7.34227
69563	7.31599
69608.9	7.29523
69661.4	7.27628
69713.9	7.26088
69779.5	7.24511
69845.1	7.23206
69923.9	7.219
70002.6	7.20777
70147	7.1908
70291.3	7.1768
70435.7	7.16474
70580.1	7.15406
70790	7.1403
70895	7.13403
70947.5	7.13105
70973.8	7.1296
70977	7.12966
70978.7	7.13003
70979.5	7.13042
70980.3	7.13105
70981.1	7.13202
70981.9	7.13348
70982.8	7.13562
70983.6	7.1387
70984.4	7.14306
70985.2	7.14909
70986	7.15731
70986.9	7.16831
70987.7	7.18277
70988.5	7.20146
70989.3	7.22519
70990.2	7.25482
70991	7.29119
70991.8	7.33508
70992.6	7.38712
70993.4	7.44781
70994.2	7.51738
70995.1	7.59578
70996.7	7.77723
71000	8.20774
71000	94.251
80000	94.251
99999.9	94.251
100000	9.19592
105000	9.13409
110000	9.02492
111854	8.96719
115000	8.86922
120000	8.71353
125000	8.65557
127686	8.6505
130000	8.64613
135000	8.68572
140000	8.82181
144569	9.03434
145000	9.05439
150000	9.28697
160000	9.56251
170000	9.64929
175000	9.35963
180000	9.12023
185000	8.78428
190000	8.54435
195000	8.16196
200000	7.92342
203206	8.00044
210000	8.16367
230000	9.22395
238590	9.10315
240000	9.08332
250000	8.70911
256494	8.2173
260000	7.95179
270000	7.9134
277108	8.1596
280000	8.25977
282062	8.28346
290000	8.37466
300000	7.76113
305133	7.49513
310000	7.24292
320000	7.35213
330000	7.75321
333622	7.91662
340000	8.20436
350000	8.56001
350808	8.56526
360000	8.62495
370000	8.48365
380000	8.20632
390000	8.51525
400000	9.06915
410000	9.28386
420000	9.30107
430000	9.02234
440000	8.9894
450000	9.00563
460000	8.92275
470000	8.73997
480000	8.25781
490000	7.82349
500000	7.68701
520000	8.38112
530000	8.72818
540000	8.74198
550000	8.35316
560000	8.21139
570000	8.02155
580000	7.8817
600000	7.82248
620000	7.91435
640000	8.04613
660000	8.14732
680000	8.22789
700000	8.23531
720000	8.12644
740000	7.81347
760000	7.43427
770000	7.26023
780000	7.08619
800000	6.81829
820000	7.0924
831600	7.37073
831600	7.37073
840000	7.57228
860000	7.56321
880000	7.40759
940000	7.00646
944726	6.97486
960000	6.87274
980000	6.80228
1e+06	6.73182
1.05e+06	6.65532
1.1e+06	6.62719
1.15e+06	6.54352
1.2e+06	6.43521
1.2183e+06	6.37587
1.25e+06	6.27307
1.3e+06	6.11093
1.314e+06	6.06553
1.35e+06	5.9488
1.395e+06	5.81608
1.39799e+06	5.80727
1.39799e+06	5.80727
1.398e+06	5.80724
1.4e+06	5.80133
1.45e+06	5.7241
1.4761e+06	5.68378
1.5e+06	5.64686
1.51187e+06	5.6355
1.51187e+06	5.63549
1.53e+06	5.61814
1.6e+06	5.55114
1.8e+06	5.30018
1.86755e+06	5.19568
1.86756e+06	5.19566
1.9e+06	5.14547
2e+06	5.03746
2.073e+06	4.9586
2.08936e+06	4.94474
2.08936e+06	4.94474
2.20595e+06	4.84598
2.20595e+06	4.84598
2.286e+06	4.77816
2.3e+06	4.77142
2.3654e+06	4.71273
2.4e+06	4.68169
2.42463e+06	4.66221
2.42463e+06	4.66221
2.5e+06	4.60262
2.50055e+06	4.60219
2.50055e+06	4.60219
2.6e+06	4.52356
2.88937e+06	4.32591
2.9e+06	4.31865
2.99249e+06	4.25548
3e+06	4.25035
3.2e+06	4.14304
3.4e+06	4.06315
3.6e+06	3.96749
3.8e+06	3.89522
4e+06	3.8521
4.2e+06	3.83082
4.4e+06	3.82744
4.5e+06	3.83285
4.6e+06	3.83825
4.8e+06	3.86004
5e+06	3.893
5.2e+06	3.911
5.4e+06	3.96627
5.5e+06	3.99391
5.6e+06	4.02155
5.8e+06	4.0557
6e+06	4.10265
6.8e+06	4.29045
7e+06	4.32673
7.25274e+06	4.37258
7.27e+06	4.37571
7.57423e+06	4.41693
8e+06	4.47463
8.6e+06	4.52342
8.72977e+06	4.52637
8.72977e+06	4.52637
8.94309e+06	4.53123
9e+06	4.53252
9.5e+06	4.52639
1e+07	4.50262
1.02e+07	4.49311
1.1e+07	4.4381
1.16e+07	4.38151
1.2e+07	4.34378
1.24e+07	4.30606
1.3e+07	4.24942
1.35e+07	4.19573
1.4e+07	4.14168
1.42275e+07	4.11687
1.45e+07	4.08714
1.5e+07	4.03159
1.6e+07	3.91118
1.60027e+07	3.91085
1.60027e+07	3.91085
1.7e+07	3.7884
1.8e+07	3.67178
1.9e+07	3.57269
2e+07	3.47387
