1e-05	56.4878
1.03125e-05	55.6452
1.0625e-05	54.8404
1.09375e-05	54.0707
1.125e-05	53.3334
1.15625e-05	52.6266
1.1875e-05	51.9481
1.21875e-05	51.296
1.25e-05	50.6688
1.28125e-05	50.0649
1.3125e-05	49.4829
1.34375e-05	48.9216
1.375e-05	48.3797
1.4375e-05	47.3499
1.5e-05	46.3859
1.5625e-05	45.4809
1.625e-05	44.6293
1.6875e-05	43.826
1.75e-05	43.0667
1.8125e-05	42.3476
1.875e-05	41.6651
1.9375e-05	41.0165
2e-05	40.3989
2.09375e-05	39.5257
2.1875e-05	38.7102
2.28125e-05	37.9462
2.375e-05	37.2288
2.46875e-05	36.5533
2.5625e-05	35.9159
2.65625e-05	35.3132
2.75e-05	34.7422
2.84375e-05	34.2002
2.9375e-05	33.685
3.03125e-05	33.1943
3.125e-05	32.7264
3.21875e-05	32.2796
3.3125e-05	31.8523
3.40625e-05	31.4433
3.5e-05	31.0512
3.59375e-05	30.6749
3.6875e-05	30.3135
3.78125e-05	29.9659
3.875e-05	29.6314
3.96875e-05	29.3092
4.0625e-05	28.9985
4.25e-05	28.4091
4.4375e-05	27.8587
4.625e-05	27.3432
4.8125e-05	26.8591
5e-05	26.4035
5.15625e-05	26.0436
5.3125e-05	25.7003
5.46875e-05	25.3724
5.625e-05	25.0588
5.78125e-05	24.7585
5.9375e-05	24.4707
6.09375e-05	24.1945
6.25e-05	23.9291
6.40625e-05	23.674
6.5625e-05	23.4284
6.71875e-05	23.1919
6.875e-05	22.9638
7.1875e-05	22.5313
7.5e-05	22.1275
7.8125e-05	21.7495
8.125e-05	21.3947
8.4375e-05	21.0609
8.75e-05	20.7462
9.0625e-05	20.4489
9.375e-05	20.1676
9.6875e-05	19.9008
0.0001	19.6475
0.000103125	19.4066
0.00010625	19.1772
0.000109375	18.9584
0.0001125	18.7494
0.000115625	18.5496
0.00011875	18.3584
0.000121875	18.1751
0.000125	17.9994
0.000128125	17.8307
0.00013125	17.6685
0.000134375	17.5125
0.0001375	17.3624
0.00014375	17.0782
0.00015	16.8137
0.00015625	16.5668
0.0001625	16.3357
0.00016875	16.1188
0.000175	15.915
0.00018125	15.723
0.0001875	15.5417
0.00019375	15.3703
0.0002	15.208
0.000209375	14.98
0.00021875	14.7686
0.000228125	14.5721
0.0002375	14.389
0.000246875	14.2179
0.00025625	14.0576
0.000265625	13.9071
0.000275	13.7656
0.000284375	13.6322
0.00029375	13.5062
0.000303125	13.3872
0.0003125	13.2744
0.000321875	13.1674
0.00033125	13.0658
0.000340625	12.9692
0.00035	12.8772
0.000359375	12.7894
0.00036875	12.7057
0.000378125	12.6257
0.0003875	12.5492
0.000396875	12.4759
0.00040625	12.4057
0.000425	12.2738
0.00044375	12.152
0.0004625	12.0392
0.00048125	11.9345
0.0005	11.8371
0.000515625	11.7608
0.00053125	11.6888
0.000546875	11.6206
0.0005625	11.5559
0.000578125	11.4944
0.00059375	11.436
0.000609375	11.3804
0.000625	11.3274
0.000640625	11.2768
0.00065625	11.2285
0.000671875	11.1824
0.0006875	11.1382
0.00071875	11.0553
0.00075	10.9789
0.00078125	10.9084
0.0008125	10.843
0.00084375	10.7823
0.000875	10.7257
0.00090625	10.6729
0.0009375	10.6235
0.00096875	10.5771
0.001	10.5335
0.00103125	10.4925
0.0010625	10.4538
0.00109375	10.4173
0.001125	10.3827
0.00115625	10.3499
0.0011875	10.3188
0.00121875	10.2892
0.00125	10.261
0.00128125	10.2342
0.0013125	10.2086
0.00134375	10.1842
0.001375	10.1609
0.0014375	10.1171
0.0015	10.0769
0.0015625	10.0398
0.001625	10.0055
0.0016875	9.97367
0.00175	9.94402
0.0018125	9.91635
0.001875	9.89047
0.0019375	9.86621
0.002	9.84341
0.00209375	9.81169
0.0021875	9.78259
0.00228125	9.75581
0.002375	9.73108
0.00246875	9.70815
0.0025625	9.68685
0.00265625	9.667
0.00275	9.64845
0.00284375	9.63108
0.0029375	9.61477
0.00303125	9.59944
0.003125	9.58499
0.00321875	9.57136
0.0033125	9.55846
0.00340625	9.54625
0.0035	9.53466
0.00359375	9.52365
0.0036875	9.51318
0.00378125	9.50321
0.003875	9.4937
0.00396875	9.48462
0.0040625	9.47594
0.00425	9.45968
0.0044375	9.44473
0.004625	9.43095
0.0048125	9.41819
0.005	9.40634
0.00515625	9.39709
0.0053125	9.38837
0.00546875	9.38011
0.005625	9.3723
0.00578125	9.36488
0.0059375	9.35784
0.00609375	9.35114
0.00625	9.34475
0.00640625	9.33867
0.0065625	9.33285
0.00671875	9.3273
0.006875	9.32198
0.0071875	9.312
0.0075	9.30281
0.0078125	9.29431
0.008125	9.28643
0.0084375	9.2791
0.00875	9.27227
0.0090625	9.26588
0.009375	9.25989
0.0096875	9.25426
0.01	9.24896
0.0103125	9.24397
0.010625	9.23925
0.0109375	9.23478
0.01125	9.23054
0.0115625	9.22652
0.011875	9.2227
0.0121875	9.21906
0.0125	9.21559
0.0128125	9.21228
0.013125	9.20911
0.0134375	9.20609
0.01375	9.20319
0.014375	9.19774
0.015	9.19272
0.015625	9.18806
0.01625	9.18375
0.016875	9.17972
0.0175	9.17597
0.018125	9.17245
0.01875	9.16915
0.019375	9.16604
0.02	9.16312
0.0206625	9.1602
0.021325	9.15744
0.0219875	9.15484
0.02265	9.15238
0.0233125	9.15004
0.023975	9.14783
0.0246375	9.14572
0.0253	9.14371
0.0264578	9.14043
0.0276156	9.13739
0.0287734	9.13458
0.0299312	9.13197
0.0310891	9.12954
0.0322469	9.12726
0.0334047	9.12513
0.0345625	9.12313
0.0355273	9.12155
0.0364922	9.12005
0.037457	9.11861
0.0384219	9.11724
0.0393867	9.11594
0.0403516	9.11468
0.0413164	9.11349
0.0422812	9.11234
0.0442109	9.11017
0.0461406	9.10817
0.0480703	9.10631
0.05	9.10458
0.0515625	9.10327
0.053125	9.10202
0.0546875	9.10084
0.05625	9.09972
0.0578125	9.09865
0.059375	9.09763
0.0609375	9.09666
0.0625	9.09573
0.0640625	9.09484
0.065625	9.09398
0.0671875	9.09317
0.06875	9.09238
0.071875	9.0909
0.075	9.08954
0.078125	9.08826
0.08125	9.08708
0.084375	9.08597
0.0875	9.08493
0.090625	9.08395
0.09375	9.08303
0.096875	9.08216
0.1	9.08134
0.103125	9.08057
0.10625	9.07983
0.109375	9.07913
0.1125	9.07846
0.115625	9.07782
0.11875	9.07722
0.121875	9.07664
0.125	9.07608
0.128125	9.07555
0.13125	9.07504
0.134375	9.07455
0.1375	9.07408
0.14375	9.0732
0.15	9.07237
0.15625	9.0716
0.1625	9.07089
0.16875	9.07021
0.175	9.06958
0.18125	9.06899
0.1875	9.06843
0.19375	9.0679
0.2	9.0674
0.209375	9.06669
0.21875	9.06604
0.228125	9.06543
0.2375	9.06486
0.246875	9.06433
0.25625	9.06383
0.265625	9.06336
0.275	9.06292
0.284375	9.0625
0.29375	9.0621
0.303125	9.06172
0.3125	9.06136
0.321875	9.06102
0.33125	9.0607
0.340625	9.06039
0.35	9.06009
0.359375	9.0598
0.36875	9.05953
0.378125	9.05927
0.3875	9.05902
0.396875	9.05878
0.40625	9.05854
0.425	9.0581
0.44375	9.05769
0.4625	9.05731
0.5	9.05661
0.53125	9.05609
0.5625	9.05561
0.59375	9.05517
0.625	9.05477
0.6875	9.05404
0.75	9.05341
0.8125	9.05285
0.875	9.05236
0.9375	9.05191
1	9.0515
1.0625	9.05112
1.125	9.05078
1.1875	9.05046
1.25	9.05016
1.375	9.04961
1.5	9.04913
1.625	9.04869
1.75	9.04829
1.875	9.04792
2	9.04758
2.1875	9.04711
2.375	9.04668
2.5625	9.04628
2.75	9.0459
2.9375	9.04555
3.125	9.04522
3.3125	9.0449
3.5	9.04459
3.875	9.04401
4.25	9.04347
4.625	9.04296
5	9.04247
5.3125	9.04207
5.625	9.04169
5.9375	9.04132
6.25	9.04095
6.875	9.04024
7.5	9.03955
8.125	9.03888
8.75	9.03823
9.375	9.03759
10	9.03696
10.625	9.03634
11.25	9.03572
11.875	9.03511
12.5	9.03451
13.75	9.03332
15	9.03215
16.25	9.03099
17.5	9.02984
18.75	9.0287
20	9.02756
21.875	9.02588
23.75	9.0242
25.625	9.02253
27.5	9.02088
29.375	9.01922
31.25	9.01758
33.125	9.01594
35	9.0143
38.75	9.01105
42.5	9.00781
46.25	9.00458
50	9.00136
53.125	8.99868
56.25	8.99602
59.375	8.99335
62.5	8.9907
68.75	8.9854
75	8.98012
81.25	8.97486
87.5	8.96962
93.75	8.96439
100	8.95917
106.25	8.95397
112.5	8.94879
125	8.93846
137.5	8.92818
150	8.91796
162.5	8.90778
175	8.89765
187.5	8.88757
200	8.87754
218.75	8.86257
237.5	8.8477
256.25	8.83293
275	8.81826
312.5	8.78918
350	8.76046
387.5	8.73208
425	8.70403
462.5	8.67628
500	8.64884
562.5	8.60371
625	8.5593
687.5	8.51555
750	8.47239
812.5	8.42973
875	8.38752
1000	8.30408
1125	8.22131
1250	8.13823
1375	8.05346
1437.5	8.00981
1500	7.96483
1562.5	7.91801
1625	7.86865
1687.5	7.81572
1750	7.75772
1789.06	7.71782
1828.12	7.67432
1867.19	7.62572
1906.25	7.57069
1927.74	7.53659
1949.22	7.49909
1970.7	7.45743
1992.19	7.41051
2000	7.39187
2016.09	7.35027
2032.19	7.30358
2048.28	7.25073
2064.37	7.18983
2074.78	7.14512
2085.2	7.0953
2095.61	7.03934
2106.02	6.97587
2115.49	6.91011
2124.96	6.83495
2134.42	6.74787
2143.89	6.64598
2149.1	6.58184
2154.3	6.51084
2159.51	6.43175
2164.71	6.34306
2169.92	6.24284
2175.13	6.12866
2180.33	5.99728
2182.94	5.92387
2185.54	5.84447
2188.85	5.73347
2192.17	5.60986
2195.48	5.4708
2197.14	5.39457
2198.79	5.31339
2201.4	5.17437
2204	5.01943
2205.3	4.93508
2206.6	4.84567
2207.91	4.75061
2209.21	4.64952
2210.33	4.55673
2211.46	4.45862
2212.58	4.35462
2213.7	4.24423
2214.83	4.12688
2215.95	4.002
2217.08	3.86892
2218.2	3.72674
2219.5	3.54952
2220.8	3.35771
2221.45	3.25573
2222.1	3.1495
2222.75	3.0388
2223.4	2.92363
2224.06	2.80344
2224.71	2.67823
2225.36	2.54787
2226.01	2.41228
2226.66	2.27142
2227.31	2.1254
2227.96	1.97445
2228.61	1.81932
2229.17	1.68223
2229.74	1.54324
2230.3	1.40353
2230.86	1.26478
2231.14	1.19649
2231.42	1.12942
2231.7	1.06403
2231.98	1.0009
2232.27	0.940685
2232.55	0.884202
2232.83	0.832422
2233.11	0.786519
2233.33	0.755332
2233.55	0.729524
2233.77	0.710066
2234	0.698095
2234.22	0.694948
2234.33	0.697165
2234.44	0.702201
2234.55	0.710298
2234.66	0.721721
2234.77	0.736757
2234.88	0.755532
2235.05	0.793177
2235.22	0.842051
2235.24	0.846633
2235.27	0.858134
2235.3	0.869811
2235.37	0.895141
2235.51	0.952258
2235.61	1.00169
2235.71	1.05719
2235.8	1.11929
2235.9	1.18854
2236.01	1.26555
2236.11	1.35101
2236.2	1.44566
2236.3	1.54922
2236.37	1.62533
2236.44	1.70662
2236.51	1.79344
2236.57	1.88468
2236.64	1.98349
2236.7	2.0873
2236.77	2.19966
2236.84	2.31769
2236.9	2.44543
2236.97	2.57961
2237.04	2.72484
2237.1	2.87743
2237.17	3.04264
2237.24	3.21628
2237.3	3.40439
2237.37	3.60221
2237.45	3.86669
2237.53	4.15004
2237.61	4.45745
2237.69	4.79124
2237.73	4.97105
2237.78	5.15865
2237.86	5.55367
2237.9	5.7668
2237.94	5.98384
2237.98	6.21614
2238.02	6.45284
2238.06	6.70632
2238.1	6.97138
2238.14	7.24862
2238.18	7.53149
2238.22	7.83479
2238.26	8.15236
2238.3	8.48499
2238.35	8.82481
2238.39	9.18968
2238.43	9.57224
2238.47	9.97348
2238.51	10.384
2238.55	10.8253
2238.59	11.2771
2238.63	11.7632
2238.67	12.2611
2238.71	12.7971
2238.75	13.3607
2238.79	13.9532
2238.83	14.561
2238.87	15.216
2238.91	15.9054
2238.96	16.6311
2239	17.3761
2239.04	18.1799
2239.08	19.0265
2239.12	19.9184
2239.16	20.8348
2239.2	21.8239
2239.24	22.8404
2239.28	23.9378
2239.32	25.0656
2239.36	26.2834
2239.4	27.5671
2239.44	28.9202
2239.48	30.3108
2239.53	31.812
2239.56	33.3544
2239.61	35.0192
2239.65	36.7291
2239.69	38.574
2239.73	40.5168
2239.77	42.5622
2239.81	44.6609
2239.85	46.923
2239.89	49.2426
2239.93	51.7408
2239.97	54.3007
2240.01	57.0554
2240.05	59.9477
2240.09	62.9831
2240.13	66.0875
2240.18	69.4214
2240.22	72.9143
2240.26	76.5717
2240.3	80.3033
2240.34	84.3008
2240.38	88.4781
2240.42	92.8402
2240.46	97.2783
2240.54	106.835
2240.62	117.179
2240.7	128.482
2240.78	140.488
2240.87	153.507
2240.95	167.229
2241.03	181.986
2241.11	197.403
2241.19	213.628
2241.27	230.622
2241.37	251.908
2241.47	273.869
2241.56	296.579
2241.66	319.868
2241.82	360.175
2241.98	400.225
2242.15	439.257
2242.23	457.766
2242.31	475.462
2242.43	500.217
2242.55	522.044
2242.67	540.816
2242.79	555.811
2242.9	565.482
2243	572.152
2243.04	573.988
2243.11	575.861
2243.18	576.373
2243.24	575.546
2243.31	573.422
2243.38	569.964
2243.45	565.31
2243.51	559.466
2243.58	552.486
2243.69	538.316
2243.81	521.434
2243.92	502.223
2244.03	481.287
2244.14	458.675
2244.26	435.202
2244.48	386.459
2244.59	361.917
2244.71	337.981
2244.82	314.695
2244.93	292.281
2245.04	271.655
2245.15	252.293
2245.25	234.079
2245.36	217.058
2245.41	208.928
2245.47	201.107
2245.52	193.593
2245.58	186.515
2245.63	179.6
2245.68	173.101
2245.74	166.766
2245.79	160.823
2245.85	154.728
2245.9	149.028
2245.96	143.607
2246.01	138.452
2246.07	133.555
2246.13	128.905
2246.18	124.492
2246.24	120.304
2246.3	116.262
2246.35	112.498
2246.41	108.929
2246.46	105.545
2246.52	102.335
2246.57	99.2911
2246.63	96.4038
2246.69	93.6642
2246.75	90.5691
2246.82	87.702
2246.89	84.9634
2246.95	82.4233
2247.02	79.9935
2247.09	77.7361
2247.15	75.6044
2247.22	73.5894
2247.28	71.6549
2247.35	69.8509
2247.42	68.1154
2247.48	66.4937
2247.55	64.9303
2247.62	63.4663
2247.75	60.7446
2247.86	58.6107
2247.97	56.6538
2248.09	54.8375
2248.2	53.1474
2248.31	51.5573
2248.42	50.0841
2248.53	48.7037
2248.65	47.4075
2248.76	46.1774
2248.87	45.0286
2248.98	43.9441
2249.1	42.9184
2249.21	41.9386
2249.32	41.0178
2249.43	40.1433
2249.55	39.3117
2249.77	37.7588
2249.99	36.3456
2250.22	35.0543
2250.44	33.875
2250.67	32.7847
2250.89	31.7825
2251.12	30.8503
2251.34	29.9887
2251.54	29.2907
2251.73	28.6336
2251.92	28.0138
2252.12	27.4283
2252.31	26.8744
2252.51	26.3496
2252.89	25.3788
2253.28	24.5008
2253.67	23.7031
2254.06	22.9754
2254.44	22.3106
2254.89	21.6049
2255.34	20.9637
2255.79	20.3776
2256.24	19.8398
2256.69	19.3436
2257.14	18.8865
2257.59	18.4632
2258.04	18.0701
2258.61	17.6082
2259.18	17.1851
2259.76	16.7961
2260.33	16.438
2260.9	16.1061
2261.47	15.7981
2262.04	15.5114
2262.61	15.2444
2263.51	14.8587
2264.41	14.5103
2265.31	14.194
2266.21	13.9055
2267.11	13.641
2268	13.3982
2268.9	13.1744
2269.8	12.9674
2270.7	12.7752
2271.6	12.5966
2273.39	12.2744
2275.19	11.9918
2276.99	11.742
2278.54	11.5487
2280.09	11.3732
2281.64	11.2127
2283.19	11.0656
2284.75	10.9302
2286.3	10.8053
2289.4	10.5824
2291.2	10.4673
2292.99	10.361
2296.59	10.1711
2300.18	10.0064
2303.77	9.86217
2308.35	9.70253
2312.92	9.56466
2317.5	9.44452
2322.07	9.33843
2329.26	9.19499
2336.44	9.074
2343.63	8.97048
2350.82	8.8808
2358	8.80229
2365.19	8.73293
2372.38	8.67113
2379.56	8.61568
2392.63	8.52821
2405.7	8.45391
2418.76	8.39015
2431.83	8.33447
2446.21	8.28083
2460.58	8.23354
2474.95	8.19137
2489.33	8.15345
2514.16	8.09599
2538.98	8.04639
2563.81	8.00281
2588.64	7.96388
2617.38	7.92355
2646.13	7.88717
2703.63	7.82324
2761.12	7.76793
2818.62	7.71849
2876.11	7.67329
2933.61	7.63127
3032.92	7.56411
3132.23	7.50151
3330.85	7.38405
3498.11	7.28878
3644.46	7.20561
3790.81	7.1211
3937.17	7.03361
4083.52	6.94169
4177.6	6.87926
4271.68	6.8136
4365.77	6.74399
4459.85	6.66956
4548.71	6.59366
4593.14	6.5534
4637.56	6.51132
4666.31	6.48305
4695.06	6.45393
4723.81	6.42391
4738.18	6.40856
4752.55	6.393
4773.46	6.36997
4783.92	6.35831
4794.37	6.34656
4804.82	6.33476
4815.28	6.32293
4825.73	6.31115
4836.18	6.2995
4842.07	6.29307
4847.95	6.28679
4853.82	6.28073
4859.7	6.27498
4865.59	6.26972
4871.47	6.26518
4874.41	6.26326
4877.35	6.26175
4880.29	6.26073
4883.23	6.26034
4885.68	6.26066
4888.13	6.26176
4890.58	6.26392
4893.03	6.26746
4895.48	6.27298
4897.93	6.2815
4899.15	6.28732
4900.38	6.29454
4901.6	6.30354
4902.83	6.31483
4903.81	6.32599
4904.79	6.33963
4905.77	6.35651
4906.75	6.37769
4907.73	6.40469
4908.71	6.43979
4909.2	6.46144
4909.69	6.48662
4910.18	6.51618
4910.67	6.55127
4911.16	6.59349
4911.65	6.64521
4912.14	6.71018
4912.38	6.74953
4912.63	6.79505
4912.87	6.84858
4913.12	6.91277
4913.36	6.99147
4913.61	7.0903
4913.85	7.21742
4913.98	7.29542
4914.1	7.38454
4914.22	7.4885
4914.34	7.60822
4914.47	7.74876
4914.59	7.91141
4914.7	8.08629
4914.81	8.28636
4914.92	8.51939
4915.04	8.78588
4915.15	9.09583
4915.26	9.44945
4915.37	9.85553
4915.49	10.3208
4915.6	10.8578
4915.71	11.4647
4915.82	12.1543
4915.88	12.5328
4915.93	12.9352
4915.99	13.3705
4916.05	13.8247
4916.1	14.3062
4916.16	14.8162
4916.22	15.3559
4916.27	15.9263
4916.33	16.5285
4916.38	17.1638
4916.46	18.0306
4916.53	18.9427
4916.6	19.9276
4916.67	20.9599
4916.74	22.0703
4916.81	23.2295
4916.89	24.4714
4916.96	25.7625
4917.03	27.1399
4917.1	28.5657
4917.17	30.0801
4917.24	31.6407
4917.31	33.2908
4917.39	34.9834
4917.46	36.7393
4917.53	38.5566
4917.62	41.1609
4917.72	43.8411
4917.82	46.6135
4917.92	49.4669
4918.11	55.3625
4918.3	61.4038
4918.53	68.3973
4918.75	75.098
4918.91	79.3832
4919.06	83.3298
4919.17	85.9547
4919.28	88.3208
4919.4	90.4161
4919.51	92.1774
4919.63	93.7121
4919.74	94.7567
4919.86	95.4408
4920	95.715
4920.14	95.3865
4920.26	94.6657
4920.36	93.6491
4920.5	91.8897
4920.61	90.1403
4920.72	88.1215
4920.82	85.8414
4920.93	83.3256
4921.11	78.7477
4921.28	73.7662
4921.49	67.2555
4921.71	60.5719
4921.91	54.1853
4922.12	47.9877
4922.22	44.9907
4922.32	42.1197
4922.43	39.3574
4922.53	36.7136
4922.61	34.7769
4922.68	32.917
4922.76	31.1358
4922.84	29.4348
4922.92	27.8149
4923	26.2762
4923.07	24.8187
4923.15	23.4415
4923.23	22.1435
4923.31	20.9231
4923.39	19.7786
4923.46	18.7076
4923.54	17.7079
4923.62	16.7767
4923.7	15.9113
4923.77	15.1187
4923.85	14.4121
4923.92	13.7652
4923.99	13.1658
4924.07	12.6112
4924.14	12.0989
4924.21	11.6265
4924.29	11.1915
4924.36	10.7915
4924.43	10.4243
4924.51	10.0875
4924.58	9.779
4924.65	9.49681
4924.72	9.23892
4924.8	9.00348
4924.87	8.78871
4924.94	8.59295
4925.09	8.25019
4925.24	7.96845
4925.38	7.73533
4925.53	7.54241
4925.68	7.38253
4925.82	7.24968
4925.97	7.13886
4926.11	7.04594
4926.26	6.96705
4926.41	6.90051
4926.7	6.79425
4926.99	6.7136
4927.28	6.65025
4927.57	6.59876
4927.87	6.55611
4928.16	6.51992
4928.45	6.48872
4929.04	6.43744
4929.62	6.39715
4930.2	6.36463
4930.79	6.33797
4931.65	6.30659
4932.5	6.282
4933.36	6.2623
4934.22	6.2462
4935.08	6.23281
4935.93	6.22152
4937.65	6.20352
4938.89	6.1932
4940.14	6.18457
4941.39	6.17723
4942.64	6.17089
4945.13	6.1603
4947	6.15365
4948.87	6.14781
4950.74	6.14256
4952.61	6.13778
4956.35	6.12919
4960.09	6.1215
4965.08	6.11204
4970.07	6.10312
4975.06	6.09453
4980.05	6.08611
4985.04	6.07779
4990.02	6.06951
4995.01	6.06124
5000	6.05295
5008.04	6.03949
5016.09	6.02588
5024.13	6.0121
5032.17	5.99812
5048.25	5.96951
5064.34	5.93993
5083.35	5.90363
5102.35	5.86575
5140.37	5.7847
5152.07	5.7582
5184.23	5.68103
5216.4	5.59678
5248.57	5.50432
5280.74	5.4021
5312.9	5.28806
5345.07	5.15985
5377.24	5.01441
5409.41	4.84742
5432.8	4.70908
5456.2	4.55336
5479.59	4.37667
5502.99	4.17378
5519.07	4.01583
5535.15	3.8398
5551.24	3.6424
5567.32	3.41945
5581.21	3.20224
5588.16	3.08381
5595.1	2.95813
5602.05	2.82448
5608.99	2.68216
5615.94	2.53084
5622.89	2.36914
5630.93	2.16825
5638.97	1.9518
5642.99	1.83746
5647.01	1.71899
5651.03	1.5964
5655.05	1.46985
5658.71	1.35147
5662.36	1.23031
5669.67	0.981555
5676.98	0.730484
5680.64	0.607928
5682.47	0.548421
5684.3	0.490787
5685.76	0.44632
5687.22	0.403705
5688.68	0.363267
5690.14	0.325408
5690.88	0.307589
5691.61	0.290602
5692.34	0.274524
5693.07	0.259441
5693.8	0.245438
5694.53	0.232609
5695.26	0.221047
5695.99	0.210856
5697.09	0.198382
5698.19	0.189671
5698.73	0.186863
5699.28	0.18518
5699.83	0.184682
5700.38	0.185443
5701.39	0.190372
5701.89	0.194683
5702.39	0.200303
5702.89	0.20733
5703.4	0.21583
5703.9	0.225887
5704.4	0.237561
5704.9	0.250993
5705.41	0.266257
5705.91	0.283456
5706.41	0.302659
5706.91	0.324056
5707.42	0.347683
5707.92	0.373764
5708.42	0.40233
5709.02	0.439608
5709.61	0.480904
5710.2	0.5265
5710.8	0.576703
5711.39	0.631841
5711.99	0.692266
5712.58	0.758354
5713.17	0.830509
5713.68	0.896675
5714.18	0.967787
5714.68	1.04415
5715.19	1.12592
5715.69	1.21376
5716.19	1.30772
5716.69	1.40855
5717.19	1.51628
5717.7	1.6318
5718.2	1.75541
5718.7	1.88762
5719.21	2.02873
5719.71	2.17991
5720.21	2.34121
5720.71	2.514
5721.22	2.69835
5721.72	2.89583
5722.22	3.10654
5722.72	3.33231
5723.23	3.57327
5723.73	3.83153
5724.23	4.10729
5724.73	4.403
5725.24	4.71893
5725.74	5.05794
5726.24	5.42113
5726.74	5.81041
5727.25	6.22698
5727.75	6.67474
5728.25	7.15537
5728.76	7.67157
5729.26	8.22517
5729.76	8.82162
5730.26	9.46212
5730.77	10.1532
5731.27	10.8964
5731.77	11.6995
5732.27	12.5646
5732.78	13.501
5733.28	14.5116
5733.78	15.6076
5734.28	16.7952
5734.79	18.0834
5735.29	19.4793
5735.79	20.9998
5736.29	22.6513
5736.8	24.4544
5737.3	26.4179
5737.8	28.5672
5738.31	30.9187
5738.81	33.495
5739.31	36.3156
5739.81	39.4205
5740.32	42.8296
5740.57	44.6691
5740.82	46.5931
5741.07	48.6138
5741.32	50.7371
5741.57	52.9778
5741.82	55.3247
5742.07	57.8031
5742.33	60.4004
5742.58	63.1451
5742.83	66.0232
5743.08	69.0538
5743.33	72.2456
5743.58	75.6219
5743.83	79.1655
5744.09	82.8998
5744.34	86.8354
5744.59	91.0005
5744.84	95.3736
5745.09	99.9827
5745.34	104.84
5745.6	110.063
5745.85	115.548
5746.11	121.353
5746.36	127.444
5746.62	133.883
5746.87	140.632
5747.13	147.727
5747.38	155.179
5747.64	163.028
5747.9	171.22
5748.15	179.825
5748.41	188.778
5748.92	207.86
5749.43	228.372
5750.02	254.109
5750.62	281.263
5751.22	309.307
5751.82	337.469
5752.41	364.793
5752.71	377.825
5753.01	390.192
5753.31	401.834
5753.61	412.535
5753.91	422.237
5754.2	430.756
5754.6	440.165
5755	447.15
5755.4	451.591
5755.8	453.414
5756.12	452.988
5756.44	450.909
5756.77	447.24
5757.09	442.108
5757.41	435.606
5757.74	427.916
5758.06	419.141
5758.39	409.495
5759.03	388.109
5759.68	364.977
5760.33	341.162
5760.97	317.559
5761.52	298.078
5762.07	279.451
5762.62	261.849
5763.17	245.368
5763.72	230.042
5764.27	215.864
5764.82	202.793
5765.37	190.773
5765.92	179.715
5766.47	169.587
5767.02	160.293
5767.57	151.761
5768.12	143.924
5768.67	136.718
5769.22	130.084
5769.77	123.97
5770.2	119.56
5770.62	115.422
5771.05	111.525
5771.47	107.852
5772.32	101.116
5773.17	95.0986
5774.03	89.6971
5774.88	84.8437
5775.72	80.464
5776.57	76.5003
5777.18	73.9218
5777.78	71.5152
5778.38	69.2623
5778.98	67.1511
5780.18	63.3071
5781.38	59.9142
5782.48	57.1422
5783.58	54.6585
5784.68	52.4286
5785.78	50.426
5786.88	48.6293
5787.98	47.0211
5789.08	45.5881
5790.18	44.3202
5790.93	43.5461
5791.68	42.8455
5792.43	42.2174
5793.18	41.6625
5793.93	41.1821
5794.68	40.7807
5795.43	40.462
5796.18	40.2324
5796.78	40.1181
5797.38	40.0719
5797.93	40.0949
5798.48	40.1873
5799.03	40.3569
5799.58	40.6137
5800.13	40.9698
5800.68	41.4406
5801.23	42.0449
5801.51	42.4045
5801.78	42.807
5802.16	43.4342
5802.53	44.1594
5802.91	44.9987
5803.28	45.9696
5803.66	47.0935
5804.03	48.3968
5804.22	49.1277
5804.41	49.9122
5804.6	50.7641
5804.78	51.6806
5805.06	53.1737
5805.33	54.8509
5805.61	56.7479
5805.88	58.9018
5806.02	60.0932
5806.16	61.3575
5806.3	62.7203
5806.43	64.1698
5806.57	65.736
5806.71	67.4056
5806.85	69.2139
5806.98	71.1461
5807.12	73.1489
5807.25	75.2858
5807.38	77.5848
5807.51	80.0601
5807.64	82.7485
5807.77	85.6263
5807.9	88.731
5808.03	92.0821
5808.17	95.7288
5808.3	99.638
5808.43	103.859
5808.56	108.417
5808.69	113.374
5808.82	118.682
5808.95	124.403
5809.08	130.564
5809.22	137.558
5809.36	145.041
5809.5	153.151
5809.63	161.797
5809.77	171.128
5809.91	181.027
5810.05	191.655
5810.18	202.866
5810.32	214.827
5810.46	227.361
5810.6	240.636
5810.73	254.439
5810.87	268.938
5811.01	283.881
5811.28	315.296
5811.83	381.559
5812.11	414.725
5812.38	446.551
5812.53	462.622
5812.68	477.812
5812.82	491.945
5812.97	504.773
5813.12	516.313
5813.26	526.327
5813.41	534.688
5813.56	541.246
5813.67	545.014
5813.78	547.678
5813.89	549.264
5814	549.733
5814.14	548.681
5814.29	545.753
5814.43	540.987
5814.58	534.442
5814.72	526.201
5814.86	516.367
5815.01	505.059
5815.15	492.412
5815.37	471.051
5815.59	447.622
5815.81	422.478
5816.02	396.413
5816.44	345.486
5816.65	320.391
5816.85	296.009
5817	279.919
5817.14	264.363
5817.28	249.402
5817.42	235.178
5817.56	221.524
5817.7	208.655
5817.85	196.399
5817.99	184.934
5818.09	176.923
5818.19	169.287
5818.3	162.018
5818.4	155.11
5818.51	148.552
5818.61	142.335
5818.72	136.447
5818.82	130.928
5818.92	125.66
5819.03	120.683
5819.13	115.986
5819.23	111.596
5819.34	107.415
5819.44	103.473
5819.55	99.7592
5819.65	96.2921
5819.75	92.9927
5819.86	89.8839
5819.96	86.9543
5820.06	84.1931
5820.17	81.5899
5820.27	79.1346
5820.38	76.818
5820.48	74.6516
5820.58	72.585
5820.69	70.6319
5820.79	68.7849
5820.9	67.0371
5821.1	63.8134
5821.31	60.9268
5821.47	58.8776
5821.63	56.9926
5821.79	55.2336
5821.95	53.6093
5822.11	52.0875
5822.27	50.6769
5822.43	49.3505
5822.59	48.1164
5822.76	46.9518
5822.91	45.8646
5823.24	43.8713
5823.56	42.0959
5823.88	40.5058
5824.09	39.5617
5824.29	38.6778
5824.5	37.8489
5824.71	37.0737
5825.12	35.6494
5825.54	34.3827
5825.96	33.2442
5826.37	32.2206
5826.79	31.2934
5827.2	30.4498
5827.69	29.5451
5828.18	28.7278
5828.67	27.9858
5829.16	27.309
5829.66	26.6892
5830.15	26.1192
5830.64	25.5931
5831.13	25.1058
5831.96	24.3576
5832.79	23.6912
5833.62	23.0931
5834.45	22.5526
5835.28	22.0611
5836.11	21.6118
5836.95	21.1987
5837.78	20.8173
5838.61	20.4636
5839.44	20.1341
5840.27	19.8262
5841.1	19.5378
5841.93	19.2662
5842.76	19.0101
5844.42	18.5384
5845.93	18.1496
5847.44	17.7927
5848.96	17.4632
5850.47	17.1576
5851.98	16.8727
5853.49	16.6061
5855	16.3557
5856.51	16.1201
5858.17	15.8757
5859.83	15.6454
5861.5	15.4278
5863.16	15.2218
5866.48	14.8399
5869.8	14.493
5872.37	14.2455
5874.94	14.0139
5877.51	13.7965
5880.07	13.5915
5885.21	13.2145
5890.35	12.8758
5893.67	12.674
5896.99	12.4843
5903.64	12.1368
5910.29	11.8258
5916.93	11.5454
5925.39	11.2258
5933.86	10.9411
5942.32	10.686
5950.77	10.4551
5964.07	10.1336
5977.36	9.85345
5990.66	9.6066
6003.95	9.38701
6017.24	9.18999
6030.54	9.01184
6043.83	8.8496
6057.13	8.70104
6083.71	8.43716
6110.3	8.20805
6136.89	8.0054
6163.48	7.8233
6192.48	7.64277
6221.49	7.47671
6250.49	7.32162
6279.5	7.17476
6318.17	6.98765
6356.84	6.80649
6395.52	6.62738
6434.19	6.44678
6480.11	6.22539
6526.04	5.99104
6571.96	5.73659
6617.89	5.45353
6644.48	5.27205
6671.06	5.07447
6697.65	4.85758
6724.24	4.61721
6748.41	4.37372
6772.58	4.10225
6784.67	3.95382
6796.75	3.79599
6808.84	3.62813
6820.92	3.44918
6834.22	3.23729
6847.51	3.00856
6860.8	2.76122
6867.45	2.63
6874.1	2.49348
6880.74	2.35142
6887.39	2.20369
6894.04	2.05017
6900.69	1.89078
6907.33	1.72564
6913.98	1.55493
6920.63	1.37912
6927.27	1.19905
6935.43	0.974049
6943.59	0.748324
6947.67	0.637068
6951.75	0.528343
6953.79	0.475359
6955.83	0.423603
6957.86	0.373269
6959.9	0.324644
6961.57	0.286534
6963.23	0.250005
6964.89	0.215258
6966.55	0.182548
6968.21	0.152096
6969.87	0.124236
6971.54	0.0992583
6973.2	0.0775496
6974.03	0.0680299
6974.86	0.0594759
6975.69	0.0519472
6976.52	0.0455087
6977.35	0.040229
6977.77	0.0380434
6978.18	0.0361793
6978.6	0.0346369
6979.01	0.0334333
6979.43	0.0325724
6979.85	0.0320683
6980.15	0.0319303
6980.45	0.0319894
6980.9	0.0324586
6981.36	0.0333949
6981.81	0.0348136
6982.26	0.03673
6982.72	0.0391657
6983.17	0.0421259
6983.62	0.045632
6984.07	0.0497011
6984.91	0.0586884
6985.74	0.069745
6986.57	0.082994
6987.4	0.0985667
6988.23	0.116603
6989.06	0.137252
6989.89	0.160669
6990.72	0.186991
6991.55	0.216456
6992.38	0.249226
6993.21	0.285501
6994.05	0.325445
6994.88	0.369385
6995.71	0.417518
6996.54	0.470105
6997.37	0.527353
6998.2	0.589696
6999.03	0.657387
6999.86	0.730766
7000.69	0.810196
7001.52	0.896068
7002.35	0.988799
7003.19	1.08884
7004.01	1.19653
7004.85	1.31265
7005.68	1.43763
7006.51	1.57206
7007.34	1.71659
7008.17	1.8719
7009	2.03875
7009.83	2.21793
7010.66	2.41008
7011.49	2.61658
7012.32	2.83824
7013.15	3.07613
7013.99	3.33146
7014.82	3.60551
7015.65	3.89967
7016.48	4.21546
7017.31	4.55452
7018.14	4.91865
7018.97	5.3098
7019.8	5.7301
7020.63	6.1813
7021.46	6.66704
7022.29	7.18957
7023.13	7.75191
7023.96	8.35666
7024.79	9.00892
7025.62	9.712
7026.45	10.4703
7027.28	11.2888
7028.11	12.1727
7028.94	13.128
7029.77	14.1612
7030.6	15.2783
7031.43	16.4898
7032.27	17.8034
7033.1	19.229
7033.93	20.7775
7034.76	22.4611
7035.59	24.2935
7036.42	26.2898
7037.25	28.4641
7038.08	30.8405
7038.91	33.4377
7039.74	36.2789
7040.57	39.3906
7041.4	42.8019
7042.24	46.5454
7042.65	48.5555
7043.07	50.6576
7043.48	52.8616
7043.9	55.173
7044.31	57.6034
7044.73	60.147
7045.14	62.8226
7045.56	65.6238
7045.98	68.571
7046.39	71.6571
7046.8	74.8967
7047.22	78.2973
7047.64	81.8759
7048.05	85.6235
7048.47	89.5667
7048.88	93.6952
7049.3	98.0378
7049.71	102.582
7050.13	107.348
7050.54	112.344
7051.07	119.047
7051.6	126.138
7052.13	133.662
7052.65	141.602
7053.18	149.999
7053.71	158.83
7054.23	168.113
7054.76	177.845
7055.29	188.038
7055.82	198.636
7056.87	220.99
7057.93	244.612
7058.98	268.935
7059.73	286.364
7060.48	303.456
7061.24	319.901
7061.99	335.272
7062.74	349.223
7063.5	361.347
7064.25	371.353
7065	378.955
7065.75	384.002
7066.51	386.404
7067.12	386.426
7067.73	384.78
7068.34	381.557
7068.95	376.894
7069.56	370.928
7070.17	363.846
7070.79	355.802
7071.4	347.001
7072.62	327.747
7073.84	307.311
7075.07	286.667
7076.29	266.539
7077.15	252.922
7078.01	239.913
7078.87	227.559
7079.73	215.893
7080.59	204.925
7081.45	194.645
7082.31	185.032
7083.17	176.056
7084.01	167.844
7084.86	160.179
7085.7	153.024
7086.54	146.354
7087.38	140.119
7088.23	134.301
7089.07	128.857
7089.91	123.772
7091.37	115.732
7092.82	108.542
7094.28	102.083
7095.73	96.2675
7097.19	91.0113
7098.64	86.254
7100.1	81.9327
7101.55	77.9962
7103.24	73.8581
7104.92	70.1205
7106.61	66.731
7108.29	63.647
7109.98	60.8307
7111.66	58.2542
7113.35	55.889
7115.03	53.712
7116.72	51.7018
7118.41	49.8435
7120.09	48.1206
7121.78	46.5196
7123.46	45.0281
7125.15	43.6377
7128.52	41.1247
7131.89	38.9129
7135.26	36.9512
7138.63	35.2033
7142	33.6387
7145.37	32.2305
7148.74	30.9579
7152.11	29.8027
7155.48	28.7501
7158.85	27.787
7162.22	26.9036
7165.59	26.0901
7168.96	25.3393
7172.33	24.644
7175.7	23.9988
7182.44	22.8387
7187.04	22.1336
7191.64	21.4884
7196.23	20.896
7200.83	20.3523
7210.02	19.3807
7219.21	18.5416
7225.95	17.9962
7232.69	17.5009
7239.44	17.0491
7246.18	16.6358
7259.66	15.9057
7273.14	15.2817
7287.85	14.6969
7302.55	14.1924
7317.26	13.7528
7331.97	13.367
7345.45	13.052
7358.93	12.7677
7385.89	12.2768
7412.86	11.867
7439.82	11.52
7474.14	11.1486
7508.46	10.8373
7540.32	10.5907
7556.26	10.4803
7572.19	10.3776
7585.67	10.2964
7599.15	10.2202
7612.63	10.1493
7619.38	10.116
7626.11	10.0843
7632.24	10.0571
7638.37	10.0317
7645.11	10.0064
7651.85	9.985
7655.22	9.97624
7658.6	9.96923
7661.97	9.96447
7665.34	9.96268
7669.01	9.96532
7672.69	9.97507
7674.53	9.98372
7676.37	9.99575
7678.2	10.0121
7680.04	10.0342
7682.19	10.0696
7684.33	10.1201
7686.48	10.1933
7687.55	10.2423
7688.62	10.3028
7689.93	10.3972
7691.23	10.5238
7691.88	10.604
7692.53	10.6992
7693.18	10.8135
7693.83	10.9528
7694.68	11.1846
7695.1	11.3304
7695.52	11.5041
7695.94	11.7147
7696.36	11.9762
7696.78	12.3099
7696.99	12.5141
7697.2	12.7491
7697.43	13.0511
7697.66	13.411
7697.89	13.8432
7698.12	14.3654
7698.35	14.9995
7698.47	15.3666
7698.58	15.7718
7698.7	16.2194
7698.81	16.7137
7698.93	17.2595
7699.04	17.8565
7699.15	18.4661
7699.25	19.1264
7699.36	19.8546
7699.46	20.642
7699.57	21.5086
7699.67	22.4433
7699.78	23.4595
7699.88	24.5624
7699.99	25.7696
7700.09	27.0639
7700.2	28.4617
7700.3	29.9685
7700.41	31.6057
7700.51	33.3475
7700.62	35.2136
7700.73	37.2085
7700.84	39.5458
7700.95	42.0468
7701.07	44.715
7701.19	47.5528
7701.3	50.5617
7701.41	53.7413
7701.53	57.0902
7701.64	60.5739
7701.75	63.9552
7701.85	67.4343
7702.07	74.7887
7702.28	82.5675
7702.49	90.6392
7703.18	117.891
7703.39	125.895
7703.6	133.436
7703.81	140.338
7704.02	146.401
7704.21	151.086
7704.4	154.876
7704.56	157.312
7704.72	159.003
7704.86	159.86
7705	160.136
7705.18	159.616
7705.36	158.106
7705.55	155.638
7705.73	152.264
7705.92	147.771
7706.11	142.467
7706.31	136.412
7706.5	129.794
7706.74	120.701
7706.99	111.137
7707.37	95.7633
7707.57	88.189
7707.76	80.8638
7707.95	73.795
7708.14	67.1232
7708.24	63.9062
7708.34	60.8307
7708.43	57.8672
7708.53	55.0188
7708.69	50.5867
7708.84	46.5022
7709	42.7132
7709.16	39.2628
7709.32	36.0984
7709.4	34.6284
7709.47	33.2481
7709.55	31.9203
7709.63	30.6611
7709.71	29.4684
7709.79	28.3538
7709.89	27.0518
7709.98	25.851
7710.08	24.7221
7710.17	23.684
7710.27	22.7108
7710.37	21.8183
7710.46	20.9919
7710.56	20.2275
7710.66	19.5142
7710.75	18.8628
7710.85	18.2618
7710.95	17.7079
7711.04	17.1925
7711.14	16.723
7711.33	15.8931
7711.49	15.3064
7711.65	14.7946
7711.8	14.3478
7711.96	13.9597
7712.12	13.6174
7712.28	13.3188
7712.43	13.0541
7712.59	12.8216
7712.91	12.4305
7713.22	12.1177
7713.54	11.8631
7713.85	11.652
7714.27	11.4205
7714.69	11.2321
7715.11	11.0749
7715.53	10.9416
7716.37	10.7272
7717.21	10.5629
7717.98	10.4427
7718.75	10.3442
7719.52	10.2622
7720.29	10.1929
7721.83	10.0827
7723.37	9.99951
7724.77	9.93989
7726.18	9.89131
7727.58	9.85088
7728.98	9.81673
7731.78	9.762
7734.58	9.71982
7737.38	9.68599
7740.18	9.65781
7742.98	9.63364
7745.78	9.61246
7748.58	9.59352
7751.38	9.57632
7756.99	9.54571
7762.31	9.51995
7767.63	9.49644
7772.95	9.47448
7778.27	9.45374
7783.6	9.43396
7788.92	9.41495
7799.56	9.37876
7807.96	9.35156
7816.37	9.32534
7824.77	9.29996
7833.17	9.27536
7849.98	9.22799
7866.78	9.18289
7891.43	9.12029
7916.08	9.06138
7940.73	9.00573
7965.38	8.95302
8003.47	8.87674
8041.57	8.8061
8079.66	8.74025
8117.75	8.67878
8184.98	8.57958
8252.2	8.49055
8319.42	8.40966
8386.64	8.33594
8485.24	8.23879
8583.83	8.15218
8781.02	8.00343
8906.5	7.92219
9031.99	7.84889
9229.17	7.747
9327.77	7.70106
9426.36	7.65806
9498.07	7.62855
9547.36	7.6091
9596.66	7.59037
9645.96	7.57237
9695.25	7.5552
9740.07	7.54044
9784.89	7.52667
9807.3	7.52027
9829.7	7.51428
9852.11	7.50878
9874.52	7.50389
9899.17	7.49952
9923.82	7.49661
9936.14	7.49589
9948.46	7.49586
9960.79	7.49668
9973.11	7.49858
9986.56	7.50231
10000	7.50853
10011.1	7.51625
10022.1	7.52737
10033.2	7.54343
10038.8	7.55408
10044.3	7.56705
10050.8	7.58625
10057.4	7.61105
10063.9	7.64391
10070.4	7.68836
10075	7.72891
10079.5	7.78084
10084	7.84869
10088.5	7.93955
10091.3	8.01165
10094.1	8.10101
10096.9	8.21368
10099.6	8.35858
10101.4	8.47335
10103.1	8.61159
10104.9	8.7804
10106.7	8.98974
10108.1	9.19293
10109.4	9.43826
10110.8	9.74084
10111.5	9.91948
10112.2	10.1205
10112.8	10.3166
10113.4	10.5359
10114	10.7824
10114.6	11.0608
10115.2	11.3772
10115.8	11.7394
10116.4	12.1569
10117	12.6337
10117.3	12.954
10117.7	13.2965
10118	13.6863
10118.4	14.1068
10118.7	14.5901
10119.1	15.117
10119.4	15.7297
10119.8	16.4066
10120.1	17.2048
10120.4	18.1285
10120.6	18.6614
10120.8	19.2061
10121	19.7957
10121.1	20.4348
10121.3	21.1717
10121.5	21.931
10121.7	22.7586
10121.8	23.6622
10122	24.7108
10122.2	25.7977
10122.4	26.9884
10122.5	28.2939
10122.6	29.2909
10122.8	30.3553
10122.9	31.4917
10123	32.705
10123.1	34.0001
10123.2	35.3823
10123.4	36.8569
10123.5	38.2945
10123.6	39.9617
10123.7	41.7377
10123.8	43.6281
10123.9	45.4664
10124.1	47.5923
10124.2	49.8491
10124.3	52.2426
10124.4	54.5611
10124.6	58.622
10124.8	62.7738
10124.9	67.2444
10125.1	72.0427
10125.3	77.4873
10125.4	82.976
10125.6	88.8003
10125.8	94.9548
10126	101.429
10126.1	108.209
10126.3	115.273
10126.5	122.157
10126.8	136.958
10127.1	152.316
10127.5	170.2
10127.9	187.194
10128.2	201.838
10128.4	208.628
10128.5	214.971
10128.8	223.033
10129	229.634
10129.2	234.995
10129.5	239.001
10129.6	240.633
10129.7	241.792
10129.9	242.471
10130	242.664
10130.2	241.814
10130.4	239.593
10130.7	235.847
10130.9	230.975
10131.1	225.532
10131.3	219.547
10131.5	212.482
10131.7	205.138
10131.9	195.563
10132.1	185.853
10132.6	165.439
10133.1	138.141
10133.4	124.968
10133.7	112.83
10133.9	106.617
10134	101.02
10134.2	95.2543
10134.3	90.0976
10134.4	84.8207
10134.6	80.1315
10134.7	75.6722
10134.9	71.4427
10135	67.9991
10135.1	64.9881
10135.2	62.1143
10135.3	59.3751
10135.4	56.7678
10135.5	54.2888
10135.6	51.9348
10135.8	49.7018
10135.9	47.5858
10136	45.5827
10136.1	43.688
10136.2	41.8974
10136.3	40.2064
10136.4	38.6105
10136.5	37.1054
10136.6	35.6866
10136.8	33.8831
10136.9	32.3279
10137.1	30.789
10137.2	29.463
10137.4	28.1513
10137.5	27.0213
10137.6	25.9749
10137.8	25.0057
10137.9	24.0461
10138.1	23.2179
10138.2	22.3967
10138.4	21.6868
10138.5	20.9815
10138.7	20.3705
10138.9	19.2703
10139.2	18.2788
10139.5	17.4135
10139.8	16.6539
10140.1	16.0052
10140.4	15.4075
10140.7	14.874
10141	14.3955
10141.2	13.9783
10141.5	13.5864
10141.8	13.2302
10142.1	12.9052
10142.4	12.6175
10143	12.0909
10143.5	11.649
10144.1	11.2615
10144.7	10.9305
10145.3	10.6357
10145.8	10.3806
10146.4	10.1506
10147	9.94938
10148.1	9.60456
10149.3	9.32426
10150.4	9.09321
10152.1	8.82362
10153.8	8.6119
10155.5	8.4425
10157.1	8.30478
10159.4	8.15366
10161.7	8.03546
10164	7.9413
10166.3	7.86542
10170.5	7.75975
10174.7	7.683
10178.9	7.62557
10183	7.58158
10189.3	7.53241
10195.6	7.49691
10201.8	7.47027
10208.1	7.44969
10214.8	7.43245
10221.1	7.41949
10227.3	7.4088
10233.6	7.39983
10239.9	7.39224
10252.4	7.37982
10264.9	7.37008
10278.3	7.36163
10291.7	7.35457
10305	7.34849
10318.4	7.34314
10331.8	7.33832
10345.2	7.33398
10371.9	7.32647
10398.7	7.32052
10418.7	7.31733
10438.8	7.31585
10448.8	7.31607
10458.8	7.31725
10468.9	7.3198
10478.9	7.32436
10487.7	7.33091
10492.1	7.33552
10496.4	7.34135
10500.8	7.34875
10505.2	7.35824
10509.6	7.37055
10514	7.38667
10518.6	7.4098
10523.2	7.44245
10525.5	7.46407
10527.8	7.49061
10530.1	7.52361
10532.4	7.56514
10534.7	7.61904
10537	7.69057
10539.3	7.78837
10540.4	7.85138
10541.6	7.92727
10542.9	8.03911
10544.3	8.18413
10545.7	8.37767
10546.3	8.50013
10547	8.64349
10548	8.8957
10548.4	9.0518
10548.9	9.23466
10549.4	9.45172
10549.8	9.71342
10550.3	10.0345
10550.5	10.2279
10550.8	10.4362
10551.1	10.7368
10551.3	11.0885
10551.6	11.5027
10551.9	11.9747
10552.1	12.2619
10552.2	12.5544
10552.4	12.8967
10552.5	13.2458
10552.6	13.6547
10552.8	14.0719
10552.9	14.5265
10553.1	15.0218
10553.2	15.4813
10553.3	15.9329
10553.5	16.9304
10553.6	17.48
10553.7	18.0661
10553.9	18.6905
10554	19.3553
10554.1	20.1287
10554.2	20.884
10554.3	21.6854
10554.4	22.5349
10554.5	23.4342
10554.6	24.3849
10554.7	25.3887
10554.8	26.447
10555	27.9802
10555.1	29.5071
10555.3	31.1284
10555.4	32.845
10555.6	34.7903
10555.7	36.7045
10555.9	38.7123
10556	40.8113
10556.1	43.1577
10556.3	45.4339
10556.6	50.3873
10556.9	55.6059
10557.1	61.0027
10557.5	68.3509
10557.9	75.5189
10558.2	80.529
10558.5	84.9543
10558.8	88.9726
10559.1	92.185
10559.2	93.8551
10559.4	95.1887
10559.6	96.1675
10559.8	96.7541
10560	97.0141
10560.1	96.8839
10560.3	96.5247
10560.4	95.9395
10560.5	95.1978
10560.7	94.1121
10560.9	92.7899
10561	91.2433
10561.1	89.4868
10561.4	86.1365
10561.7	82.3296
10562	76.5811
10562.3	70.5751
10562.8	61.1486
10563.1	56.4692
10563.3	52.0884
10563.6	47.6986
10563.8	43.6952
10564	39.7802
10564.3	36.29
10564.5	33.4626
10564.7	30.9703
10564.9	28.6733
10565.1	26.5685
10565.3	24.5587
10565.5	22.8273
10565.7	21.2646
10565.9	19.86
10566	19.0265
10566.2	18.3094
10566.3	17.5863
10566.4	16.9657
10566.5	16.3412
10566.7	15.8063
10566.8	15.3087
10566.9	14.8461
10567	14.382
10567.2	13.9853
10567.4	13.2751
10567.6	12.6394
10567.9	12.1148
10568.1	11.7509
10568.3	11.4264
10568.5	11.1365
10568.6	10.8771
10568.8	10.6444
10569	10.435
10569.4	10.0751
10569.8	9.77854
10570.2	9.531
10570.5	9.32178
10570.9	9.14284
10571.5	8.92915
10572	8.75218
10572.5	8.60335
10573.1	8.47875
10574.1	8.2743
10575.2	8.11917
10576.2	8.00535
10577.2	7.91345
10579.2	7.77294
10581.1	7.67242
10583.1	7.59796
10584.8	7.54792
10586.5	7.50787
10588.2	7.47508
10589.9	7.44787
10593.3	7.40558
10596.7	7.37481
10600.7	7.3485
10604.6	7.32887
10608.5	7.31368
10612.5	7.30168
10618.2	7.28818
10624	7.27792
10629.7	7.26988
10635.4	7.26335
10641.1	7.25786
10646.9	7.2532
10658.3	7.24556
10666.6	7.24102
10674.8	7.23703
10691.3	7.23014
10707.8	7.22415
10724.3	7.21872
10740.7	7.21366
10757.2	7.20888
10790.2	7.1997
10824.6	7.19058
10859	7.1817
10927.8	7.16448
10996.6	7.14774
11065.3	7.13137
11180	7.10494
11294.6	7.07956
11357.7	7.06615
11420.8	7.0532
11483.8	7.04079
11546.9	7.02906
11601.3	7.01967
11655.8	7.01116
11710.2	7.00394
11737.5	7.001
11764.7	6.9987
11793.4	6.99722
11822	6.9971
11836.4	6.99779
11850.7	6.99914
11865	7.00134
11879.4	7.00469
11894.4	7.01004
11909.5	7.01811
11917	7.02361
11924.5	7.03044
11932	7.03902
11939.5	7.04984
11947.4	7.06471
11955.3	7.08461
11963.2	7.11201
11967.1	7.12974
11971.1	7.15114
11975.7	7.18263
11980.4	7.22332
11985.1	7.27746
11989.7	7.35152
11992.8	7.41585
11995.8	7.49797
11998.9	7.6059
12001.9	7.75107
12003.9	7.87419
12005.8	8.02969
12007.8	8.23017
12008.8	8.35233
12009.8	8.49364
12010.9	8.69356
12012.1	8.9347
12013.3	9.23521
12013.8	9.41146
12014.4	9.61002
12014.9	9.80221
12015.4	10.0127
12015.9	10.2488
12016.4	10.5152
12016.9	10.8241
12017.4	11.1707
12017.9	11.5699
12018.4	12.0338
12018.7	12.448
12019.1	12.9197
12019.5	13.4605
12019.9	14.0846
12020.3	14.8095
12020.5	15.2164
12020.6	15.657
12020.8	16.1347
12021	16.6532
12021.2	17.2168
12021.4	17.8298
12021.6	18.7201
12021.9	19.7166
12022.1	20.8326
12022.4	22.0294
12022.6	23.4216
12022.9	24.9122
12023.1	26.6412
12023.4	28.4854
12023.6	30.6139
12023.9	32.9692
12024.1	35.5648
12024.4	38.2934
12024.6	41.3905
12024.9	44.7521
12025.1	48.378
12025.4	52.1022
12025.7	57.4192
12026	62.9157
12026.3	68.695
12026.6	74.6817
12027.1	84.3325
12027.6	93.8076
12027.8	98.5852
12028.1	102.916
12028.3	106.913
12028.6	110.507
12028.8	112.685
12028.9	114.52
12029.1	116.222
12029.2	117.579
12029.4	118.748
12029.6	119.58
12029.7	120.147
12029.9	120.442
12030	120.488
12030.2	120.34
12030.3	119.952
12030.5	119.329
12030.6	118.473
12030.8	117.311
12030.9	115.996
12031.2	112.754
12031.5	108.628
12031.8	103.994
12032.1	98.674
12032.4	93.1403
12033.1	80.656
12033.7	68.3583
12034	62.396
12034.3	56.7405
12034.7	51.4528
12034.8	48.9602
12035	46.7192
12035.2	43.6037
12035.4	40.6939
12035.6	37.9893
12035.9	35.5958
12036.1	33.2799
12036.3	31.2453
12036.5	29.2897
12036.7	27.5817
12036.9	26.3786
12037	25.2558
12037.2	24.2089
12037.4	23.2337
12037.5	22.3258
12037.7	21.481
12037.8	20.6952
12038	20.0087
12038.1	19.3262
12038.3	18.6916
12038.5	18.1014
12038.6	17.5523
12038.8	17.0413
12038.9	16.5654
12039.2	15.7333
12039.6	14.9836
12039.9	14.328
12040.2	13.7525
12040.5	13.2598
12040.8	12.8083
12041.2	12.4063
12041.5	12.0468
12041.8	11.7335
12042.4	11.2242
12043	10.7961
12043.5	10.4323
12044.1	10.1248
12044.7	9.85356
12045.2	9.6206
12045.8	9.41206
12046.4	9.2307
12047	9.05058
12047.7	8.89149
12048.9	8.62604
12050.2	8.41256
12051.5	8.23818
12052.7	8.099
12053.9	7.98252
12056.3	7.79782
12058.8	7.65941
12061.2	7.55305
12064.9	7.43256
12068.6	7.34634
12072.3	7.2821
12076	7.23328
12081.5	7.17942
12087	7.14112
12092.6	7.11312
12098.1	7.09223
12103.7	7.07622
12109.2	7.06391
12115.2	7.05368
12121.2	7.04592
12133.2	7.03572
12145.2	7.03056
12157.2	7.02879
12175.7	7.03113
12194.2	7.03842
12214.5	7.05175
12234.8	7.07102
12255.1	7.09735
12275.5	7.1327
12290.2	7.16585
12305	7.20719
12319.8	7.25904
12334.6	7.3253
12344.7	7.38191
12354.9	7.45015
12365.1	7.53337
12375.2	7.63618
12384.5	7.75215
12393.7	7.89653
12402.9	8.07976
12412.1	8.31582
12417.2	8.47678
12422.3	8.66623
12427.4	8.89126
12432.5	9.16139
12437.6	9.48956
12440.1	9.68077
12442.6	9.89374
12445.2	10.1319
12447.7	10.3994
12450.2	10.7013
12452.8	11.0424
12454.5	11.3041
12456.2	11.5895
12458	11.9032
12459.7	12.2491
12461.5	12.6343
12463.2	13.0603
12464.9	13.5358
12466.6	14.0687
12467.9	14.5017
12469.2	14.9753
12470.4	15.4944
12471.7	16.0652
12473	16.6948
12474.3	17.3916
12475.5	18.1653
12476.8	19.0278
12478	19.953
12479.2	20.9792
12480.5	22.1411
12481.7	23.441
12482.9	24.9268
12483.5	25.7454
12484.1	26.606
12484.7	27.5424
12485.3	28.5298
12485.9	29.6076
12486.5	30.7479
12487.2	32.0611
12487.8	33.4618
12488.4	35.0073
12489	36.663
12489.7	38.4979
12490.3	40.4729
12491	42.6364
12491.6	45.0122
12492.2	47.6719
12492.9	50.565
12493.5	53.8223
12494.1	57.3863
12494.8	61.423
12495.4	65.8667
12495.7	68.3243
12496	70.9302
12496.4	73.6953
12496.7	76.5369
12497	79.6506
12497.3	82.9609
12497.6	86.482
12497.9	90.1087
12498.2	94.0904
12498.6	98.3308
12498.9	102.847
12499.2	107.503
12499.5	112.617
12499.8	118.063
12500.2	123.859
12500.5	129.825
12500.8	136.363
12501.1	143.303
12501.4	150.658
12501.7	158.191
12502.1	166.131
12502.4	174.207
12502.7	182.666
12503	191.502
12503.6	210.574
12504.2	230.618
12506.6	315.818
12507	329.804
12507.4	342.7
12507.9	354.204
12508.3	364.029
12508.7	371.916
12509.1	377.65
12509.6	381.068
12510	382.077
12510.3	381.532
12510.5	380.097
12510.8	377.787
12511	374.625
12511.3	370.645
12511.6	365.885
12512.1	354.475
12512.6	340.384
12513.1	324.642
12513.6	307.161
12514.1	289.125
12515.2	249.381
12515.8	230.015
12516.3	211.797
12516.9	194.29
12517.4	178.277
12518	163.241
12518.5	149.747
12518.8	142.784
12519.1	136.405
12519.4	130.16
12519.7	124.452
12520	118.875
12520.3	113.785
12520.6	108.978
12520.9	104.44
12521.1	100.012
12521.4	95.9756
12521.7	92.1655
12522	88.5682
12522.3	85.0572
12522.6	81.8542
12522.9	78.8272
12523.2	75.9653
12523.5	73.1674
12523.8	70.6102
12524.4	65.8173
12525	61.5171
12525.5	57.7113
12526.1	54.2168
12526.7	51.0571
12527.3	48.1927
12527.9	45.6315
12528.6	42.8365
12529.3	40.3594
12530	38.0927
12530.7	36.0712
12531.4	34.2103
12532.1	32.541
12532.8	31.0167
12533.4	29.6214
12534	28.5199
12534.6	27.4947
12535.2	26.5389
12535.8	25.6612
12536.4	24.826
12537	24.0568
12538.1	22.6451
12539.3	21.3969
12540.5	20.2881
12541.6	19.2989
12542.8	18.4128
12544	17.6096
12545.2	16.8913
12546.3	16.2356
12547.5	15.6455
12548.7	15.1035
12549.9	14.6129
12551	14.1636
12552.2	13.7512
12554	13.174
12555.8	12.6672
12557.6	12.2173
12559.4	11.8157
12561.3	11.4539
12563.1	11.1303
12564.9	10.8383
12566.7	10.5739
12569	10.2665
12571.4	9.99385
12573.8	9.75101
12576.1	9.53465
12578.4	9.33948
12580.8	9.16428
12585.5	8.86129
12591	8.569
12596.6	8.33198
12602.1	8.1369
12607.6	7.97439
12617	7.75451
12626.4	7.58605
12635.8	7.45413
12645.2	7.34896
12654.6	7.26356
12664	7.19338
12682.7	7.08554
12699	7.01694
12715.2	6.96342
12731.4	6.92083
12747.6	6.88621
12764.7	6.8562
12781.7	6.83117
12815.8	6.79171
12836.3	6.77283
12856.8	6.75656
12897.7	6.72955
12938.7	6.70762
12972.8	6.69195
13006.9	6.67794
13041.1	6.66519
13075.2	6.6534
13116.1	6.64029
13143.4	6.6321
13177.6	6.6225
13194.6	6.61802
13211.7	6.61383
13228.8	6.61003
13245.8	6.6068
13254.4	6.60546
13262.9	6.60442
13271.4	6.60368
13280	6.60346
13286.8	6.60375
13293.6	6.60459
13300.4	6.60616
13307.3	6.60872
13314.1	6.61262
13320.9	6.61847
13327.7	6.62733
13334.6	6.64073
13340.5	6.65843
13343.5	6.67034
13346.5	6.68505
13349.5	6.70366
13352.5	6.72739
13355.5	6.7583
13358.4	6.79912
13361.2	6.85019
13364	6.91978
13365.4	6.96475
13366.8	7.01885
13368.2	7.08467
13369.5	7.1652
13371.3	7.29381
13373	7.46766
13373.8	7.58069
13374.7	7.71518
13375.5	7.87936
13376.4	8.08353
13376.9	8.24096
13377.4	8.42303
13378	8.64488
13378.5	8.90984
13379	9.2451
13379.3	9.445
13379.6	9.66285
13379.9	9.92034
13380.1	10.2041
13380.4	10.5429
13380.6	10.9198
13380.9	11.4285
13381.2	12.0107
13381.4	12.3524
13381.5	12.7254
13381.7	13.1327
13381.8	13.5465
13382	14.0292
13382.1	14.5561
13382.3	15.131
13382.4	15.7144
13382.6	16.3937
13382.7	17.082
13382.9	17.882
13383	18.6909
13383.1	19.4351
13383.2	20.1608
13383.3	21.0021
13383.5	21.8208
13383.6	22.7682
13383.7	23.6882
13383.8	24.6595
13383.9	25.6837
13384	26.8633
13384.1	28.0035
13384.4	30.4584
13384.5	31.8985
13384.6	33.2827
13384.8	36.2383
13384.9	38.3981
13385.1	40.6757
13385.2	43.0703
13385.4	45.4094
13385.5	48.0246
13385.7	50.5639
13386	56.1073
13386.3	62.1984
13386.6	68.3612
13387.1	81.3541
13387.5	89.4735
13387.9	97.2494
13388.2	103.104
13388.5	108.224
13388.8	112.68
13389.1	116.352
13389.2	118.099
13389.4	119.524
13389.6	120.614
13389.7	121.357
13390	121.808
13390.2	121.669
13390.3	121.214
13390.5	120.447
13390.6	119.451
13390.8	118.194
13390.9	116.795
13391.2	113.381
13391.5	109.221
13391.8	104.42
13392	99.0965
13392.3	93.5832
13392.8	83.2142
13393.3	72.633
13393.6	66.5775
13393.8	60.7196
13394.1	55.1316
13394.4	49.8701
13394.6	46.8528
13394.7	44.1427
13394.9	41.4054
13395.1	38.9654
13395.2	36.5187
13395.4	34.3529
13395.5	32.3185
13395.7	30.4133
13395.8	28.8497
13396	27.38
13396.1	26.0013
13396.3	24.7105
13396.4	23.504
13396.5	22.3784
13396.7	21.3298
13396.8	20.4219
13396.9	19.5111
13397.1	18.6662
13397.2	17.8833
13397.4	17.1586
13397.5	16.4884
13397.6	15.8691
13397.8	15.2973
13397.9	14.8058
13398.1	14.1506
13398.3	13.5635
13398.5	13.0376
13398.7	12.5664
13398.9	12.144
13399.1	11.7649
13399.2	11.4244
13399.4	11.1179
13399.6	10.8417
13399.8	10.5921
13400.2	10.1611
13400.6	9.80402
13401	9.50496
13401.2	9.31439
13401.5	9.14468
13402.1	8.86033
13402.6	8.62261
13403.2	8.42741
13403.7	8.2587
13404.3	8.1163
13405.4	7.8821
13406.4	7.71322
13407.4	7.5776
13408.4	7.46566
13409.5	7.37201
13411.5	7.22497
13413.5	7.11574
13415.3	7.03956
13417.1	6.9785
13419	6.92869
13420.8	6.88742
13424.4	6.82344
13428.1	6.77662
13431.5	6.74292
13434.9	6.71649
13438.4	6.69519
13441.8	6.67771
13445.2	6.66307
13448.7	6.65074
13455.5	6.63106
13458.8	6.62351
13463.6	6.61376
13468.5	6.60553
13474.9	6.59623
13481.4	6.58836
13491.1	6.57859
13500.8	6.57055
13510.5	6.56372
13520.2	6.55778
13533.2	6.55083
13544.5	6.54541
13555.8	6.54046
13578.4	6.53152
13601.1	6.52347
13623.7	6.51601
13649.6	6.50798
13675.5	6.5003
13701.3	6.49289
13727.2	6.48568
13778.9	6.47171
13830.7	6.45826
13856.6	6.45173
13905.1	6.43993
13929.3	6.43433
13953.6	6.42903
13977.8	6.42409
14002.1	6.41977
14026.4	6.41635
14050.6	6.41441
14070	6.41457
14079.7	6.41557
14089.4	6.41741
14099.1	6.42039
14108.8	6.42492
14118.5	6.43164
14128.2	6.44144
14137.1	6.45452
14146	6.47365
14150.5	6.4865
14154.9	6.50238
14159.3	6.5222
14163.8	6.54712
14168.2	6.57923
14172.7	6.62146
14177.1	6.67821
14181.6	6.75655
14184.4	6.82308
14187.2	6.90827
14190.1	7.01993
14192.9	7.16974
14194.9	7.31214
14196.9	7.49527
14198	7.60763
14199	7.73784
14200	7.89
14201	8.06949
14202.1	8.30931
14203.2	8.60242
14203.8	8.7771
14204.3	8.97026
14204.9	9.19304
14205.4	9.44256
14205.9	9.70675
14206.5	10.0093
14207	10.3588
14207.5	10.7582
14208	11.2382
14208.2	11.5063
14208.5	11.7999
14208.7	12.136
14209	12.4931
14209.2	12.8883
14209.5	13.327
14209.8	13.8781
14210	14.5025
14210.3	15.2124
14210.6	15.9912
14210.9	16.9125
14211	17.4221
14211.1	17.9677
14211.3	18.552
14211.4	19.1779
14211.6	19.8483
14211.7	20.5134
14211.8	21.2786
14212	22.0979
14212.1	22.9749
14212.3	23.9132
14212.4	24.9165
14212.5	25.9886
14212.7	27.1335
14212.8	28.2652
14213	29.5614
14213.1	30.9419
14213.2	32.4103
14213.4	33.9706
14213.5	35.6262
14213.6	37.3806
14213.8	39.2369
14213.9	41.0545
14214.1	44.1867
14214.3	47.4005
14214.5	50.8433
14214.7	54.517
14214.9	58.4204
14215.1	62.5494
14215.3	66.8969
14215.5	71.4516
14215.8	78.1478
14216.1	85.167
14216.7	99.8821
14217.2	114.864
14217.5	122.17
14217.8	128.938
14218	135.314
14218.3	141.18
14218.6	146.421
14218.8	150.932
14219.1	154.497
14219.4	157.138
14219.6	158.958
14219.8	159.921
14220	160.08
14220.2	159.677
14220.5	158.539
14220.7	156.682
14220.9	154.138
14221.1	151.247
14221.3	148.026
14221.5	144.387
14221.7	140.369
14221.9	136.017
14222.1	131.617
14222.5	121.946
14222.9	110.915
14223.4	99.6607
14223.7	90.1308
14224.1	81.176
14224.4	72.6808
14224.6	68.5295
14224.8	64.7593
14225	60.5213
14225.2	56.7009
14225.4	52.9015
14225.5	49.5054
14225.8	46.1549
14225.9	43.1828
14226.1	40.4119
14226.3	37.8367
14226.5	36.184
14226.6	34.7347
14226.7	33.2448
14226.8	31.9411
14227	30.6037
14227.1	29.4357
14227.2	28.3291
14227.3	27.2814
14227.4	26.2101
14227.6	25.2774
14227.7	24.3248
14227.8	23.4964
14227.9	22.6511
14228.1	21.9167
14228.3	20.5703
14228.5	19.5629
14228.7	18.693
14228.9	17.8608
14229.1	17.142
14229.3	16.4536
14229.5	15.8582
14229.7	15.3143
14229.9	14.8168
14230	14.3381
14230.2	13.922
14230.4	13.5396
14230.6	13.1875
14231	12.5476
14231.4	12.0142
14231.8	11.5419
14232.2	11.1318
14232.6	10.7731
14232.9	10.4644
14233.3	10.1829
14233.7	9.9315
14234.1	9.7058
14234.5	9.50712
14235.2	9.1996
14235.8	8.93695
14236.5	8.7104
14237.2	8.51334
14237.8	8.34067
14238.5	8.18839
14239.9	7.93286
14240.8	7.78757
14241.7	7.66166
14243.5	7.45626
14245.4	7.29587
14247.2	7.16802
14250.3	7.00341
14253.4	6.8834
14256.5	6.79311
14259.6	6.72343
14262.4	6.67296
14265.2	6.63158
14268	6.59715
14270.9	6.56818
14276.5	6.52247
14282.1	6.48834
14286.9	6.4655
14291.7	6.44692
14296.5	6.43153
14301.3	6.41848
14310.9	6.39766
14320.5	6.38178
14329.5	6.36985
14338.5	6.36002
14347.5	6.35167
14356.5	6.3444
14372.3	6.3336
14388.1	6.3245
14403.9	6.31652
14419.7	6.30936
14437.7	6.30185
14455.8	6.29486
14491.8	6.28191
14518.9	6.27281
14546	6.26401
14591.1	6.24987
14636.2	6.23612
14681.3	6.22264
14726.4	6.20939
14798.5	6.18873
14870.7	6.16896
14920.3	6.1562
14969.9	6.14457
15019.5	6.13476
15069.1	6.12807
15093.9	6.12664
15118.7	6.12717
15143.5	6.13052
15168.3	6.13805
15184.1	6.14604
15199.9	6.15747
15215.7	6.17391
15231.5	6.19745
15242.8	6.22049
15254	6.25085
15265.3	6.29157
15276.6	6.34704
15282.8	6.38667
15289	6.43488
15295.2	6.49432
15301.4	6.56864
15306.8	6.64886
15312.1	6.74877
15317.5	6.87567
15322.8	7.0394
15325.9	7.15741
15329	7.29763
15332.1	7.46594
15335.2	7.67035
15338.3	7.92292
15339.9	8.07128
15341.4	8.23787
15343	8.42583
15344.5	8.63896
15346.1	8.88194
15347.6	9.16061
15349.5	9.54809
15350.4	9.76954
15351.3	10.01
15352.2	10.2776
15353.1	10.57
15354	10.8978
15354.9	11.2584
15355.7	11.6007
15356.5	11.9729
15357.3	12.3896
15358	12.8457
15358.8	13.3601
15359.6	13.9276
15360.4	14.5728
15361.1	15.291
15361.9	16.037
15362.6	16.8646
15363.3	17.8139
15364	18.8773
15364.3	19.481
15364.7	20.1096
15365	20.7829
15365.4	21.5052
15365.7	22.2813
15366.1	23.1161
15366.4	24.0155
15366.8	24.9859
15367.2	26.1593
15367.6	27.4402
15368	28.8405
15368.3	30.3733
15368.7	32.053
15369.1	33.8951
15369.5	35.9162
15369.9	38.0745
15370.3	40.5013
15370.7	43.1609
15371.1	46.0715
15371.4	49.1652
15371.8	52.6196
15372.2	56.2692
15372.6	60.3139
15373	64.5487
15373.4	69.1923
15373.8	73.9945
15374.1	79.1861
15374.5	84.4696
15375.3	95.6726
15376.1	107.119
15376.5	113.379
15376.9	119.38
15377.4	124.982
15377.8	129.933
15378.2	134.335
15378.6	137.938
15379.1	140.636
15379.5	142.317
15379.7	142.862
15380	143.019
15380.4	142.5
15380.8	141.12
15381.2	138.845
15381.6	135.845
15382	132.045
15382.4	127.723
15382.8	122.762
15383.2	117.517
15383.8	107.575
15384.5	97.4142
15385.2	87.3637
15385.9	77.7901
15386.2	73.3963
15386.6	69.1958
15386.9	65.2026
15387.2	61.4255
15387.5	57.8687
15387.9	54.5324
15388.2	51.4137
15388.5	48.5069
15388.9	45.8042
15389.2	43.2964
15389.5	40.9731
15389.9	38.8234
15390.2	36.8359
15390.5	34.9994
15390.8	33.3028
15391.2	31.7353
15391.5	30.3288
15391.8	29.0646
15392.1	27.8528
15392.4	26.762
15392.8	25.7148
15393.1	24.7704
15393.4	23.8894
15393.7	23.0667
15394	22.2736
15394.3	21.5553
15394.6	20.8612
15394.9	20.2312
15395.6	19.0659
15396.2	18.0511
15396.9	17.0935
15397.5	16.2442
15398.2	15.4877
15398.8	14.8109
15399.5	14.2032
15400.1	13.6555
15400.8	13.1602
15401.5	12.7174
15402.3	12.2027
15403.1	11.7442
15404	11.334
15404.8	10.9698
15405.6	10.6372
15406.5	10.3363
15407.3	10.0632
15408.2	9.81732
15409.5	9.46884
15410.8	9.1648
15412.1	8.89796
15413.4	8.66421
15414.8	8.45527
15416.1	8.26915
15417.4	8.10265
15418.7	7.95418
15421.3	7.69721
15424	7.48634
15426.6	7.30991
15429.2	7.16192
15433.8	6.95583
15438.3	6.79621
15442.9	6.67001
15447.4	6.56874
15452.7	6.47416
15458	6.39804
15463.2	6.33581
15468.5	6.28433
15478.1	6.2107
15487.7	6.15511
15497.2	6.112
15506.8	6.07773
15520.2	6.04003
15533.6	6.01069
15547	5.98713
15560.5	5.96753
15575.8	5.94869
15591.1	5.9326
15606.4	5.9185
15621.8	5.90591
15629.4	5.90006
15652.4	5.88387
15675.4	5.86912
15721.4	5.84256
15767.3	5.81821
15813.3	5.79501
15867	5.76863
15920.6	5.74251
16027.9	5.69003
16112.1	5.64795
16196.4	5.60483
16365	5.51496
16456.9	5.46379
16548.9	5.41118
16640.8	5.35741
16732.8	5.30296
16794.1	5.26675
16855.4	5.23116
16916.7	5.19698
16978	5.16557
17016.3	5.1484
17054.6	5.13422
17081.4	5.12703
17108.2	5.12301
17135.1	5.12381
17161.9	5.13194
17177.2	5.14154
17192.5	5.15642
17207.8	5.17866
17223.2	5.21209
17233.2	5.24287
17243.3	5.28377
17253.4	5.33908
17263.4	5.41548
17268.7	5.46761
17273.9	5.53107
17279.2	5.60951
17284.5	5.70754
17289.3	5.81991
17294	5.96239
17296.5	6.04855
17298.8	6.14661
17301.2	6.25982
17303.6	6.39045
17306.3	6.56046
17308.9	6.76357
17311.5	7.01091
17312.9	7.15489
17314.2	7.31386
17315.5	7.49279
17316.8	7.69361
17318.1	7.92007
17319.4	8.17464
17320.8	8.4668
17322.1	8.79902
17323.4	9.18516
17324.7	9.63046
17325.4	9.88261
17326	10.1562
17326.7	10.4538
17327.3	10.7783
17328	11.1331
17328.7	11.522
17329.3	11.9497
17330	12.4138
17330.6	12.935
17331.3	13.5137
17331.9	14.1588
17332.6	14.8691
17333.3	15.6789
17333.9	16.593
17334.6	17.6296
17334.9	18.2006
17335.2	18.7917
17335.8	19.9461
17336.4	21.2483
17336.7	21.9751
17336.9	22.7222
17337.2	23.5468
17337.5	24.3957
17337.8	25.3339
17338.1	26.3009
17338.4	27.3705
17338.7	28.474
17338.9	29.6953
17339.2	30.9556
17339.5	32.3008
17339.8	33.7363
17340.1	35.5514
17340.4	37.5084
17340.8	39.6157
17341.1	41.8813
17341.4	44.3125
17341.8	46.9151
17342.1	49.6937
17342.4	52.5584
17342.7	55.6884
17343.1	58.994
17343.4	62.4692
17343.7	66.1039
17344.4	73.7918
17345	81.8909
17345.9	92.4049
17346.7	102.531
17347.1	107.207
17347.6	111.488
17348	115.276
17348.4	118.477
17348.8	120.903
17349.2	122.664
17349.6	123.716
17350	124.034
17350.4	123.625
17350.8	122.482
17351.2	120.634
17351.6	118.195
17352	115.099
17352.4	111.471
17352.8	107.392
17353.2	103.064
17353.9	94.5634
17354.6	85.6671
17355.3	76.8027
17356	68.4283
17356.4	64.4543
17356.7	60.6515
17357.1	57.0347
17357.4	53.7087
17357.8	50.4829
17358.1	47.4595
17358.5	44.6364
17358.8	42.0815
17359.1	39.6378
17359.5	37.3749
17359.8	35.2832
17360.2	33.4057
17360.5	31.6215
17360.9	30.0225
17361.2	28.5044
17361.6	27.1444
17361.9	25.8884
17362.2	24.7607
17362.6	23.7157
17362.9	22.7465
17363.2	21.847
17363.5	21.0111
17363.9	20.2338
17364.2	19.5099
17364.5	18.8153
17364.9	18.1867
17365.2	17.5993
17365.5	17.0497
17366.2	16.0518
17366.9	15.1719
17367.6	14.348
17368.2	13.6297
17368.9	12.9909
17369.6	12.4203
17370.3	11.9016
17371	11.4418
17371.7	11.0263
17372.4	10.6498
17373.3	10.2141
17374.2	9.83098
17375	9.48861
17375.9	9.1814
17376.8	8.9017
17377.7	8.65183
17378.6	8.4252
17379.5	8.21899
17380.8	7.92922
17382.2	7.67683
17383.6	7.45569
17385	7.26221
17386.4	7.08961
17387.8	6.93611
17389.2	6.79901
17390.6	6.67691
17393.6	6.44928
17396.6	6.2662
17399.6	6.11605
17402.7	5.99228
17405.4	5.89629
17408.2	5.81447
17413.8	5.6829
17419.3	5.58349
17424.8	5.50722
17433.4	5.42112
17442	5.36184
17450.6	5.32076
17459.1	5.29296
17471.2	5.27017
17491.4	5.26277
17513.6	5.28607
17535.8	5.33708
17558	5.41575
17580.1	5.52586
17602.3	5.67498
17613.4	5.76765
17624.5	5.87488
17635.6	5.99921
17646.7	6.14367
17657.8	6.31228
17668.9	6.50948
17681	6.7636
17687.1	6.90981
17693.1	7.07064
17699.2	7.24784
17705.2	7.44357
17711.3	7.66033
17717.3	7.90107
17722.9	8.14597
17728.4	8.41713
17734	8.71828
17739.5	9.05318
17745	9.42827
17750.6	9.84923
17756.1	10.3236
17761.7	10.8595
17765.7	11.2959
17769.8	11.7752
17773.8	12.3057
17777.8	12.8914
17781.9	13.5423
17785.9	14.2663
17789.9	15.0802
17794	15.993
17796.8	16.6899
17799.5	17.4462
17802.3	18.2716
17805.1	19.1748
17807.8	20.1691
17810.6	21.2589
17813.4	22.4607
17816.1	23.7902
17818.9	25.2709
17821.7	26.9137
17824.5	28.749
17825.9	29.7517
17827.2	30.8069
17828.6	31.9344
17830	33.1321
17831.4	34.4057
17832.8	35.7513
17834.2	37.1954
17835.6	38.7245
17837	40.3689
17838.3	42.114
17840.1	44.5317
17841.9	47.1722
17843.6	50.0617
17845.4	53.2126
17847.2	56.6965
17848.9	60.5136
17850.7	64.7515
17852.5	69.4114
17853.9	73.4423
17855.2	77.8156
17856.6	82.5647
17858	87.6871
17859.4	93.2957
17860.8	99.3504
17862.2	105.982
17863.5	113.139
17865	121.558
17866.5	130.743
17868	140.741
17869.5	151.506
17871	163.196
17872.5	175.721
17874	189.021
17875.5	202.882
17879.1	238.434
17880.9	255.88
17882.7	272.053
17883.6	279.37
17884.5	286.013
17885.5	291.861
17886.4	296.807
17887.3	300.752
17888.2	303.615
17889.1	305.335
17890	305.877
17891	305.129
17892	302.99
17893	299.516
17893.9	294.845
17894.9	288.995
17895.9	282.215
17896.9	274.512
17897.9	266.195
17899.9	248.002
17901.8	228.781
17903.8	209.485
17905.8	190.822
17907.4	175.768
17909.1	161.697
17910.8	148.691
17912.5	136.837
17914.2	125.967
17915.8	116.155
17916.7	111.574
17917.5	107.217
17919.2	99.1817
17920.9	91.8766
17922.5	85.2759
17924.2	79.3083
17925.9	73.9075
17927.6	69.0135
17929.3	64.572
17930.9	60.5347
17932.6	56.8584
17934.3	53.5047
17936	50.4398
17937.7	47.6336
17939.3	45.0595
17941	42.6941
17942.7	40.5167
17944.4	38.5092
17946.1	36.6662
17947.6	35.0988
17949.1	33.6367
17950.6	32.2704
17952.2	30.9994
17953.7	29.8
17955.2	28.6745
17956.8	27.6174
17958.3	26.6299
17959.8	25.6943
17961.3	24.8128
17964.4	23.2016
17967.4	21.7622
17970.5	20.4714
17973.8	19.1982
17977.2	18.0598
17980.6	17.038
17983.9	16.1201
17987.3	15.2878
17990.6	14.533
17994	13.8463
17997.3	13.2217
18001	12.598
18004.7	12.0318
18008.3	11.5135
18012	11.0402
18015.7	10.6046
18019.3	10.2054
18023	9.83782
18026.7	9.49742
18030	9.20628
18033.4	8.93417
18040.1	8.44091
18046.8	8.00631
18053.5	7.62164
18060.2	7.27827
18067	6.97064
18073.7	6.69369
18080.4	6.44357
18087.1	6.21602
18093.8	6.00847
18100.5	5.81842
18107.3	5.64401
18114	5.48288
18120.7	5.33397
18134.1	5.06669
18145.1	4.87343
18156.1	4.7
18167.1	4.54198
18178.1	4.39735
18189.1	4.26423
18200.1	4.14095
18222	3.91866
18235.5	3.79574
18248.9	3.68077
18275.8	3.46975
18302.7	3.27785
18329.5	3.09961
18366.2	2.8715
18402.8	2.65425
18439.5	2.44256
18476.1	2.23311
18520	1.98095
18564	1.72535
18608	1.465
18652	1.20028
18691	0.96341
18730.1	0.729742
18749.7	0.616436
18759.4	0.561262
18769.2	0.507467
18779	0.455271
18788.7	0.404991
18798.5	0.356911
18803.4	0.333796
18808.3	0.311519
18815	0.282161
18821.7	0.254484
18828.4	0.228684
18835.1	0.204976
18838.5	0.193979
18841.9	0.183597
18845.2	0.173862
18848.6	0.16481
18852	0.156478
18855.3	0.148905
18858.7	0.142132
18862	0.136218
18866.9	0.129185
18871.8	0.124192
18876.7	0.121379
18881.6	0.120931
18885.8	0.122624
18890.1	0.126391
18894.4	0.132351
18898.7	0.140618
18902.9	0.151514
18907.2	0.165138
18911.5	0.181669
18915.8	0.201305
18919.1	0.219081
18922.5	0.239025
18925.8	0.261256
18929.2	0.285899
18932.5	0.313088
18935.9	0.342962
18939.3	0.37567
18942.6	0.411259
18946	0.450107
18949.3	0.49229
18952.7	0.537994
18956.1	0.587419
18959.4	0.640774
18962.8	0.698285
18966.1	0.760189
18969.5	0.826531
18972.8	0.897978
18976.2	0.974621
18979.6	1.05676
18982.9	1.14473
18986.3	1.23887
18989.7	1.33953
18993	1.44712
18996.4	1.56169
18999.7	1.68437
19003.1	1.8153
19006.4	1.95498
19009.8	2.10349
19013.1	2.2623
19016.5	2.43159
19019.9	2.61201
19023.2	2.80367
19026.6	3.00848
19029.9	3.22667
19033.3	3.4591
19036.7	3.70671
19040	3.97047
19043.4	4.25145
19046.7	4.55078
19050.1	4.8687
19053.5	5.20841
19056.8	5.5704
19060.2	5.95617
19063.5	6.36734
19066.9	6.80566
19070.2	7.27299
19073.6	7.77135
19077	8.30125
19080.3	8.86818
19083.7	9.47311
19087	10.1187
19090.4	10.8079
19093.8	11.5437
19097.1	12.3294
19100.5	13.1687
19103.8	14.0626
19107.2	15.0206
19110.5	16.0443
19113.9	17.1386
19117.3	18.3047
19120.6	19.555
19124	20.8917
19127.3	22.3209
19130.7	23.8441
19134	25.477
19137.4	27.2221
19140.8	29.0867
19144.1	31.0782
19147.5	33.2042
19150.9	35.4724
19154.2	37.8905
19157.6	40.4582
19160.2	42.6132
19162.9	44.8663
19165.5	47.2294
19168.2	49.7075
19170.8	52.3125
19173.5	55.0215
19178.8	60.777
19184.1	67.0005
19189.4	73.6491
19194.7	80.7021
19200	88.0585
19210	102.397
19215	109.527
19220	116.42
19225	122.898
19230	128.781
19235	133.9
19240	138.111
19245	141.308
19250	143.431
19255	144.468
19260	144.456
19265	143.473
19270	141.626
19275	139.045
19280	135.865
19285	132.22
19290	128.226
19300	119.689
19315.7	106.126
19323.5	99.6772
19331.3	93.5974
19339.1	87.9195
19347	82.6729
19354.8	77.8375
19362.6	73.4071
19371	69.0779
19379.3	65.1411
19387.7	61.5607
19396.1	58.3057
19404.5	55.3357
19412.8	52.6281
19421.2	50.1491
19429.5	47.8804
19437.9	45.7949
19446.3	43.8763
19454.7	42.1072
19463	40.4745
19471.4	38.9608
19479.8	37.5563
19488.1	36.2505
19496.5	35.0352
19504.9	33.8993
19513.2	32.8368
19530	30.9074
19546.7	29.2004
19563.4	27.6793
19574.1	26.794
19584.7	25.9653
19606	24.4556
19628.8	23.021
19640.2	22.3632
19651.7	21.7417
19659.3	21.3466
19666.9	20.9685
19670.7	20.7862
19674.5	20.61
19678.3	20.4408
19682.1	20.2812
19685.1	20.1631
19686.6	20.1089
19688.2	20.0588
19689.7	20.014
19691.2	19.9762
19692.7	19.9482
19694.2	19.9348
19695.2	19.9376
19696.1	19.954
19697.1	19.9916
19697.6	20.023
19698.1	20.0652
19698.5	20.1239
19699	20.2017
19699.5	20.3086
19700	20.4486
19700.4	20.6385
19700.9	20.8831
19701.4	21.2082
19701.8	21.617
19702.3	22.121
19702.8	22.7295
19703.2	23.4665
19703.7	24.3437
19704.1	25.3679
19704.6	26.5395
19705	27.8507
19705.5	29.2836
19705.9	30.914
19706.4	32.5667
19706.9	34.2523
19707.4	35.8333
19707.9	37.3591
19708.1	38.0354
19708.4	38.6402
19708.7	39.2399
19708.9	39.7035
19709.2	39.9923
19709.4	40.1935
19709.6	40.298
19709.8	40.3256
19710	40.2935
19710	40.2826
19710.1	40.2287
19710.2	40.1614
19710.4	39.9744
19710.6	39.7193
19710.8	39.4159
19711	39.0349
19711.2	38.5942
19711.6	37.5789
19712	36.3869
19712.3	35.1638
19712.7	33.894
19713.4	31.1993
19714.1	28.5025
19714.5	27.2307
19714.8	26.0673
19715.2	24.9588
19715.5	23.9481
19715.9	23.0397
19716.3	22.2552
19716.5	21.6773
19716.8	21.1621
19717.1	20.7062
19717.4	20.3187
19717.7	19.9676
19718	19.6728
19718.3	19.4088
19718.6	19.1895
19718.8	18.9949
19719.1	18.8345
19719.4	18.6931
19719.7	18.5771
19720	18.4751
19720.3	18.3914
19720.8	18.2567
19721.4	18.1575
19722	18.0825
19722.5	18.0234
19723.1	17.975
19723.7	17.9335
19724.2	17.8967
19725.4	17.8311
19726.8	17.7602
19728.1	17.6937
19729.5	17.6285
19730.8	17.5647
19732.2	17.5009
19733.5	17.4375
19736.2	17.3099
19738.9	17.181
19741.6	17.0504
19744.4	16.9178
19747.1	16.7831
19752.8	16.4915
19758.5	16.1877
19764.2	15.8696
19769.9	15.5342
19776.2	15.1409
19782.5	14.7154
19788.8	14.2491
19795	13.7301
19799.9	13.2831
19804.7	12.785
19809.6	12.2226
19814.4	11.5773
19817.6	11.1036
19820.7	10.5759
19823.9	9.98293
19825.4	9.65779
19827	9.31091
19829.1	8.79901
19831.3	8.23621
19833.4	7.61558
19834.5	7.28142
19835.5	6.93034
19837.1	6.38357
19838.7	5.79931
19840.3	5.18138
19841.8	4.54164
19843.5	3.87791
19844.3	3.57239
19844.7	3.43207
19845.1	3.30363
19845.5	3.19053
19845.9	3.09699
19846.3	3.02814
19846.8	2.99023
19847	2.98518
19847.2	2.99079
19847.4	3.00885
19847.6	3.03889
19847.8	3.08536
19848	3.14533
19848.2	3.22651
19848.4	3.32292
19848.6	3.42715
19848.8	3.54938
19848.9	3.69112
19849.1	3.84436
19849.3	4.02875
19849.5	4.23769
19849.7	4.47307
19849.8	4.72147
19850	4.98002
19850.1	5.24564
19850.3	5.53506
19850.4	5.84966
19850.6	6.21456
19850.7	6.58569
19850.9	6.98642
19851	7.41827
19851.2	7.91496
19851.3	8.41605
19851.5	8.95307
19851.6	9.52762
19851.8	10.1413
19852	10.7957
19852.1	11.4924
19852.2	12.233
19852.5	13.2914
19852.6	14.3749
19852.8	15.6007
19853	16.8491
19853.2	18.2542
19853.4	19.6778
19853.6	21.272
19853.8	22.8787
19854	24.6685
19854.2	26.5601
19854.4	28.5535
19854.6	30.5413
19854.8	32.7315
19855	34.9034
19855.2	37.2832
19855.4	39.6298
19855.8	44.5585
19856.1	49.6288
19856.5	54.9219
19856.9	60.3839
19857.5	69.8909
19858.1	79.3467
19858.6	86.1348
19859.1	92.5114
19859.5	98.3189
19860	103.316
19860.3	105.886
19860.5	108.085
19860.8	110.002
19861.1	111.625
19861.4	113.211
19861.7	114.338
19862	115.009
19862.3	115.234
19862.6	115.03
19863	114.419
19863.3	113.431
19863.6	112.097
19864	110.171
19864.3	107.891
19864.7	105.317
19865.1	102.589
19865.8	96.5154
19866.5	90.2487
19867.3	83.9563
19868	77.9708
19868.8	72.4479
19869.5	67.5279
19869.9	65.2418
19870.2	63.0936
19870.6	61.0794
19871	59.2433
19871.7	55.8697
19872.4	52.9192
19873	50.7718
19873.6	48.8431
19874.2	47.1063
19874.8	45.5372
19875.4	44.1147
19876	42.8204
19876.6	41.6385
19877.2	40.5554
19878	39.3387
19878.7	38.2506
19879.4	37.2461
19880.2	36.3402
19881.6	34.7313
19883.1	33.3579
19884.1	32.533
19885.1	31.7826
19887.1	30.4681
19889.1	29.3538
19891.1	28.3966
19892.6	27.7744
19894	27.2103
19897	26.2289
19899.9	25.3974
19902.8	24.6877
19907.4	23.7677
19911.9	23.012
19916.5	22.378
19921	21.8389
19927.9	21.1501
19934.9	20.5856
19941.8	20.1147
19948.8	19.7141
19959.4	19.2031
19970.1	18.7911
19985.1	18.3388
20000	18.0021
20018.7	17.7165
20028	17.6271
20037.4	17.5744
20049.1	17.5639
20060.8	17.6231
20072.4	17.766
20084.1	18.0163
20092.7	18.2867
20101.3	18.6516
20109.8	19.138
20114.1	19.4378
20118.4	19.7834
20122.1	20.1248
20125.8	20.5119
20129.5	20.9515
20133.2	21.4521
20136.9	22.0234
20140.6	22.677
20144.3	23.427
20148	24.2933
20150.1	24.8591
20152.3	25.4739
20154.4	26.1461
20156.6	26.8821
20158.7	27.6937
20160.9	28.5821
20163	29.5609
20165.1	30.6418
20167.3	31.8441
20169.4	33.1721
20171.6	34.6491
20173.7	36.2958
20175.8	38.1364
20178	40.1988
20180.1	42.5152
20182.3	45.1227
20184.4	48.0783
20185.5	49.6895
20186.6	51.4027
20187.6	53.2245
20188.7	55.1622
20189.8	57.223
20190.8	59.4146
20191.9	61.7445
20193	64.2202
20194.1	66.8489
20195.1	69.6373
20196.2	72.5914
20197.3	75.7159
20198.3	79.0142
20199.4	82.4876
20201.5	89.8041
20203.6	97.6899
20205.7	106.046
20207.8	114.645
20209.9	123.193
20212	131.168
20213	134.812
20214	138.092
20215.1	141.002
20216.1	143.426
20217.1	145.227
20218.1	146.534
20219	147.347
20220	147.633
20221	147.349
20222.1	146.448
20223.1	144.954
20224.2	142.926
20225.2	140.373
20226.3	137.403
20227.3	134.022
20228.4	130.362
20230.5	122.3
20232.6	113.804
20234.7	105.26
20236.7	96.9828
20238.2	91.5869
20239.6	86.4599
20241	81.6273
20242.5	77.1008
20243.9	72.8813
20245.3	68.9625
20246.8	65.3327
20248.2	61.9767
20249.6	58.8987
20251	56.057
20252.4	53.4344
20253.9	51.014
20255.3	48.7799
20256.7	46.7164
20258.1	44.809
20259.5	43.0439
20260.9	41.5308
20262.1	40.1297
20263.4	38.8207
20264.8	37.5968
20267.3	35.3785
20269.9	33.4287
20272.6	31.7019
20275.2	30.1782
20277.8	28.8229
20280.4	27.613
20283	26.5249
20285.6	25.5504
20288.2	24.671
20290.8	23.8751
20293.4	23.1523
20296	22.494
20298.6	21.8927
20301.2	21.3421
20304.5	20.7038
20307.8	20.1307
20311.1	19.6112
20314.4	19.1418
20321.1	18.3234
20327.7	17.6358
20332.9	17.1687
20338.1	16.7561
20343.3	16.388
20348.5	16.0591
20358.9	15.4946
20369.3	15.0286
20379.7	14.6374
20390.1	14.3042
20400.5	14.0164
20411	13.7651
20430.8	13.3628
20450.7	13.0346
20470.6	12.7599
20490.5	12.5247
20511.3	12.3103
20532.1	12.1212
20573.7	11.7991
20611.6	11.5533
20649.4	11.3386
20687.3	11.1482
20725.1	10.9761
20770.6	10.7893
20816	10.6196
20861.4	10.4639
20906.8	10.3198
20990.1	10.0797
21073.4	9.86385
21156.7	9.66642
21239.9	9.4829
21391.3	9.17232
21542.8	8.87221
21671.5	8.60396
21735.8	8.45642
21800.2	8.29183
21864.5	8.10023
21896.7	7.98961
21928.9	7.86487
21949.7	7.77466
21970.5	7.67516
21991.3	7.56435
22012.1	7.43965
22023.5	7.36472
22034.9	7.28399
22046.2	7.19665
22057.6	7.10204
22068	7.00791
22078.4	6.90616
22088.8	6.79602
22099.2	6.67708
22108.7	6.5615
22113.4	6.50157
22118.1	6.44069
22122.9	6.3796
22127.6	6.31952
22132.3	6.26239
22137.1	6.21166
22141.8	6.17353
22144.2	6.16235
22146.5	6.15918
22149.6	6.17233
22152.7	6.21569
22154.2	6.25438
22155.8	6.30911
22157.3	6.3852
22158.8	6.48957
22159.7	6.56203
22160.5	6.64873
22161.3	6.75298
22162.1	6.87753
22163	7.03139
22163.8	7.22172
22164.6	7.46094
22165	7.60251
22165.5	7.76341
22166	8.02631
22166.6	8.34054
22166.9	8.5234
22167.1	8.72663
22167.4	8.95311
22167.7	9.20612
22168	9.50012
22168.3	9.81919
22168.5	10.1777
22168.8	10.5809
22169.1	11.0349
22169.4	11.5463
22169.7	12.1221
22170	12.7702
22170.1	13.2026
22170.3	13.6384
22170.4	14.1041
22170.6	14.6013
22170.8	15.1661
22170.9	15.7341
22171.1	16.3391
22171.2	16.983
22171.4	17.7119
22171.6	18.4418
22171.7	19.2163
22171.9	20.0369
22172.1	20.9613
22172.2	21.8824
22172.4	22.8544
22172.5	23.8788
22172.8	25.6579
22173.1	27.5056
22173.3	29.4898
22173.6	31.6114
22173.8	33.8694
22174.1	36.2611
22174.3	38.7816
22174.6	41.4237
22174.9	45.0811
22175.2	48.787
22175.9	56.6538
22176.5	64.6678
22177.2	72.3817
22177.6	77.5925
22177.9	79.9698
22178.1	82.0746
22178.3	83.8302
22178.5	85.4121
22178.7	86.8067
22178.9	87.9498
22179.2	89.1901
22179.5	90.0402
22179.7	90.5526
22180	90.682
22180.2	90.4676
22180.5	89.9233
22180.8	89.0558
22181	87.9287
22181.2	86.716
22181.4	85.3744
22181.8	82.1004
22182.2	78.311
22182.6	74.1555
22183.1	68.3385
22183.6	62.3125
22184.4	52.4501
22184.8	47.7137
22185.2	43.1666
22185.5	38.8665
22185.8	36.7716
22185.9	34.8562
22186.1	32.9219
22186.3	31.1643
22186.5	29.3999
22186.7	27.8059
22186.9	26.5257
22187	25.3021
22187.2	24.1346
22187.4	23.0224
22187.5	21.9646
22187.7	20.96
22187.8	20.0073
22188	19.105
22188.2	18.2517
22188.3	17.4457
22188.5	16.6852
22188.6	15.9685
22188.8	15.2937
22189	14.659
22189.1	14.0625
22189.3	13.5363
22189.5	12.8192
22189.7	12.1914
22189.9	11.615
22190.1	11.0861
22190.3	10.5788
22190.5	10.1357
22190.8	9.72941
22191	9.35674
22191.2	8.9992
22191.4	8.68648
22191.6	8.3991
22191.8	8.13472
22192	7.8801
22192.2	7.65635
22192.5	7.44964
22192.7	7.25834
22193.1	6.93142
22193.5	6.65304
22193.9	6.4077
22194.2	6.18987
22194.6	5.99502
22195	5.81944
22195.4	5.66011
22195.8	5.51456
22196.6	5.25711
22197.4	5.03481
22198.1	4.8392
22198.9	4.66429
22199.8	4.48448
22200.7	4.32121
22201.6	4.17096
22202.5	4.03258
22204.2	3.77584
22206	3.54211
22207.8	3.32103
22209.6	3.10985
22213.1	2.69976
22215.4	2.4377
22217.7	2.17513
22222.2	1.64161
22225.6	1.23852
22227.3	1.04188
22229	0.853063
22229.9	0.762378
22230.7	0.677257
22231.6	0.597882
22232.4	0.52579
22233.3	0.462866
22234.1	0.411421
22235	0.374296
22235.8	0.354989
22236.3	0.35366
22236.8	0.361012
22237.3	0.378228
22237.8	0.405964
22238.3	0.444012
22238.7	0.493505
22239.2	0.556658
22239.7	0.635201
22240.1	0.731091
22240.6	0.846549
22241	0.984091
22241.5	1.14658
22241.9	1.32388
22242.4	1.52369
22242.8	1.75884
22243.2	2.02196
22243.6	2.32975
22244.1	2.6724
22244.3	2.87012
22244.5	3.07145
22244.7	3.28581
22244.9	3.51395
22245.1	3.74476
22245.3	3.9895
22245.5	4.24891
22245.7	4.50966
22245.9	4.79998
22246.1	5.09161
22246.3	5.4161
22246.5	5.74183
22246.7	6.10402
22246.9	6.46735
22247.1	6.87106
22247.2	7.27574
22247.4	7.72506
22247.6	8.17512
22247.8	8.6744
22248	9.17407
22248.2	9.72791
22248.4	10.2817
22248.6	10.8948
22248.8	11.5073
22249	12.1847
22249.2	12.8606
22249.4	13.6073
22249.6	14.3513
22249.8	15.1723
22250	15.9892
22250.2	16.8893
22250.4	17.7836
22250.6	18.7674
22250.8	19.7432
22251	20.815
22251.2	21.8762
22251.5	24.1276
22251.9	26.5547
22252.3	29.1606
22252.7	31.8708
22253	34.8303
22253.4	37.9642
22253.8	41.2653
22254.2	44.6302
22254.5	48.0346
22254.9	51.4537
22255.6	58.5473
22257	73.2543
22257.8	80.9355
22258.5	87.9786
22258.9	91.2537
22259.2	94.2101
22259.6	96.9779
22260	99.386
22260.4	101.543
22260.8	103.361
22261.1	104.827
22261.5	105.911
22262.1	106.913
22262.6	107.125
22263.2	106.592
22263.8	105.394
22264.3	103.564
22264.9	101.252
22265.5	98.5228
22266	95.4686
22267.1	89.1734
22268.1	82.6323
22269.2	76.1822
22270.2	70.0902
22270.7	67.1762
22271.2	64.4575
22271.8	61.8829
22272.3	59.4537
22272.8	57.1683
22273.3	55.0228
22273.8	53.0118
22274.4	51.1286
22275	48.879
22275.7	46.8434
22276.3	44.9713
22277	43.2482
22277.7	41.6601
22278.3	40.1942
22279	38.8389
22279.7	37.5836
22280.7	35.7694
22281.7	34.1659
22282.8	32.7275
22283.8	31.4316
22284.9	30.2594
22285.9	29.1947
22286.9	28.2243
22288	27.3366
22289	26.5219
22290.1	25.772
22291.1	25.0796
22292.1	24.4387
22294.2	23.2906
22296.3	22.2925
22298.2	21.4891
22300.1	20.7756
22302	20.1347
22303.9	19.556
22305.8	19.0284
22307.7	18.5506
22311.4	17.7126
22315.6	16.9352
22319.8	16.2792
22323.9	15.7175
22328.1	15.2315
22332.1	14.8242
22336	14.4638
22340	14.142
22344	13.8529
22351.9	13.3549
22359.9	12.9419
22369.7	12.5182
22379.6	12.1679
22389.4	11.8741
22399.2	11.6232
22415.9	11.2723
22432.5	10.9907
22449.2	10.7593
22465.8	10.5654
22494.6	10.2952
22523.3	10.0822
22552.1	9.90948
22580.8	9.76598
22617.2	9.61546
22653.5	9.4906
22726.2	9.29275
22792.8	9.15319
22859.3	9.04037
22925.9	8.94699
22992.5	8.86889
23053.1	8.80912
23113.6	8.75869
23174.2	8.71781
23234.7	8.68674
23301.3	8.66658
23334.6	8.66341
23367.9	8.66619
23401.2	8.67647
23434.5	8.69654
23467.8	8.72976
23501.1	8.78135
23537.4	8.86837
23555.6	8.92933
23573.7	9.00632
23590.4	9.09525
23607	9.20725
23623.7	9.35
23640.3	9.53467
23652.4	9.70456
23664.6	9.91455
23676.7	10.1767
23682.7	10.3337
23688.8	10.5114
23697.1	10.7974
23705.4	11.1425
23713.8	11.5644
23717.9	11.8113
23722.1	12.0872
23725.9	12.3677
23729.6	12.6793
23733.4	13.0287
23737.2	13.42
23741	13.8625
23744.8	14.3624
23748.6	14.9326
23752.3	15.5837
23754.4	15.9833
23756.5	16.4165
23758.6	16.8868
23760.7	17.3984
23762.8	17.9563
23764.8	18.566
23766.9	19.234
23769	19.9679
23771.1	20.7805
23773.2	21.6743
23775.2	22.6651
23777.3	23.767
23779.4	24.9968
23781.5	26.3744
23783.6	27.9238
23785.6	29.6734
23787.2	31.1867
23788.9	32.8593
23790.5	34.7128
23792.1	36.7728
23793.7	39.0693
23795.3	41.6378
23796.9	44.5201
23797.7	46.0839
23798.5	47.7438
23799.5	50.0574
23800.6	52.5631
23801.6	55.2802
23802.7	58.2295
23803.7	61.4341
23804.8	64.9192
23805.8	68.7119
23806.8	72.8412
23807.9	77.3377
23808.9	82.2332
23810	87.5596
23811	93.3479
23812	99.6262
23813.1	106.418
23814.1	113.737
23815.2	121.586
23816.6	133.131
23818	145.532
23819.4	158.584
23820.8	171.867
23822.2	185.119
23823.6	197.585
23824.4	203.399
23825.1	208.787
23825.8	213.664
23826.5	217.89
23827.4	222.272
23828.2	225.502
23829.1	227.485
23830	228.161
23830.7	227.727
23831.4	226.412
23832.2	224.244
23832.9	221.314
23833.6	217.597
23834.3	213.265
23835	208.275
23835.7	202.849
23837.2	190.663
23838.6	177.575
23841.5	150.85
23842.8	139.152
23844.1	128.111
23845.4	117.843
23846.7	108.404
23848	99.7997
23848.7	95.7732
23849.3	92.0029
23850	88.3665
23850.6	84.967
23851.3	81.6922
23851.9	78.6337
23852.6	75.6025
23853.3	72.7759
23854	70.0609
23854.6	67.5292
23856	62.8278
23857.3	58.6405
23858.7	54.8498
23860	51.439
23861.4	48.3642
23862.7	45.606
23864.1	43.0893
23865.4	40.8059
23866.8	38.7296
23868.1	36.8508
23869.5	35.1215
23870.8	33.5389
23872.2	32.0875
23873.5	30.7633
23875.5	29.0116
23877.4	27.4522
23879.4	26.0586
23881.3	24.8084
23883.3	23.6825
23885.3	22.6651
23887.2	21.7431
23889.2	20.9093
23891.9	19.8748
23894.6	18.9637
23897.2	18.1544
23899.9	17.4324
23902.6	16.7834
23905.3	16.2022
23908	15.6779
23910.7	15.2033
23913.4	14.7708
23916.1	14.3785
23918.8	14.019
23921.5	13.6912
23926.9	13.1125
23932.3	12.6213
23937.4	12.2184
23942.6	11.8685
23947.7	11.5624
23952.8	11.2933
23958	11.0556
23963.1	10.8446
23973.4	10.4882
23984.2	10.1883
23995	9.9458
24005.7	9.74706
24016.5	9.58297
24034.1	9.37179
24051.8	9.21352
24069.4	9.09524
24087	9.00882
24110.5	8.93492
24126.2	8.90962
24142.9	8.90385
24159.5	8.92197
24176.2	8.9681
24192.8	9.05096
24203.6	9.13027
24214.4	9.23603
24225.1	9.3766
24235.9	9.56363
24244.2	9.75126
24252.6	9.98891
24260.9	10.2936
24265	10.4783
24269.2	10.6905
24274.6	11.0143
24280	11.4072
24282.7	11.6358
24285.4	11.8888
24288.1	12.1706
24290.8	12.4855
24293.5	12.8401
24296.1	13.2381
24298.8	13.6899
24301.5	14.2014
24304.2	14.7876
24306.9	15.4576
24309.6	16.2304
24311	16.6633
24312.3	17.127
24313.7	17.6319
24315	18.1789
24316.4	18.7726
24317.7	19.4132
24319	20.1159
24320.4	20.877
24321.7	21.7152
24323.1	22.6265
24324.4	23.6343
24325.8	24.7431
24327.1	25.9658
24328.5	27.3063
24329.8	28.8012
24331.2	30.4467
24332.5	32.2885
24333.9	34.323
24335.2	36.6069
24336.5	39.1549
24337.9	41.9986
24339.2	45.1457
24339.9	46.8768
24340.6	48.6758
24341.9	52.5966
24343.3	56.9321
24344.6	61.6577
24346.1	67.3588
24347.6	73.4792
24349	79.9621
24350.5	86.6522
24352	93.326
24353.5	99.6945
24354.9	105.42
24355.7	107.947
24356.4	110.148
24357.3	112.407
24358.2	114.103
24359.1	115.188
24360	115.631
24360.7	115.504
24361.5	114.949
24362.2	113.978
24362.9	112.613
24363.7	110.88
24364.4	108.813
24365.1	106.451
24365.9	103.834
24367.3	97.9694
24368.8	91.6412
24371.7	78.6656
24372.8	74.1702
24373.8	69.8568
24374.8	65.7598
24375.9	61.9002
24377	58.2883
24378	54.9256
24379	51.8074
24380.1	48.9508
24381.1	46.4597
24382	44.1519
24383	42.0155
24384	40.058
24385	38.2273
24386	36.5496
24386.9	34.9797
24387.9	33.5395
24388.8	32.3632
24389.6	31.2734
24390.4	30.2389
24391.3	29.2789
24393	27.5179
24394.7	25.9665
24396.3	24.5788
24398	23.3483
24399.7	22.2407
24401.4	21.2524
24403.4	20.2226
24405.3	19.3119
24407.2	18.4989
24409.2	17.7706
24411.2	17.1126
24413.1	16.5222
24415.1	15.9879
24417	15.5028
24419	15.0591
24420.9	14.6562
24422.9	14.2857
24424.8	13.9475
24428.7	13.3484
24432.6	12.8392
24436.4	12.4192
24440.1	12.0528
24443.8	11.7311
24447.5	11.4481
24451.3	11.1965
24455	10.9723
24462.5	10.5919
24470.3	10.2684
24478.1	10.004
24485.9	9.78452
24493.7	9.60016
24506.5	9.35628
24519.3	9.16471
24532	9.01099
24544.8	8.88549
24560.5	8.76054
24576.1	8.65908
24591.7	8.57508
24607.3	8.50452
24628.6	8.42462
24649.9	8.35912
24671.2	8.30405
24692.5	8.2571
24723.8	8.19932
24755	8.15137
24786.3	8.11063
24817.5	8.07537
24860.1	8.03394
24902.7	7.99835
24945.3	7.96695
24987.9	7.93889
25050.4	7.90234
25112.9	7.86988
25175.4	7.84049
25237.9	7.8135
25317.4	7.78187
25397	7.75259
25442.4	7.73674
25502	7.7168
25531.9	7.70718
25561.7	7.69784
25591.5	7.68881
25621.4	7.6802
25651.2	7.67231
25666.1	7.66876
25681	7.66563
25691.7	7.66382
25702.3	7.66248
25713	7.66181
25723.6	7.66211
25734.3	7.6638
25744.9	7.66789
25750.2	7.67127
25755.6	7.6759
25760.9	7.68222
25766.2	7.69076
25769.8	7.69817
25773.3	7.70746
25776.9	7.71914
25780.4	7.73397
25784	7.75302
25787.5	7.77781
25791.1	7.81068
25794.6	7.85539
25798.2	7.91822
25799.9	7.95963
25801.7	8.00989
25803.5	8.07243
25805.3	8.15062
25807	8.25149
25808.8	8.38344
25809.8	8.47542
25810.8	8.58566
25811.8	8.71985
25812.7	8.88451
25813.7	9.09583
25814.2	9.22439
25814.7	9.3695
25815.2	9.54169
25815.6	9.74395
25816.1	9.98367
25816.6	10.2638
25817.1	10.6074
25817.6	11.0235
25817.8	11.2692
25818.1	11.5296
25818.3	11.8292
25818.6	12.1469
25818.8	12.5124
25819.1	12.8999
25819.3	13.3454
25819.6	13.8171
25819.8	14.3584
25820	14.9301
25820.3	15.5571
25820.5	16.2434
25820.7	16.7997
25820.9	17.3935
25821.1	18.0266
25821.2	18.6621
25821.4	19.3764
25821.6	20.1349
25821.8	20.939
25822	21.7416
25822.1	22.6383
25822.3	23.5842
25822.7	25.5676
25823	27.8096
25823.4	30.186
25823.6	32.0001
25823.9	33.8302
25824.1	35.8244
25824.3	37.818
25824.8	42.1
25825.3	46.5106
25826.5	57.4686
25827	61.917
25827.4	65.9713
25827.9	69.6577
25828.2	71.3179
25828.4	72.7505
25828.7	74.2038
25829	75.3659
25829.2	76.2784
25829.5	76.9298
25829.8	77.2831
25830	77.4201
25830.2	77.3314
25830.5	77.0079
25830.8	76.4531
25831	75.7087
25831.4	74.1728
25831.7	72.1991
25832.1	70.1062
25832.4	67.7388
25832.7	65.1378
25833	62.3467
25833.7	56.3723
25834.4	50.1643
25835	44.0378
25835.5	40.0417
25835.9	36.2667
25836.2	34.4382
25836.4	32.759
25836.6	31.1512
25836.8	29.6171
25837.2	27.4569
25837.5	25.4674
25837.8	23.6473
25838.1	22.0402
25838.5	20.5396
25838.8	19.1901
25839.1	17.9825
25839.4	16.9374
25839.7	16.0615
25840	15.2779
25840.3	14.5785
25840.6	13.9555
25840.9	13.4014
25841.2	12.9091
25841.5	12.472
25841.8	12.084
25842.1	11.7393
25842.4	11.433
25842.7	11.1604
25843	10.9173
25843.3	10.7002
25843.6	10.5058
25844.2	10.179
25844.7	9.94471
25845.2	9.74574
25845.8	9.57508
25846.3	9.43001
25847.3	9.1865
25848.3	8.99644
25849.3	8.8412
25850.3	8.71434
25852.3	8.51656
25854.3	8.37787
25856.2	8.2713
25858.1	8.1869
25860	8.11871
25861.9	8.06239
25863.8	8.01569
25867.6	7.94264
25871.2	7.89143
25874.8	7.85182
25878.4	7.82031
25882	7.79489
25885.6	7.77383
25889.2	7.75619
25896.3	7.7283
25902.1	7.7111
25907.8	7.69709
25915.5	7.68203
25921.2	7.67269
25926.9	7.66457
25938.4	7.65112
25949.9	7.64034
25961.3	7.63138
25972.8	7.6237
25984.3	7.61698
25999.6	7.60907
26013	7.60286
26026.3	7.59718
26053.1	7.58691
26079.9	7.57767
26106.6	7.56915
26152.5	7.55566
26198.4	7.54301
26244.3	7.53103
26290.2	7.51947
26366.7	7.50098
26443.1	7.48316
26611.4	7.44569
26779.6	7.40989
26947.9	7.3753
27116.1	7.34159
27452.6	7.27588
27789.1	7.21082
28033.9	7.16264
28278.6	7.11231
28523.3	7.05767
28768	6.99454
28997.5	6.91908
29112.2	6.87001
29226.9	6.80614
29326.3	6.72953
29376	6.67859
29425.8	6.61408
29452.5	6.57131
29479.3	6.52108
29506.1	6.4605
29532.8	6.38608
29549.1	6.33179
29565.3	6.26854
29581.6	6.19394
29597.8	6.10418
29608.3	6.03567
29618.9	5.95684
29629.4	5.86494
29639.9	5.75662
29649	5.64587
29658.1	5.51481
29667.1	5.35716
29676.2	5.16407
29681.5	5.03065
29686.7	4.87708
29692	4.69852
29697.2	4.48887
29699.6	4.38072
29702	4.26322
29704.4	4.13513
29706.8	3.99503
29709.2	3.84126
29711.6	3.67186
29714	3.48451
29716.4	3.27739
29717.7	3.15255
29719	3.01987
29720.3	2.87878
29721.6	2.72987
29723	2.57036
29724.3	2.40226
29725.6	2.22286
29726.9	2.03519
29728.1	1.84674
29729.4	1.65452
29730.7	1.46035
29731.9	1.27665
29732.5	1.19246
29733.2	1.1181
29733.8	1.05811
29734.4	1.019
29735	1.00738
29735.4	1.01556
29735.7	1.03451
29736	1.06728
29736.3	1.11379
29736.6	1.17696
29736.9	1.25918
29737.2	1.35936
29737.5	1.48245
29737.8	1.63131
29738.1	1.80261
29738.4	2.0114
29738.7	2.25583
29739	2.53969
29739.3	2.85529
29739.5	3.07323
29739.7	3.30914
29739.9	3.56399
29740	3.83869
29740.2	4.13423
29740.4	4.45154
29740.6	4.79158
29740.8	5.1553
29740.9	5.5214
29741.1	5.88669
29741.2	6.29757
29741.4	6.70631
29741.6	7.16467
29741.7	7.6193
29741.9	8.09697
29742.1	8.59816
29742.2	9.15691
29742.4	9.70789
29742.6	10.3203
29742.7	10.9225
29742.9	11.5898
29743	12.2439
29743.4	13.6281
29743.6	14.7324
29743.8	15.8926
29744.1	17.1076
29744.3	18.3756
29744.6	19.6946
29744.8	21.0618
29745.3	23.8663
29745.6	25.9225
29745.9	28.0364
29746.6	32.3788
29747.7	39.7616
29748.2	42.7782
29748.7	45.5621
29749.1	48.1751
29749.6	50.4575
29750	52.073
29750.5	53.7887
29751	55.1154
29751.2	55.7023
29751.5	56.1492
29751.8	56.4559
29752.1	56.6235
29752.4	56.6546
29752.6	56.5529
29752.9	56.3233
29753.2	55.9862
29753.6	55.3316
29753.9	54.5084
29754.3	53.4933
29754.7	52.361
29755.2	50.4631
29755.8	48.4116
29756.9	43.9657
29757.6	40.8639
29758.4	37.8635
29759.1	35.0462
29759.9	32.4627
29760.2	31.2514
29760.6	30.1367
29761	29.0858
29761.4	28.0976
29761.7	27.1461
29762.1	26.279
29762.5	25.4678
29762.9	24.7096
29763.4	23.674
29763.9	22.7544
29764.5	21.9069
29765	21.1529
29765.6	20.4556
29766.1	19.8325
29766.7	19.2635
29767.2	18.7422
29768	18.0875
29768.7	17.5022
29769.5	16.976
29770.2	16.5005
29771	16.0688
29771.7	15.6749
29773.2	14.9868
29774.1	14.6259
29775	14.2999
29776.7	13.7256
29778.5	13.2328
29780.2	12.8099
29781.8	12.4924
29783.2	12.2097
29786.2	11.7221
29789.2	11.3182
29792.2	10.9781
29795.5	10.6628
29798.7	10.3948
29802	10.1636
29805.3	9.96204
29811.2	9.65175
29817.2	9.40083
29823.2	9.19351
29829.2	9.01934
29835.2	8.87095
29841.2	8.743
29853.1	8.53374
29865.1	8.36948
29877	8.23717
29889	8.12823
29901	8.0371
29916.2	7.94048
29931.4	7.86048
29961.9	7.7356
29992.3	7.64236
30022.8	7.57028
30053.2	7.51314
30083.7	7.46644
30101.1	7.44356
30148.9	7.3916
30196.8	7.3519
30244.6	7.32138
30292.5	7.29829
30340.3	7.28169
30388.2	7.27126
30436	7.26734
30483.9	7.27116
30510	7.2773
30536.1	7.28723
30562.2	7.30192
30588.3	7.32289
30610	7.34683
30631.8	7.37878
30653.6	7.42188
30675.3	7.48076
30699.2	7.57385
30711.2	7.63672
30723.2	7.7151
30734.6	7.80932
30746	7.92933
30757.4	8.0852
30768.8	8.29193
30774.8	8.42839
30780.8	8.59063
30786.8	8.78527
30792.8	9.02135
30798.7	9.31183
30801.7	9.48225
30804.7	9.67317
30807.7	9.88796
30810.7	10.1307
30813.7	10.4063
30816.7	10.7209
30818.7	10.9617
30820.8	11.2269
30822.8	11.5197
30824.8	11.8441
30826.9	12.2049
30828.9	12.6076
30831	13.0589
30833	13.5639
30834.5	13.9782
30836	14.4292
30837.5	14.928
30839	15.4736
30840.5	16.0801
30842	16.7471
30843.5	17.4926
30845	18.3174
30846.5	19.2447
30848	20.284
30849.5	21.4523
30850.9	22.7601
30852.4	24.2481
30853.2	25.0648
30853.9	25.9228
30854.7	26.8492
30855.4	27.8371
30856.2	28.8908
30856.9	29.9996
30857.6	31.1486
30858.4	32.3715
30859.1	33.6727
30859.8	35.0368
30860.5	36.5067
30861.2	38.0456
30861.9	39.7007
30862.6	41.4294
30863.4	43.283
30864.1	45.2117
30864.8	47.2704
30865.5	49.4009
30866.9	53.9821
30868.4	58.906
30871.1	68.7701
30872.4	73.696
30873.8	78.3649
30875.1	82.5526
30875.8	84.4067
30876.5	86.0294
30877.1	87.4434
30877.8	88.5847
30878.5	89.4682
30879.2	90.0535
30880	90.3718
30880.7	90.2924
30881.4	89.9085
30882	89.2277
30882.7	88.2787
30883.4	87.0505
30884.1	85.5998
30884.7	83.9076
30885.4	82.05
30886.8	77.8456
30888.1	73.2142
30890.8	63.5067
30892.7	56.9983
30893.6	53.9048
30894.5	50.9909
30895.5	48.2067
30896.4	45.6178
30897.4	43.1702
30898.3	40.9136
30899.2	38.9685
30900	37.1538
30900.9	35.4632
30901.7	33.8895
30902.6	32.4257
30903.5	31.0642
30904.3	29.7981
30905.2	28.6334
30906	27.5857
30906.8	26.6069
30907.6	25.6919
30908.4	24.836
30909.3	24.0347
30910.1	23.284
30911.7	21.9273
30913.3	20.7226
30915	19.6623
30916.6	18.7143
30918.2	17.874
30920	17.0828
30921.7	16.3764
30923.4	15.7434
30925.1	15.1776
30926.8	14.6641
30928.5	14.2021
30930.3	13.7804
30932	13.3988
30934	12.9887
30936	12.6194
30938.1	12.2859
30940.1	11.9852
30942.1	11.7105
30944.1	11.4613
30948.2	11.0236
30951.6	10.7067
30955.1	10.4304
30958.5	10.1884
30961.9	9.97511
30965.3	9.78636
30968.8	9.61855
30975.6	9.33452
30982.5	9.10495
30989.3	8.91709
30996.2	8.76174
31003.1	8.63218
31015.5	8.44716
31028	8.30937
31040.5	8.20586
31053	8.12778
31075.4	8.03334
31097.9	7.98125
31102.9	7.97423
31112.8	7.96421
31142.8	7.96247
31172.7	7.99847
31200.1	8.06311
31227.6	8.16064
31255	8.29759
31282.5	8.48564
31298.7	8.62824
31314.9	8.80044
31331.1	9.01177
31347.3	9.27312
31361	9.5454
31374.8	9.87934
31381.6	10.0754
31388.5	10.2951
31395.3	10.5423
31402.2	10.8219
31411.6	11.2669
31416.2	11.5222
31420.9	11.8029
31425.6	12.1129
31430.3	12.4574
31435	12.8415
31439.6	13.2703
31443	13.6185
31446.5	13.9989
31449.9	14.4155
31453.3	14.8731
31456.8	15.3775
31460.2	15.9353
31463.6	16.5543
31467.1	17.2419
31470.2	17.9398
31473.3	18.7154
31476.4	19.5809
31479.5	20.5472
31482.6	21.6375
31485.8	22.8695
31488.9	24.2682
31490.4	25.0399
31492	25.8603
31493.7	26.8397
31495.4	27.8991
31497.2	29.0473
31498.9	30.2862
31500.6	31.6414
31502.3	33.1095
31504	34.7217
31505.7	36.4755
31507.4	38.4097
31509.2	40.5226
31510.9	42.8627
31512.6	45.4294
31514.3	48.2835
31516	51.4257
31517.7	54.9311
31519.4	58.8008
31521.1	63.0731
31522.8	67.8164
31524.5	73.0786
31526.2	78.9053
31527.9	85.336
31529.6	92.3969
31531.3	100.092
31533	108.392
31534.9	117.965
31536.7	127.973
31540.4	147.997
31542.2	157.183
31543.1	161.327
31544.1	165.076
31545	168.359
31545.9	171.11
31546.8	173.271
31547.7	174.78
31548.9	175.729
31550	175.619
31550.9	174.742
31551.8	173.172
31552.8	170.938
31553.7	168.082
31554.6	164.658
31555.5	160.73
31556.4	156.367
31557.4	151.643
31559.2	141.411
31561	130.607
31562.9	119.729
31564.7	109.22
31566.2	100.977
31567.7	93.2741
31569.2	86.1098
31570.7	79.5044
31572.2	73.4548
31573.7	67.9408
31575.2	62.9322
31576.7	58.3925
31578.2	54.3094
31579.7	50.6364
31581.2	47.3087
31582.6	44.2924
31584.1	41.5384
31585.6	39.0549
31587.1	36.7964
31588.6	34.7398
31590.1	32.864
31591.5	31.1505
31593	29.5827
31594.5	28.1461
31596	26.8274
31597.5	25.6151
31598.9	24.4989
31600.4	23.4693
31601.9	22.5118
31603.4	21.6318
31604.9	20.8161
31606.3	20.0586
31607.8	19.3545
31609.3	18.6989
31610.8	18.088
31612.3	17.5178
31613.8	16.9851
31615.2	16.4867
31618.2	15.5825
31621.2	14.7858
31624.1	14.0811
31627.1	13.453
31630	12.8951
31633	12.3959
31636	11.9478
31638.9	11.543
31641.9	11.1786
31644.9	10.8487
31647.8	10.5491
31651.9	10.1829
31655.9	9.85958
31659.9	9.57304
31664	9.31885
31668	9.091
31672	8.88639
31676.1	8.70228
31680.1	8.53665
31686	8.3212
31692	8.13468
31697.9	7.97187
31703.8	7.82958
31715.7	7.59391
31727.5	7.4093
31741.5	7.23934
31755.5	7.10809
31769.5	7.00595
31783.5	6.92507
31807.2	6.82402
31830.9	6.75501
31854.6	6.70801
31878.3	6.67674
31895.5	6.6615
31930	6.64556
31964.4	6.64459
31998.9	6.65559
32033.4	6.67733
32080.7	6.7247
32128.1	6.79472
32175.5	6.89314
32222.9	7.03019
32253	7.14515
32283.2	7.28808
32313.4	7.46957
32343.5	7.70203
32367.2	7.93283
32379.1	8.06842
32390.9	8.22007
32402.8	8.39055
32414.6	8.58283
32426.5	8.80056
32438.3	9.04803
32446.9	9.25011
32455.5	9.47319
32464.1	9.72078
32472.8	9.99575
32481.4	10.3018
32490	10.644
32498.6	11.0303
32507.2	11.4659
32513.1	11.7992
32519.1	12.1628
32525	12.5617
32530.9	12.999
32536.8	13.4812
32542.8	14.0126
32548.7	14.601
32554.6	15.2544
32560.5	15.9837
32566.4	16.7979
32572.4	17.7117
32578.3	18.7411
32584.2	19.9077
32587.2	20.548
32590.1	21.2313
32593.1	21.9612
32596.1	22.7421
32599	23.5783
32602	24.4749
32605.5	25.6234
32609	26.8698
32612.5	28.2295
32616	29.718
32619.5	31.3513
32623	33.1458
32626.5	35.1206
32630	37.2981
32633	39.3164
32635.9	41.515
32638.9	43.913
32641.8	46.5315
32644.8	49.3936
32647.8	52.5248
32650.7	55.9524
32653.7	59.7056
32656.8	63.9898
32659.8	68.679
32662.9	73.8209
32666	79.4469
32669	85.5824
32672.1	92.2422
32675.2	99.4247
32678.2	107.105
32682.2	117.667
32686.2	128.7
32690.2	139.828
32694.1	150.517
32696.1	155.498
32698.1	160.08
32700.1	164.213
32702.1	167.762
32704	170.68
32706	172.864
32708	174.279
32710	174.877
32712	174.648
32714	173.597
32716	171.756
32718	169.193
32719.9	165.951
32721.9	162.144
32723.9	157.823
32725.9	153.126
32729.9	142.858
32733.8	132.081
32737.8	121.309
32741.8	110.928
32744.7	103.652
32747.7	96.7966
32750.6	90.3917
32753.5	84.4649
32756.5	78.969
32759.4	73.9244
32762.3	69.2728
32765.3	65.0191
32768.1	61.3102
32770.8	57.8951
32773.6	54.7503
32776.4	51.8633
32779.2	49.1922
32781.9	46.7283
32784.7	44.4533
32787.5	42.358
32791.3	39.7414
32795.1	37.3832
32798.9	35.2544
32802.7	33.3285
32806.4	31.5798
32810.2	29.9868
32814	28.5333
32817.8	27.2084
32820.6	26.3058
32823.4	25.4587
32828.9	23.9167
32834.5	22.5471
32840	21.3299
32845.6	20.2401
32851.1	19.2641
32856.7	18.3839
32862.2	17.5903
32867.8	16.8698
32873.4	16.2151
32878.9	15.6183
32884.5	15.0738
32890	14.574
32895.6	14.1158
32901.1	13.693
32906.7	13.3036
32916.3	12.6982
32925.9	12.1674
32935.5	11.6964
32945.1	11.2783
32954.7	10.9049
32964.3	10.5704
32973.9	10.269
32983.5	9.99681
32994.6	9.71267
33005.7	9.45792
33016.8	9.2283
33027.9	9.02051
33050.1	8.6596
33072.3	8.35759
33100.6	8.0384
33128.9	7.77516
33157.2	7.55491
33185.5	7.36666
33229.9	7.12099
33274.4	6.92002
33318.8	6.75096
33363.3	6.60524
33419.8	6.44396
33476.4	6.30156
33533	6.17211
33589.6	6.0506
33670.4	5.8847
33751.2	5.72066
33832	5.55189
33912.8	5.37254
33989.6	5.18573
34066.4	4.97691
34143.1	4.73746
34181.5	4.60311
34219.9	4.45641
34264.3	4.26846
34308.8	4.05734
34331	3.94167
34353.2	3.81815
34375.5	3.68605
34397.7	3.54454
34428	3.33404
34458.3	3.10077
34473.5	2.97484
34488.6	2.8415
34503.8	2.70055
34518.9	2.55146
34530	2.43654
34541.1	2.31683
34552.2	2.19206
34563.3	2.06203
34574.5	1.92661
34585.6	1.78573
34596.7	1.63938
34607.8	1.4877
34617.9	1.3453
34628	1.19933
34638.1	1.05029
34648.2	0.89919
34658.3	0.747804
34668.4	0.598075
34673.5	0.524699
34678.5	0.45307
34683.6	0.383853
34688.6	0.317759
34692.7	0.267604
34696.7	0.220681
34700.7	0.177483
34704.8	0.138697
34708.8	0.10513
34710.8	0.0906196
34712.9	0.0778209
34714.9	0.0668863
34716.9	0.057971
34718.9	0.0512404
34720.9	0.0468784
34722.5	0.0452814
34724	0.045232
34725.9	0.0474997
34727.8	0.0525233
34729.7	0.0605734
34731.5	0.0717925
34733.4	0.0865443
34735.3	0.104937
34737.2	0.127328
34739.1	0.154031
34740.5	0.176621
34741.9	0.201874
34743.3	0.229943
34744.7	0.260991
34746.1	0.29519
34747.4	0.332721
34748.8	0.373777
34750.2	0.418561
34751.6	0.46729
34753	0.52019
34754.4	0.577503
34755.8	0.639482
34757.2	0.706396
34758.6	0.778529
34760	0.856186
34761.3	0.939071
34762.9	1.03745
34764.4	1.14302
34765.9	1.2577
34767.4	1.38054
34768.9	1.51377
34770.4	1.65624
34772	1.81051
34773.5	1.97527
34774.9	2.13771
34776.2	2.31112
34777.6	2.49617
34779	2.69357
34780.4	2.90408
34781.8	3.1285
34783.2	3.36767
34784.6	3.62063
34786	3.89198
34787.3	4.18098
34788.7	4.48871
34790.1	4.81632
34791.5	5.16503
34792.9	5.53614
34794.3	5.93099
34795.7	6.34794
34797.1	6.79452
34798.5	7.26943
34799.8	7.77436
34801.2	8.3111
34802.6	8.88152
34804	9.4876
34805.4	10.1314
34806.8	10.8101
34808.7	11.8072
34810.6	12.8819
34812.5	14.0511
34814.3	15.3083
34816.2	16.6725
34818.1	18.1353
34820	19.7097
34821.9	21.4012
34823.1	22.5834
34824.3	23.8097
34825.6	25.1013
34826.8	26.4378
34828	27.8416
34829.3	29.2899
34831.7	32.3518
34834.2	35.6397
34836.7	39.1108
34839.1	42.768
34841.6	46.5464
34846.2	53.8223
34850.8	60.9832
34853.1	64.3743
34855.4	67.5537
34857.7	70.4598
34860	73.0379
34861.7	74.6595
34863.3	76.0677
34864.9	77.2702
34866.6	78.2468
34868.2	79.0074
34869.9	79.5444
34871.5	79.8695
34873.2	79.9866
34875.2	79.8645
34877.2	79.4708
34879.2	78.8325
34881.2	77.983
34883.2	76.9437
34885.3	75.7548
34889.3	73.0229
34893.3	69.9881
34897.4	66.8205
34905.4	60.5055
34910	57.1127
34914.6	53.9313
34919.1	50.9688
34923.7	48.2425
34928.2	45.734
34932.8	43.4422
34937.4	41.3416
34941.9	39.4253
34946.5	37.6684
34951.1	36.0632
34955.6	34.5881
34960.2	33.2364
34964.8	31.9901
34969.3	30.844
34973.9	29.7855
34978.5	28.8062
34983	27.8963
34987.6	27.0532
34992.1	26.2687
34996.7	25.5374
35005.8	24.2142
35015	23.0543
35023.2	22.1188
35031.6	21.278
35039.8	20.5187
35048.1	19.8319
35056.4	19.2067
35064.7	18.6363
35073	18.114
35081.3	17.6348
35097.9	16.7846
35114.5	16.0557
35131.1	15.4247
35147.7	14.8742
35161.8	14.4592
35175.9	14.0869
35190	13.7514
35204.1	13.4504
35213.2	13.2729
35222.4	13.1089
35231.5	12.959
35240.6	12.8246
35248.1	12.7279
35255.6	12.646
35263	12.5837
35270.5	12.5487
35275.5	12.5473
35280.5	12.5719
35285.4	12.6346
35287.9	12.6862
35290.4	12.7559
35293.5	12.8773
35296.6	13.0515
35299.7	13.3037
35301.3	13.4721
35302.8	13.677
35304.9	14.0308
35306	14.2523
35307	14.5099
35308	14.8178
35309.1	15.1864
35310.1	15.6326
35311.2	16.174
35311.7	16.5337
35312.3	16.9342
35312.9	17.3893
35313.4	17.9087
35314	18.5037
35314.6	19.1877
35315.1	19.976
35315.7	20.8867
35316.2	21.841
35316.8	22.9306
35317.3	24.1739
35317.8	25.59
35318.3	27.1989
35318.8	29.0202
35319.4	31.0728
35319.9	33.3266
35320.2	34.7196
35320.4	36.1434
35320.7	37.7008
35321	39.285
35321.6	42.7536
35322.1	46.5397
35322.7	50.6201
35323.3	54.9564
35323.9	59.4935
35324.4	64.1595
35325.6	73.5137
35326.1	77.9883
35326.7	82.1724
35327.3	86.3155
35327.7	88.1788
35328	89.8053
35328.3	91.2833
35328.6	92.5061
35328.9	93.5397
35329.2	94.3093
35329.6	94.9418
35330	95.1897
35330.1	95.1939
35330.4	95.0454
35330.7	94.6705
35331	94.0721
35331.3	93.256
35331.6	92.1926
35331.9	90.9606
35332.5	87.9459
35333	84.9393
35333.5	81.5606
35334	77.8879
35334.5	74.0807
35336.5	58.2255
35337.1	53.7287
35337.6	49.5313
35338.2	45.6016
35338.8	41.9709
35339.2	39.102
35339.7	36.4699
35340.2	34.0721
35340.7	31.9014
35341.2	29.9468
35341.7	28.1949
35342.2	26.6306
35342.7	25.2647
35343.2	24.0245
35343.6	22.9241
35344.1	21.9483
35344.6	21.0996
35345.1	20.3296
35345.6	19.6584
35346.1	19.0475
35346.6	18.5126
35347	18.0612
35347.5	17.6611
35348.3	16.9576
35349.2	16.37
35350.1	15.8787
35351	15.4542
35351.9	15.092
35352.8	14.7732
35353.7	14.4965
35354.8	14.1797
35356	13.9095
35357.1	13.6746
35358.3	13.4687
35360.6	13.125
35362.9	12.8499
35364.8	12.6565
35366.8	12.491
35370.7	12.2227
35374.6	12.0139
35378.4	11.8465
35382	11.7192
35385.5	11.6103
35389.1	11.515
35392.6	11.4308
35399.7	11.2869
35406.8	11.1669
35412.5	11.083
35418.1	11.0074
35429.5	10.8745
35440.8	10.759
35452.2	10.6563
35467.7	10.5302
35483.3	10.4176
35498.9	10.3157
35514.5	10.2229
35531.5	10.1308
35547.1	10.0545
35562.7	9.98657
35578.3	9.92811
35593.9	9.88202
35605.2	9.85954
35614.4	9.85122
35623.6	9.85611
35628.2	9.86573
35632.9	9.88185
35637.5	9.90638
35642.1	9.94199
35647	9.99745
35652	10.0782
35656.9	10.1971
35659.4	10.2773
35661.9	10.3761
35665.1	10.541
35668.3	10.7655
35669.9	10.9095
35671.5	11.0804
35673.1	11.2879
35674.7	11.5397
35675.6	11.7237
35676.6	11.9324
35677.6	12.1759
35678.6	12.456
35679.5	12.7877
35680.5	13.1758
35681.5	13.6435
35682.5	14.2006
35683	14.5884
35683.6	15.0248
35684.2	15.517
35684.8	16.0629
35685.3	16.6908
35685.9	17.3885
35686.5	18.1912
35687.1	19.0822
35687.6	19.9375
35688	20.8828
35688.5	21.9246
35689	23.0445
35689.5	24.2941
35690	25.6259
35690.5	27.0973
35691	28.6481
35691.4	30.0211
35691.8	31.4644
35692.6	34.5419
35693.4	37.8246
35694.2	41.1866
35695.4	46.5676
35696.1	49.123
35696.7	51.4386
35697.1	52.8361
35697.5	54.0644
35697.9	55.1647
35698.3	56.0683
35698.8	56.8047
35699.2	57.3275
35699.6	57.6484
35700	57.7623
35700.1	57.7548
35700.5	57.6001
35700.9	57.2493
35701.3	56.7077
35701.7	55.9833
35702.1	55.0869
35702.5	54.0316
35702.9	52.8324
35703.3	51.5058
35703.8	49.9579
35704.2	48.3062
35705	44.8263
35706.7	37.6024
35707.7	33.8693
35708.1	32.1055
35708.6	30.4608
35709	28.8695
35709.5	27.4055
35709.9	26.0064
35710.4	24.7335
35710.9	23.5292
35711.3	22.4433
35711.8	21.4239
35712.2	20.5108
35712.7	19.6584
35713.1	18.8985
35713.6	18.1915
35714	17.5629
35714.4	17.0766
35714.8	16.6391
35715.5	15.8602
35716.3	15.1844
35717	14.612
35717.8	14.1119
35718.5	13.6847
35719.2	13.3077
35720	12.9822
35721	12.6028
35722	12.2832
35723	12.0086
35724	11.7707
35725	11.561
35725.9	11.3787
35727.9	11.0742
35729.8	10.8475
35731.6	10.6613
35733.4	10.5053
35735.2	10.373
35738.9	10.1615
35742.5	10.001
35745.6	9.8906
35748.8	9.79987
35751.9	9.72368
35755.1	9.65875
35761.4	9.55368
35767.6	9.47221
35773.6	9.40966
35779.6	9.35737
35785.5	9.31246
35791.5	9.27309
35803.4	9.20645
35815.3	9.15101
35826.6	9.10545
35837.8	9.06472
35849.1	9.02762
35860.3	8.99313
35882.8	8.93032
35905.3	8.87368
35934.5	8.80701
35963.6	8.74615
35992.7	8.69002
36021.8	8.638
36050.9	8.58976
36080.1	8.54525
36109.2	8.50471
36138.3	8.4688
36159.5	8.44634
36180.7	8.42802
36199.2	8.41664
36217.8	8.41136
36236.3	8.41558
36245.6	8.42283
36254.8	8.43482
36266.1	8.45804
36277.3	8.49462
36288.6	8.55086
36299.8	8.63811
36306.8	8.71559
36313.7	8.81966
36320.7	8.96188
36327.6	9.16052
36331.3	9.29685
36334.9	9.46364
36338.6	9.66995
36342.2	9.92848
36345.7	10.2412
36347.4	10.4285
36349.2	10.6412
36350.9	10.8841
36352.6	11.1628
36354.4	11.4845
36356.1	11.856
36357.9	12.3149
36359.8	12.8603
36360.7	13.1721
36361.6	13.5143
36362.5	13.891
36363.4	14.3016
36364.3	14.7607
36365.2	15.27
36366.1	15.8363
36367	16.468
36367.9	17.1745
36368.8	17.9667
36369.8	18.8571
36370.7	19.8601
36371.6	21.0049
36372.5	22.2846
36373.4	23.7302
36374.3	25.3617
36374.8	26.2637
36375.2	27.1995
36375.7	28.213
36376.1	29.2622
36376.6	30.3956
36377	31.5655
36377.9	34.1193
36378.8	36.8287
36379.7	39.7301
36380.6	42.8687
36381.5	46.1369
36383.2	52.9808
36384.1	56.402
36384.9	59.6444
36385.6	61.8796
36386.2	63.9091
36386.8	65.7288
36387.5	67.3012
36388.1	68.5926
36388.7	69.5746
36389.4	70.2254
36390	70.5308
36390.4	70.5392
36390.8	70.3968
36391.2	70.1075
36391.6	69.6746
36392.5	68.3981
36393.3	66.6198
36394.1	64.38
36394.9	61.8146
36395.8	58.9863
36396.6	55.983
36399.1	46.6416
36400.3	42.221
36400.9	40.1387
36401.5	38.1563
36402.5	35.3259
36403.4	32.78
36404.4	30.4617
36405.3	28.4088
36406.3	26.5605
36407.2	24.9362
36408.2	23.4802
36409.1	22.2027
36410.1	21.0568
36411	20.039
36411.9	19.1329
36412.9	18.3324
36413.8	17.608
36414.8	16.9579
36415.7	16.3727
36416.7	15.8498
36417.6	15.3709
36418.6	14.9362
36419.5	14.5403
36420.5	14.1826
36422.4	13.5507
36424.2	13.0158
36426	12.5973
36427.7	12.2323
36429.4	11.912
36431.1	11.6292
36432.9	11.3782
36434.6	11.1545
36438	10.7748
36441.8	10.4361
36445.6	10.1617
36449.3	9.93554
36453.1	9.74664
36459.3	9.49753
36465.5	9.3037
36471.7	9.14901
36477.9	9.02327
36485.5	8.89864
36493	8.7978
36500.6	8.71469
36508.2	8.64527
36523.3	8.53521
36538.4	8.45188
36553.6	8.38634
36568.7	8.3332
36592.1	8.2677
36615.5	8.21598
36638.9	8.17334
36662.3	8.13726
36692.5	8.09756
36722.8	8.06367
36753.1	8.03412
36783.3	8.008
36835.6	7.96928
36887.9	7.93702
36940.2	7.91032
36992.5	7.88874
37036.5	7.87462
37097.1	7.86169
37157.6	7.85744
37218.1	7.86406
37278.7	7.88536
37350.2	7.93856
37386	7.98214
37421.8	8.04216
37452	8.11041
37482.3	8.20063
37512.6	8.3213
37542.8	8.48555
37559.3	8.60007
37575.9	8.73903
37592.4	8.90881
37608.9	9.11867
37624	9.35747
37639.2	9.6551
37646.7	9.83224
37654.3	10.0325
37661.9	10.2601
37669.4	10.5196
37679.1	10.9074
37688.7	11.3732
37693.5	11.6432
37698.3	11.9421
37703.1	12.2752
37707.9	12.6461
37711.7	12.9694
37715.5	13.3228
37719.3	13.7122
37723.1	14.1404
37726.9	14.6151
37730.7	15.1402
37734.4	15.7246
37738.2	16.3774
37741.7	17.04
37745.1	17.7779
37748.5	18.6026
37752	19.5278
37755.4	20.5697
37758.9	21.7476
37762.3	23.085
37764	23.8225
37765.7	24.6115
37767.6	25.5488
37769.5	26.5563
37771.4	27.6465
37773.3	28.8278
37775.2	30.11
37777.1	31.5038
37779	33.0214
37780.9	34.6763
37782.8	36.494
37784.7	38.4723
37786.6	40.6395
37788.4	43.0167
37790.3	45.6271
37792.2	48.4961
37794.1	51.651
37796	55.1208
37797.9	58.9987
37799.8	63.24
37801.8	67.9176
37803.7	73.0065
37805.6	78.5745
37807.5	84.5644
37809.4	91.0187
37811.3	97.822
37816	115.448
37818.3	124.247
37820.7	132.436
37821.8	136.176
37823	139.58
37824.2	142.582
37825.3	145.102
37826.5	147.129
37827.7	148.595
37828.8	149.466
37830	149.722
37831.2	149.361
37832.3	148.386
37833.5	146.82
37834.7	144.696
37835.8	142.062
37837	138.972
37838.2	135.49
37839.3	131.712
37841.7	123.374
37844	114.532
37846.4	105.546
37848.7	96.8268
37851	88.5003
37853.4	80.8164
37854.6	77.1945
37855.7	73.7751
37856.9	70.5267
37858.1	67.4469
37859.2	64.5075
37860.4	61.7532
37861.6	59.1522
37862.8	56.698
37863.9	54.3644
37865.1	52.1838
37866.3	50.1285
37867.4	48.1915
37868.7	46.2451
37869.9	44.4317
37871.2	42.7279
37872.4	41.1264
37873.7	39.6085
37874.9	38.1922
37876.1	36.8588
37877.4	35.6028
37879.9	33.2935
37882.4	31.2452
37884.8	29.4154
37887.3	27.7763
37889.8	26.2983
37892.3	24.9724
37894.8	23.7748
37897.2	22.6901
37899.7	21.7051
37902.2	20.8085
37904.7	19.9902
37907.2	19.2419
37910.3	18.3778
37913.5	17.6017
37916.7	16.9026
37919.8	16.2711
37923	15.6987
37926.1	15.178
37929.3	14.7028
37932.4	14.2681
37937.4	13.6564
37942.4	13.1202
37947.4	12.6477
37952.3	12.2302
37957.3	11.8581
37962.2	11.5263
37967.2	11.2282
37972.2	10.9603
37977.2	10.7179
37982.1	10.4986
37992	10.1171
38002	9.79824
38011.9	9.52911
38020.9	9.31976
38030	9.1372
38039	8.97697
38048	8.83595
38066.1	8.5997
38084.1	8.41084
38104	8.24341
38123.8	8.10779
38143.7	7.99613
38163.6	7.90291
38197.9	7.77441
38232.2	7.6749
38266.5	7.5959
38300.8	7.53157
38351.3	7.45577
38401.9	7.39561
38441.6	7.35605
38481.3	7.32148
38521	7.2908
38540.9	7.27671
38560.8	7.2634
38575.2	7.25422
38589.7	7.24552
38604.1	7.23736
38618.5	7.2299
38629.4	7.22491
38640.2	7.22063
38651	7.21719
38661.9	7.21521
38672.7	7.2153
38683.5	7.21861
38694.4	7.22707
38699.8	7.23421
38705.2	7.24428
38713.3	7.26747
38717.4	7.28423
38721.4	7.30592
38725.5	7.33425
38729.6	7.37151
38733.6	7.42152
38737.7	7.49019
38741.8	7.58721
38743.8	7.65076
38745.8	7.72813
38747.9	7.8235
38749.9	7.94274
38751.9	8.09445
38754	8.29154
38755.1	8.42801
38756.2	8.5897
38757.3	8.78351
38758.5	9.01669
38759.6	9.30683
38760.2	9.47995
38760.7	9.67155
38761.3	9.89238
38761.8	10.1393
38762.4	10.4215
38763	10.7454
38763.6	11.1697
38764.2	11.6618
38764.5	11.9402
38764.8	12.243
38765.2	12.5726
38765.5	12.9314
38765.8	13.3222
38766.1	13.7477
38766.4	14.2111
38766.7	14.7154
38767	15.264
38767.3	15.8602
38767.6	16.5077
38767.9	17.2098
38768.4	18.2809
38768.8	19.4442
38769.2	20.7638
38769.6	22.1859
38770.1	23.7849
38770.5	25.4914
38770.9	27.344
38771.3	29.3434
38771.6	30.9122
38771.9	32.558
38772.3	34.2779
38772.6	36.068
38773.2	39.8376
38773.8	43.747
38774.9	51.2666
38775.5	55.0457
38776.1	58.6377
38776.7	62.7091
38777.1	64.5785
38777.4	66.2621
38777.9	68.6532
38778.5	70.6036
38779	72.0595
38779.5	72.9681
38780	73.3284
38780.1	73.3439
38780.3	73.2965
38780.6	73.1218
38781.1	72.3988
38781.6	71.1673
38782.1	69.5082
38782.5	68.1036
38782.8	66.5181
38783.2	64.7709
38783.5	62.8823
38784	60.2208
38784.4	57.4637
38785.3	51.6135
38786.6	43.4566
38787.2	39.5693
38787.8	35.9062
38788.2	34.1477
38788.5	32.5158
38788.8	30.9574
38789.1	29.4746
38789.4	28.0244
38789.7	26.6978
38790	25.4477
38790.3	24.273
38790.6	23.241
38790.9	22.2718
38791.2	21.3634
38791.5	20.5419
38791.8	19.7463
38792.1	19.0289
38792.4	18.3359
38792.6	17.7126
38792.9	17.1118
38793.2	16.5723
38793.5	16.053
38793.8	15.5871
38794.1	15.1391
38794.3	14.7374
38794.9	14.0046
38795.3	13.5836
38795.7	13.2007
38796	12.852
38796.4	12.5342
38797.1	11.9785
38797.9	11.512
38798.6	11.117
38799.4	10.7799
38800.1	10.4894
38800.8	10.2372
38802.1	9.87699
38803.3	9.58597
38804.6	9.34286
38805.9	9.14005
38807.1	8.96602
38808.4	8.81752
38810.9	8.57485
38813.3	8.394
38815.7	8.24951
38818.1	8.1309
38820.5	8.03287
38822.9	7.95009
38825.2	7.88
38830	7.76737
38834.2	7.69247
38838.3	7.63192
38842.4	7.58202
38846.5	7.5403
38854.7	7.47445
38862.9	7.42509
38871.1	7.38675
38879.3	7.35626
38887.5	7.33122
38895.7	7.31021
38903.9	7.29234
38912.2	7.27691
38928.6	7.25144
38945	7.23107
38961.4	7.2143
38977.9	7.19991
38994.3	7.18737
39010.7	7.17621
39027.1	7.16617
39060	7.14853
39103.8	7.12856
39147.6	7.11132
39191.4	7.0958
39235.2	7.0817
39278.9	7.06855
39351.9	7.04841
39388.4	7.03897
39424.9	7.02993
39448.7	7.02428
39472.4	7.01883
39496.1	7.01366
39519.8	7.00879
39543.6	7.0046
39555.4	7.00287
39567.3	7.00154
39579.1	7.00076
39591	7.00079
39602.9	7.00187
39614.7	7.00492
39621.6	7.00799
39628.4	7.01243
39635.3	7.01877
39642.1	7.0277
39649	7.04044
39655.8	7.0591
39662.6	7.08693
39666.1	7.10594
39669.5	7.1297
39672.2	7.1532
39674.9	7.18191
39677.7	7.21741
39680.4	7.26171
39683.2	7.31821
39685.9	7.39127
39688.6	7.4878
39691.4	7.61833
39693.9	7.78429
39695.1	7.89166
39696.4	8.01996
39697.7	8.17791
39698.9	8.37234
39700.2	8.62005
39700.8	8.76935
39701.4	8.93695
39702.2	9.17268
39702.9	9.44836
39703.6	9.77677
39704.4	10.1699
39704.8	10.4016
39705.1	10.6492
39705.5	10.9209
39705.9	11.2189
39706.2	11.5457
39706.6	11.9039
39707	12.2962
39707.4	12.7253
39707.9	13.3959
39708.4	14.1367
39708.9	14.9668
39709.4	15.8922
39709.9	16.9388
39710.4	18.0699
39710.9	19.3058
39711.5	20.6452
39712.1	22.4364
39712.7	24.3639
39713.3	26.4042
39714	28.4904
39715.2	32.7638
39715.8	34.8484
39716.5	36.7791
39717.1	38.6113
39717.8	40.1617
39718.1	40.8443
39718.4	41.4218
39718.7	41.9106
39719	42.3061
39719.5	42.7168
39720	42.901
39720.1	42.9104
39720.4	42.876
39720.7	42.7517
39721	42.5391
39721.3	42.2401
39721.9	41.378
39722.5	40.224
39723.1	38.9583
39723.6	37.54
39724.1	35.9512
39724.7	34.287
39726.8	27.146
39727.6	24.8074
39728.3	22.6489
39728.7	21.6225
39729	20.6715
39729.4	19.7448
39729.8	18.8936
39730.3	17.7109
39730.8	16.6395
39731.4	15.6758
39731.9	14.829
39732.4	14.0606
39733	13.3796
39733.5	12.7781
39734.1	12.2571
39734.5	11.8301
39735	11.4498
39735.5	11.1111
39736	10.8092
39736.5	10.5396
39737	10.2985
39737.5	10.0823
39738	9.89177
39738.9	9.55766
39739.9	9.28298
39740.9	9.05434
39741.9	8.86352
39743.4	8.61156
39745	8.41295
39746.6	8.25103
39748.1	8.11845
39749.7	8.00687
39751.3	7.91301
39754.4	7.76284
39757.5	7.64918
39760.7	7.56078
39763.8	7.49047
39766.9	7.43343
39770	7.38635
39773.2	7.34694
39779.4	7.28504
39785.7	7.23898
39791.9	7.20361
39798.2	7.1758
39804.5	7.15336
39810.7	7.13483
39817	7.11933
39829.5	7.09501
39838.9	7.0809
39848.3	7.06929
39860.8	7.05675
39873.3	7.0466
39885.8	7.03816
39909.3	7.02571
39932.8	7.01631
39956.2	7.00898
39979.7	7.00321
40026.7	6.99468
40073.6	6.98929
40123.7	6.98621
40173.8	6.98557
40242.6	6.98862
40311.4	6.99657
40380.3	7.01024
40449.2	7.03104
40518	7.0611
40586.8	7.1034
40655.7	7.16239
40724.5	7.24516
40765.2	7.30997
40805.9	7.38966
40846.6	7.49032
40887.3	7.61839
40921.7	7.75566
40956.1	7.92881
40990.6	8.15114
41007.8	8.28662
41025	8.4426
41043.8	8.64055
41062.5	8.87613
41081.3	9.15849
41100.1	9.50057
41117.3	9.88254
41125.9	10.104
41134.5	10.3494
41143.1	10.6231
41151.7	10.9289
41160.3	11.2727
41168.9	11.6602
41175.2	11.9745
41181.5	12.3199
41187.7	12.7007
41194	13.1216
41200.2	13.5876
41206.5	14.1067
41212.8	14.6882
41219	15.3405
41223.3	15.8381
41227.6	16.3785
41231.9	16.9683
41236.2	17.6134
41240.5	18.3226
41244.8	19.1008
41249.1	19.959
41253.4	20.9082
41257.7	21.9638
41262	23.1361
41266.3	24.4453
41270.6	25.9125
41274.9	27.5665
41277.1	28.4694
41279.2	29.4295
41281.4	30.4514
41283.6	31.5402
41285.7	32.7011
41287.8	33.94
41290.6	35.6419
41293.3	37.4947
41296.1	39.5144
41298.8	41.7197
41301.6	44.1313
41304.3	46.7712
41307	49.6624
41309.8	52.8169
41312	55.6135
41314.2	58.6224
41316.4	61.8569
41318.7	65.3131
41320.9	69.0323
41323.1	72.9883
41325.3	77.2196
41327.6	81.6845
41331.1	89.2484
41334.6	97.2847
41341.6	113.99
41345.1	121.958
41346.9	125.636
41348.7	128.998
41350.4	132.014
41352.2	134.583
41353.9	136.67
41355.7	138.199
41357.8	139.275
41360	139.412
41361.8	138.819
41363.5	137.606
41365.3	135.801
41367	133.463
41368.8	130.619
41370.5	127.344
41372.3	123.71
41374.1	119.81
41377.6	111.384
41381.1	102.633
41384.6	93.9214
41388.1	85.598
41390.5	80.1974
41392.9	75.0978
41395.3	70.3182
41397.8	65.8643
41400.2	61.7322
41402.6	57.9111
41405	54.3859
41407.4	51.1389
41409.8	48.163
41412.2	45.4253
41414.6	42.9072
41417	40.591
41419.4	38.46
41421.8	36.4982
41424.2	34.6905
41426.6	33.0292
41428.8	31.6115
41431	30.2917
41433.2	29.0619
41435.4	27.9151
41437.6	26.845
41439.8	25.8453
41442	24.9107
41444.2	24.0397
41446.4	23.22
41448.6	22.4512
41450.8	21.7295
41453	21.0515
41457.4	19.8134
41461.8	18.7165
41466.2	17.7368
41470.6	16.8608
41475	16.075
41479.4	15.3694
41483.8	14.731
41488.2	14.1544
41492.6	13.6298
41496.9	13.1534
41502.5	12.6056
41508.1	12.1163
41513.7	11.6778
41519.3	11.2846
41524.9	10.9298
41530.5	10.6082
41536.1	10.3156
41541.7	10.0497
41550.5	9.67726
41559.3	9.35323
41568.1	9.06914
41576.9	8.81935
41585.7	8.59819
41594.5	8.40197
41603.3	8.22694
41612.1	8.07022
41621.7	7.91715
41631.3	7.78055
41650.4	7.54782
41669.6	7.35815
41688.8	7.20244
41706.4	7.08203
41724	6.97931
41759.2	6.81491
41794.3	6.69082
41829.5	6.5954
41880.7	6.49263
41931.8	6.4202
41983	6.36912
42034.2	6.33477
42085.3	6.31445
42155.7	6.30762
42226.1	6.32608
42296.4	6.37439
42366.8	6.46228
42411.5	6.54652
42456.3	6.6591
42501.1	6.81086
42523.5	6.90517
42545.8	7.0145
42581	7.22344
42598.6	7.34839
42616.2	7.48972
42633.8	7.64996
42651.4	7.83224
42669	8.04008
42686.5	8.27761
42701.7	8.51109
42716.9	8.775
42732.1	9.07414
42747.3	9.41438
42762.5	9.80299
42777.7	10.2488
42792.9	10.7594
42800.5	11.045
42808.1	11.3527
42816.9	11.7399
42825.7	12.163
42834.5	12.6271
42843.2	13.1363
42852	13.6972
42860.8	14.3152
42869.6	14.9984
42878.4	15.7557
42887.2	16.598
42896	17.5356
42904.8	18.5843
42913.6	19.7581
42922.4	21.0788
42926.8	21.8007
42931.2	22.566
42935.6	23.3816
42940	24.2497
42944.4	25.1742
42948.8	26.1573
42953.2	27.2084
42957.6	28.3305
42962	29.5292
42966.4	30.8077
42970.8	32.1784
42975.1	33.6423
42979.5	35.2137
42983.9	36.8936
42988.3	38.6986
42992.7	40.6342
42997.1	42.7103
43001.5	44.9321
43005.9	47.3201
43010.3	49.8743
43014.7	52.6169
43019.1	55.5459
43023.3	58.507
43027.4	61.6546
43031.6	64.9929
43035.7	68.5191
43039.9	72.2536
43044.1	76.1756
43048.2	80.2982
43052.4	84.5878
43060.7	93.5629
43069	102.819
43077.3	111.948
43081.4	116.285
43085.6	120.342
43091.7	125.627
43094.8	127.89
43097.8	129.855
43100.9	131.494
43103.9	132.782
43106.9	133.7
43110	134.236
43114.9	134.282
43118.9	133.591
43122.8	132.276
43126.8	130.379
43130.8	127.966
43134.7	125.092
43138.7	121.843
43146.6	114.49
43162.5	98.3217
43170.4	90.3137
43178.3	82.7193
43183.7	77.9043
43189	73.3677
43194.4	69.1112
43199.7	65.1362
43205.1	61.4346
43210.4	57.995
43215.7	54.8039
43221.1	51.846
43226.1	49.2542
43231.1	46.8477
43236.2	44.604
43241.2	42.5196
43246.2	40.5745
43251.3	38.7654
43256.3	37.0761
43261.3	35.5053
43266.4	34.0346
43271.4	32.6557
43276.5	31.3633
43281.5	30.154
43286.5	29.0168
43291.6	27.9506
43296.6	26.9457
43301.6	26.0013
43311.7	24.2672
43321.8	22.7203
43331.9	21.3324
43341.9	20.0815
43352	18.9475
43362.1	17.917
43372.2	16.975
43382.2	16.1099
43392.3	15.3116
43402.4	14.5715
43412.4	13.8819
43422.5	13.2361
43437.2	12.3628
43451.8	11.554
43466.4	10.7958
43481.1	10.0762
43503.1	9.04501
43525.1	8.04379
43547	7.04486
43558	6.54181
43569	6.03866
43578.2	5.62361
43587.3	5.22379
43591.9	5.03545
43596.5	4.85973
43601.1	4.70232
43605.6	4.57158
43608.4	4.51007
43611.1	4.46512
43613.9	4.44058
43616.6	4.44114
43618.8	4.46324
43621	4.50806
43623.2	4.58016
43625.3	4.6838
43626.4	4.74966
43627.5	4.82583
43628.6	4.91325
43629.7	5.01195
43630.8	5.12488
43631.8	5.25238
43632.9	5.39579
43634	5.555
43635.3	5.76436
43636.5	6.0017
43637.8	6.27
43639.1	6.57253
43640.3	6.91289
43641.6	7.29505
43642.8	7.72338
43644.1	8.19865
43645.3	8.73363
43646.6	9.33041
43647.9	9.99509
43649.1	10.7342
43650.4	11.5548
43651.7	12.4642
43652.9	13.4699
43654.2	14.5704
43655.2	15.5996
43656.3	16.7031
43657.4	17.906
43658.4	19.1897
43659.5	20.5815
43660.6	22.0579
43661.6	23.648
43662.7	25.3221
43663.6	26.8367
43664.5	28.403
43665.4	30.0343
43666.3	31.7266
43668.1	35.2922
43669.9	39.0036
43673.5	46.6179
43675.3	50.3172
43677.1	53.7674
43678.6	56.2888
43680	58.542
43681.1	60.0426
43682.2	61.3388
43683.3	62.4438
43684.3	63.3308
43685.4	64.0136
43686.5	64.4811
43687.6	64.7458
43688.7	64.8162
43689.8	64.7036
43690.8	64.4217
43691.9	63.9857
43693	63.4179
43695.1	61.9272
43697.3	60.0949
43699.5	58.0252
43701.6	55.839
43705.9	51.3925
43709.7	47.6019
43713.6	44.1316
43715.5	42.5334
43717.4	41.0277
43719.3	39.6125
43721.2	38.2912
43723.2	37.0458
43725.1	35.8786
43728.9	33.7648
43732.8	31.9003
43736.6	30.26
43739.7	29.0566
43742.9	27.9644
43746	26.9699
43749.2	26.0612
43752.3	25.2287
43755.4	24.4639
43758.6	23.7594
43761.7	23.1109
43765.5	22.3802
43769.4	21.7128
43773.2	21.101
43777	20.5398
43784.7	19.5416
43792.4	18.6822
43798	18.1276
43803.6	17.6252
43809.1	17.1676
43814.7	16.7484
43825.9	16.0056
43837	15.3688
43844.7	14.9806
43852.4	14.6271
43867.7	14.0052
43883.1	13.4751
43898.4	13.0172
43911.7	12.6684
43924.9	12.3562
43938.2	12.0727
43951.5	11.8152
43978	11.3631
44004.5	10.9782
44035.2	10.5965
44065.8	10.2683
44096.5	9.98167
44127.2	9.72835
44171.9	9.40669
44216.5	9.12864
44244.4	8.9727
44272.3	8.82887
44286.3	8.76137
44300.2	8.69698
44314.2	8.63612
44328.1	8.57977
44336.5	8.54912
44344.9	8.52184
44353.2	8.49959
44357.4	8.49119
44361.6	8.48534
44365.3	8.4829
44368.9	8.48385
44372.6	8.48942
44376.3	8.5014
44379.9	8.52251
44383.6	8.55686
44387.2	8.61173
44389.1	8.65062
44390.9	8.70035
44392.5	8.75445
44394	8.82265
44395.6	8.90991
44397.2	9.02383
44398.8	9.17641
44400.3	9.38734
44401.1	9.52512
44401.9	9.68921
44402.7	9.88842
44403.5	10.1318
44404.2	10.4348
44405	10.8034
44405.4	11.0243
44405.8	11.2633
44406.2	11.5281
44406.6	11.821
44407	12.1533
44407.4	12.5108
44407.8	12.9041
44408.2	13.3354
44408.6	13.8198
44409	14.3353
44409.3	14.8952
44409.7	15.5009
44410.2	16.311
44410.7	17.193
44411.2	18.1461
44411.7	19.1679
44412.1	20.2542
44412.6	21.3985
44413.6	23.8243
44415.5	28.8467
44416	30.0381
44416.5	31.1647
44416.9	32.2068
44417.4	33.1265
44417.9	34.0227
44418.5	34.7489
44419	35.287
44419.5	35.6191
44420	35.7463
44420.1	35.7508
44420.3	35.729
44420.6	35.6599
44421.1	35.3818
44421.6	34.9125
44422.1	34.2814
44422.5	33.6809
44422.9	33.0131
44423.6	31.4671
44424.2	30.2552
44424.7	28.9889
44425.7	26.3005
44427.2	22.6178
44427.9	20.888
44428.6	19.2794
44429.2	17.9882
44429.9	16.8319
44430.5	15.7915
44431.1	14.8655
44431.7	14.037
44432.4	13.325
44433	12.7068
44433.6	12.1732
44434.2	11.7558
44434.7	11.3924
44435.3	11.0764
44435.8	10.8063
44436.4	10.5667
44436.9	10.3613
44437.5	10.1783
44438.1	10.0206
44439.2	9.75395
44440.3	9.54536
44441.4	9.37738
44442.5	9.23959
44444.7	9.0264
44446.9	8.87046
44449.2	8.75029
44451.4	8.65544
44453.6	8.57788
44455.8	8.51365
44458.1	8.45901
44460.3	8.41223
44465	8.33123
44469.7	8.26777
44474.4	8.21575
44479.2	8.1716
44483.9	8.1331
44488.6	8.09895
44498	8.03966
44509.5	7.97794
44521.1	7.92341
44532.6	7.87354
44544.1	7.82691
44555.6	7.78259
44567.1	7.74001
44590.2	7.65862
44617.4	7.56656
44644.6	7.47739
44699.1	7.3036
44753.6	7.13112
44808	6.9557
44883.4	6.69942
44958.8	6.41643
45004.9	6.22245
45051	6.00571
45097.1	5.75854
45120.1	5.62017
45143.1	5.46983
45172.5	5.25724
45201.8	5.01659
45216.4	4.88291
45231.1	4.73899
45245.8	4.5835
45260.4	4.41487
45279.3	4.17574
45298.1	3.90715
45307.6	3.76
45317	3.60361
45326.4	3.43677
45335.8	3.25843
45347.3	3.02334
45358.9	2.76786
45364.6	2.63193
45370.4	2.4903
45376.1	2.34282
45381.9	2.18946
45388.2	2.01533
45394.5	1.83483
45400.8	1.64807
45407	1.45682
45419.6	1.06873
45422.8	0.973411
45425.9	0.880197
45429	0.790102
45432.2	0.704417
45434.5	0.643906
45436.9	0.587669
45439.2	0.536705
45441.6	0.492346
45444	0.455576
45446.3	0.428208
45448.7	0.412148
45451	0.409635
45452.9	0.418758
45454.7	0.439093
45456.5	0.472357
45458.4	0.520508
45460.2	0.585796
45461.1	0.625891
45462	0.670802
45462.9	0.721903
45463.8	0.778487
45464.8	0.842239
45465.7	0.912242
45467.1	1.03929
45468.6	1.18625
45470	1.35633
45470.7	1.45088
45471.4	1.55223
45472.2	1.66079
45472.9	1.77695
45473.6	1.90115
45474.3	2.03385
45475.1	2.17552
45475.8	2.32667
45476.5	2.48783
45477.2	2.65957
45478.4	2.96549
45479	3.13057
45479.6	3.30423
45480.2	3.48685
45480.8	3.67884
45481.3	3.88061
45481.9	4.08893
45482.5	4.31143
45483.1	4.54506
45483.7	4.79032
45484.3	5.04771
45484.9	5.31774
45485.5	5.60097
45486.1	5.89793
45486.6	6.2038
45487.3	6.57507
45488	6.96642
45488.6	7.37873
45489.3	7.81293
45490	8.26997
45490.7	8.75078
45491.3	9.25635
45492	9.78764
45492.7	10.3456
45493.3	10.9312
45494	11.5455
45494.7	12.1892
45495.3	12.8634
45496	13.5688
45496.7	14.3064
45497.3	15.0767
45498.4	16.389
45499.5	17.7769
45500.6	19.2676
45501.6	20.8338
45502.7	22.5037
45503.8	24.2441
45504.9	26.0661
45505.9	27.9641
45507.7	31.231
45509.5	34.6383
45513	41.6094
45514.7	45.0423
45516.5	48.3212
45518.2	51.3606
45520	54.0665
45521.2	55.6793
45522.4	57.0909
45523.5	58.304
45524.7	59.3106
45525.9	60.1131
45527	60.6984
45528.2	61.0787
45529.4	61.2618
45530.6	61.2537
45531.8	61.0552
45533.1	60.6839
45534.3	60.1587
45536.8	58.7248
45539.2	56.9147
45541.7	54.8519
45544.1	52.6675
45549	48.2322
45551.8	45.8273
45554.6	43.5564
45557.3	41.4231
45560.1	39.4498
45562.9	37.6212
45565.6	35.9441
45568.4	34.4028
45571.1	32.9871
45573.9	31.6821
45576.7	30.4867
45579.4	29.3827
45582.2	28.3688
45585	27.4296
45587.7	26.5643
45590.5	25.7598
45593.3	25.0161
45598.8	23.6782
45604.3	22.5138
45609.8	21.4936
45615.4	20.5945
45620.7	19.8312
45625.9	19.1462
45631.2	18.5285
45636.5	17.9703
45641.8	17.4621
45647	16.9993
45652.3	16.5747
45657.6	16.1853
45668.7	15.4632
45679.7	14.847
45690.8	14.3153
45701.8	13.8525
45711.4	13.4985
45720.9	13.1805
45730.5	12.892
45740	12.6297
45759.1	12.171
45778.2	11.7831
45800.3	11.402
45822.4	11.0782
45844.5	10.7992
45866.7	10.556
45890.8	10.3233
45914.9	10.1184
45937	9.95003
45959.1	9.79683
45970.2	9.72479
45981.3	9.65517
45992.3	9.58738
45997.8	9.55392
46003.4	9.52065
46007.6	9.49481
46011.9	9.46887
46016.2	9.44263
46020.5	9.41586
46024.7	9.38831
46026.9	9.37408
46029	9.35956
46031.1	9.34452
46033.3	9.32902
46035.4	9.31285
46036.5	9.30456
46037.5	9.2963
46038.4	9.28951
46039.3	9.28301
46040.2	9.27715
46041.1	9.27258
46041.5	9.27108
46041.9	9.27036
46042.4	9.27064
46042.8	9.27224
46043.3	9.27551
46043.7	9.28092
46044.1	9.289
46044.6	9.30042
46045	9.31594
46045.5	9.33647
46045.9	9.36304
46046.3	9.39683
46046.8	9.43917
46047.2	9.4915
46047.7	9.5554
46048.1	9.63256
46048.5	9.72471
46049	9.83362
46049.4	9.96105
46049.9	10.1086
46050.7	10.4701
46051.6	10.9209
46052.2	11.2873
46052.8	11.6973
46053.4	12.147
46054	12.6216
46055.2	13.6479
46056.4	14.6619
46056.9	15.0886
46057.5	15.4713
46058	15.8134
46058.5	16.0923
46059	16.2752
46059.4	16.4074
46059.8	16.4854
46060	16.5103
46060	16.5129
46060.1	16.5198
46060.2	16.5236
46060.4	16.5246
46060.9	16.4794
46061.5	16.3317
46062.1	16.0937
46062.9	15.6661
46063.7	15.1316
46064.5	14.5244
46065.3	13.8882
46066.2	13.1023
46067.2	12.3598
46068.2	11.6963
46069.1	11.1371
46069.6	10.8938
46070.1	10.6765
46070.6	10.4844
46071	10.3193
46071.5	10.1725
46072	10.0459
46072.5	9.93754
46072.9	9.84707
46073.6	9.74828
46074.2	9.66915
46074.8	9.60604
46075.4	9.55576
46076	9.51562
46076.7	9.48336
46077.3	9.4572
46077.9	9.436
46078.5	9.41797
46079.1	9.40265
46079.8	9.38937
46080.4	9.37767
46081.6	9.35764
46082.8	9.3408
46084.1	9.32588
46085.3	9.31244
46087.8	9.2888
46090.3	9.26813
46092.7	9.24958
46096.6	9.22377
46100.4	9.20061
46104.2	9.17926
46108	9.1594
46111.9	9.14061
46115.7	9.12274
46123.3	9.08899
46131	9.0573
46138.6	9.0273
46146.3	8.99857
46153.9	8.971
46172.8	8.90681
46191.7	8.84687
46210.6	8.79058
46229.5	8.73734
46267.2	8.63866
46305	8.54866
46373.4	8.40339
46441.7	8.27559
46578.4	8.05736
46693.6	7.90019
46808.7	7.7586
46931	7.61887
47053.4	7.48465
47175.7	7.35097
47236.8	7.28273
47298	7.21261
47377.2	7.11773
47416.8	7.06805
47456.3	7.01646
47495.9	6.96286
47535.5	6.90688
47575.1	6.84848
47614.6	6.78797
47645.2	6.7402
47675.8	6.69268
47691.1	6.66971
47706.4	6.64793
47721.7	6.62798
47736.9	6.61137
47753.1	6.5996
47769.3	6.59779
47777.4	6.60266
47785.5	6.61295
47793.6	6.63058
47801.7	6.65845
47810.7	6.70619
47819.7	6.77945
47828.7	6.8916
47833.2	6.96858
47837.7	7.06455
47842.6	7.19953
47847.6	7.37559
47850.1	7.48387
47852.5	7.60836
47855	7.75267
47857.5	7.92081
47860.6	8.178
47862.2	8.32899
47863.8	8.49641
47865.4	8.68509
47866.9	8.89576
47868.5	9.13333
47870.1	9.40231
47871.3	9.64053
47872.6	9.90499
47873.8	10.1995
47875	10.5259
47876.3	10.8946
47877.5	11.3063
47878.7	11.7752
47880	12.3031
47881.1	12.8787
47882.3	13.5342
47883.5	14.2843
47884.1	14.7002
47884.7	15.1467
47885.3	15.6268
47885.9	16.1435
47886.4	16.7003
47887	17.3012
47887.6	17.9502
47888.2	18.6521
47888.8	19.4119
47889.4	20.2351
47890	21.175
47890.6	22.1989
47891.3	23.3147
47891.9	24.5308
47892.5	25.856
47893.1	27.2993
47893.7	28.8696
47894.4	30.5473
47895	32.3955
47895.6	34.3955
47896.2	36.5536
47896.8	38.8746
47897.5	41.3608
47898.1	44.012
47898.7	46.8244
47899.3	49.7416
47899.9	52.8986
47900.6	56.1849
47901.8	63.0476
47903.1	70.0796
47904.3	76.8956
47905	80.5512
47905.8	83.9573
47906.5	87.04
47907.2	89.7284
47907.9	91.9586
47908.6	93.6761
47909.3	94.8385
47910	95.4135
47910.2	95.4775
47911	95.2459
47911.7	94.377
47912.5	92.8997
47913.2	90.8596
47913.9	88.3168
47914.7	85.342
47915.4	82.0137
47916.1	78.4639
47917.4	71.9438
47918.7	65.2475
47919.9	58.6925
47920.6	55.5454
47921.2	52.516
47921.8	49.6207
47922.4	46.9138
47923.1	44.3151
47923.7	41.9107
47924.3	39.6235
47924.9	37.5238
47925.6	35.57
47926.2	33.7563
47926.8	32.0499
47927.4	30.4973
47928.1	29.0624
47928.7	27.7372
47929.3	26.4945
47929.9	25.366
47930.5	24.3236
47931.2	23.3601
47931.8	22.4551
47932.4	21.6311
47933	20.8554
47933.7	20.1475
47934.3	19.4796
47934.9	18.8684
47935.5	18.299
47936.1	17.7677
47937.4	16.8
47938.6	15.9581
47939.9	15.2098
47941.1	14.5519
47942.4	13.9615
47943.6	13.4335
47944.9	12.9594
47946.1	12.5351
47947.4	12.1479
47948.6	11.7989
47949.9	11.4782
47951.1	11.1873
47952.8	10.8269
47954.5	10.5049
47956.2	10.216
47957.9	9.95548
47959.6	9.71959
47961.3	9.50515
47964.7	9.13133
47967.2	8.89377
47969.7	8.68356
47972.2	8.49567
47974.7	8.3268
47979.7	8.03521
47984.6	7.79335
47988.5	7.63215
47992.3	7.48975
48000	7.24784
48007.7	7.04858
48015.4	6.88024
48027.2	6.66483
48039	6.48419
48050.8	6.32661
48062.6	6.18403
48074.3	6.05102
48086.1	5.924
48109.7	5.67671
48133.2	5.4252
48156.8	5.15572
48164	5.06718
48182.2	4.83036
48200.3	4.56606
48209.3	4.42088
48218.4	4.2657
48227.5	4.09918
48236.5	3.91974
48246.5	3.70479
48256.5	3.4692
48266.4	3.21
48271.4	3.07068
48276.4	2.92421
48281.4	2.76987
48286.4	2.60786
48291.4	2.43715
48296.3	2.25814
48301.3	2.06997
48306.3	1.87349
48311.3	1.6688
48316.3	1.45694
48323.5	1.14011
48327.2	0.98089
48330.8	0.824787
48334.4	0.674555
48336.2	0.603553
48338	0.536226
48339.8	0.47357
48341.6	0.41677
48343.5	0.367232
48345.3	0.326642
48346.8	0.299957
48348.4	0.283359
48350	0.278769
48351.6	0.288342
48352.9	0.307613
48354.1	0.338834
48355.4	0.383709
48356.6	0.443628
48357.8	0.521751
48359.1	0.619296
48360.3	0.740682
48361.6	0.88717
48362.8	1.06481
48363.5	1.16706
48364.1	1.27675
48364.7	1.39807
48365.3	1.5278
48365.9	1.66848
48366.6	1.82084
48367.2	1.98841
48367.8	2.16672
48368.4	2.35919
48369.1	2.56674
48369.7	2.7941
48370.3	3.0351
48370.9	3.29431
48371.5	3.57287
48372.2	3.90207
48372.9	4.25767
48373.6	4.64141
48374.3	5.05512
48374.9	5.5007
48375.6	5.98009
48376.3	6.49532
48377	7.04001
48377.6	7.59649
48378.3	8.19007
48378.9	8.82247
48379.5	9.48457
48380.2	10.199
48380.8	10.9571
48381.4	11.7603
48382.1	12.5963
48382.9	13.7244
48383.7	14.9129
48384.5	16.1931
48385.3	17.5331
48386.1	18.9664
48386.8	20.4554
48387.6	22.0353
48388.4	23.6626
48389.9	26.805
48391.3	30.0874
48394.2	36.9172
48395.7	40.3122
48397.1	43.5485
48398.6	46.5825
48400	49.2907
48400.9	50.7497
48401.7	52.0594
48402.6	53.2101
48403.5	54.184
48404.3	54.9996
48405.2	55.6431
48406.1	56.1159
48406.9	56.4192
48407.7	56.5594
48408.5	56.5732
48410.1	56.2556
48411.7	55.5301
48413.2	54.4807
48414.8	53.1702
48416.4	51.6865
48419.5	48.4084
48422.4	45.3549
48425.2	42.4073
48428.1	39.6632
48430.9	37.1719
48433.8	34.9221
48436.6	32.9112
48439.5	31.1185
48442.3	29.5261
48444.5	28.411
48446.7	27.3883
48448.9	26.4488
48451.1	25.5839
48453.3	24.7861
48455.5	24.0487
48457.7	23.3658
48459.9	22.7349
48462.8	21.9795
48465.6	21.29
48468.5	20.6588
48471.3	20.0812
48474.2	19.5474
48477	19.0562
48482.7	18.1778
48488.4	17.4165
48494.1	16.7535
48499.8	16.1705
48505.4	15.6546
48511.2	15.194
48516.8	14.7814
48522.5	14.4093
48528.2	14.0723
48539.6	13.4852
48551	12.9924
48563.4	12.5369
48575.8	12.1496
48588.3	11.8162
48600.7	11.5266
48612.1	11.2915
48623.5	11.0813
48646.2	10.7215
48669	10.4244
48691.8	10.1748
48727	9.85851
48762.1	9.60455
48797.3	9.39467
48832.5	9.21843
48849.1	9.14481
48894.6	8.96689
48940.2	8.8177
48985.7	8.69047
49031.3	8.58073
49074.7	8.48956
49118.2	8.41016
49161.7	8.34244
49183.4	8.31347
49205.2	8.28825
49213.4	8.27989
49236.2	8.26108
49259	8.25017
49281.8	8.25069
49304.5	8.2688
49318	8.29192
49331.4	8.32846
49344.9	8.38461
49358.3	8.46909
49367.1	8.54637
49375.9	8.64807
49384.7	8.78293
49393.5	8.96451
49399.2	9.11675
49404.9	9.30491
49410.6	9.54038
49416.3	9.83881
49419	10.0099
49421.7	10.2037
49424.5	10.4239
49427.2	10.6743
49429.9	10.9625
49432.6	11.2948
49435.3	11.6802
49438	12.1283
49440.9	12.6845
49442.3	13.0006
49443.7	13.3467
49445.2	13.7294
49446.6	14.1478
49448	14.6094
49449.4	15.1201
49450.8	15.6907
49452.3	16.3215
49453.7	17.0308
49455.1	17.8197
49456.6	18.7127
49458	19.7126
49459.4	20.8438
49460.8	22.1277
49462.1	23.4585
49463.4	24.9492
49464.1	25.7724
49464.7	26.6486
49465.3	27.5817
49466	28.56
49466.6	29.6182
49467.3	30.746
49467.9	31.9481
49468.6	33.2089
49469.2	34.5725
49469.9	36.0018
49470.5	37.5463
49471.2	39.1627
49471.9	41.1001
49472.6	43.1387
49473.3	45.3087
49474	47.6131
49474.7	50.0533
49475.4	52.6286
49476.1	55.3363
49476.9	58.1707
49477.9	62.7911
49479	67.645
49481.2	77.7468
49482.3	82.785
49483.4	87.6418
49484.6	92.1701
49485.7	96.218
49486.7	99.6107
49487.8	102.26
49488.4	103.28
49488.9	104.062
49489.5	104.618
49490	104.944
49490.7	105.014
49491.3	104.761
49491.9	104.234
49492.5	103.442
49493.1	102.397
49493.7	101.111
49494.3	99.6033
49495.4	96.0287
49496.6	91.7785
49497.8	87.0608
49500.2	76.9687
49501.4	71.431
49502.7	66.0631
49504	60.9727
49505.3	56.2656
49506.5	51.9053
49507.8	47.9422
49508.5	46.1081
49509.1	44.3694
49509.7	42.7235
49510.4	41.1906
49511	39.6514
49511.7	38.2018
49512.4	36.8371
49513.1	35.5528
49513.7	34.3441
49514.4	33.2066
49515.7	31.1277
49517.1	29.2832
49518.4	27.6433
49519.8	26.1819
49521.1	24.8851
49522.4	23.7137
49523.8	22.6608
49525.1	21.7116
49526.4	20.8594
49527.8	20.0806
49529.1	19.3724
49530.4	18.7267
49531.8	18.1407
49533.4	17.5035
49535	16.9305
49536.5	16.4103
49538.1	15.9364
49539.7	15.501
49541.3	15.1048
49544.4	14.4059
49547.1	13.8952
49549.8	13.4468
49552.5	13.0507
49555.2	12.7002
49557.8	12.3863
49560.5	12.106
49563.2	11.8528
49565.8	11.6247
49571.2	11.2282
49576.6	10.8982
49581.9	10.6194
49587.3	10.3821
49596	10.0624
49604.8	9.80677
49613.6	9.59826
49622.3	9.42562
49633	9.2515
49643.7	9.10827
49654.4	8.98855
49665.1	8.88717
49682.7	8.75102
49700.2	8.64201
49717.7	8.5526
49735.2	8.47788
49756.7	8.40145
49778.1	8.33743
49799.5	8.28275
49820.9	8.23537
49861.8	8.15994
49902.7	8.09854
49943.6	8.04705
49984.4	8.00283
50000	7.98752
50022.5	7.96669
50044.9	7.94722
50059.9	7.93494
50074.9	7.92324
50083.1	7.91712
50087.2	7.91418
50091.3	7.91136
50093.3	7.91
50095.4	7.90871
50096.4	7.90811
50097.5	7.90755
50098.5	7.90706
50099.5	7.90671
50100	7.9066
50100.5	7.90657
50101	7.90663
50101.6	7.90682
50102.1	7.90717
50102.6	7.90773
50103.1	7.90856
50103.6	7.90973
50104.1	7.91136
50104.6	7.9135
50105.1	7.9163
50105.7	7.9199
50106.2	7.92447
50106.7	7.93018
50107.2	7.93723
50107.7	7.94584
50108.2	7.95534
50108.6	7.96651
50109.1	7.97952
50109.6	7.99451
50110.5	8.03096
50111.4	8.07594
50112.4	8.13028
50113.3	8.1917
50115.2	8.328
50116.6	8.42938
50118.1	8.50636
50119.2	8.5386
50119.7	8.54393
50120	8.54444
50120.3	8.54322
50120.8	8.53662
50121.7	8.50972
50122.9	8.44867
50124.1	8.36701
50127	8.15307
50127.7	8.10513
50128.4	8.06268
50129.2	8.02552
50129.9	7.99379
50130.5	7.97103
50131.1	7.95182
50131.7	7.93584
50132.3	7.92275
50132.9	7.91216
50133.5	7.90371
50134.2	7.89704
50134.8	7.89182
50135.4	7.88777
50136	7.88464
50136.6	7.88222
50137.2	7.88034
50137.8	7.87888
50138.4	7.87772
50139	7.87677
50139.6	7.876
50140.2	7.87533
50140.9	7.87473
50141.5	7.87419
50142.1	7.8737
50143.3	7.87277
50144.5	7.8719
50147	7.87023
50149.4	7.8686
50153	7.86619
50156.7	7.86382
50164	7.85913
50171.3	7.85452
50178.6	7.84999
50194.5	7.84036
50210.3	7.83101
50241.9	7.81305
50305.3	7.77994
50368.6	7.75012
50432	7.72287
50548.9	7.67885
50665.8	7.64209
50724.3	7.62656
50782.8	7.61298
50836.4	7.60279
50890	7.5953
50943.5	7.59145
50997.1	7.59295
51031.2	7.59808
51065.4	7.60788
51099.5	7.62486
51116.5	7.63714
51133.6	7.65286
51154.3	7.67812
51175	7.71271
51195.7	7.7607
51216.4	7.82941
51229.8	7.89046
51243.2	7.97066
51256.6	8.07857
51270	8.22773
51276.7	8.32472
51283.4	8.44245
51290.1	8.58702
51296.8	8.76713
51302.9	8.97215
51309	9.23051
51312	9.38584
51315.1	9.5621
51318.1	9.7646
51321.1	9.99724
51324.5	10.2972
51327.8	10.654
51331.2	11.0825
51332.9	11.3305
51334.5	11.603
51336.2	11.9069
51337.9	12.2429
51339.6	12.6203
51341.2	13.0405
51342.9	13.5159
51344.6	14.0493
51346.3	14.6537
51347.9	15.3412
51349.2	15.9041
51350.4	16.5257
51351.6	17.2133
51352.8	17.9687
51354	18.8136
51355.2	19.7523
51356.5	20.7958
51357.7	21.9458
51358.5	22.8177
51359.3	23.7542
51360.2	24.7588
51361	25.8216
51361.9	26.9707
51362.7	28.1956
51363.5	29.4971
51364.4	30.8578
51365.5	32.8973
51366.7	35.067
51367.9	37.3451
51369	39.6791
51371.4	44.4339
51372.6	46.7176
51373.7	48.8299
51374.5	50.1451
51375.3	51.3342
51376.1	52.3756
51376.9	53.2397
51377.6	53.9314
51378.4	54.4196
51379.2	54.7064
51380	54.7786
51380.6	54.6798
51381.3	54.4397
51381.9	54.0615
51382.6	53.5502
51383.2	52.9124
51383.8	52.1563
51385.1	50.3281
51386.4	48.1531
51387.7	45.7272
51390.2	40.5018
51392.7	35.5699
51393.9	33.2547
51395.1	31.0752
51396.3	29.0326
51397.5	27.1685
51398.7	25.4662
51399.9	23.9209
51401.2	22.4588
51402.5	21.1579
51403.7	19.993
51405	18.9507
51406.3	18.011
51407.5	17.1764
51408.8	16.428
51410	15.7558
51411.3	15.1462
51412.6	14.601
51413.8	14.1081
51415.1	13.6616
51416.3	13.2561
51417.6	12.887
51418.9	12.5503
51420.1	12.2424
51422	11.8384
51423.8	11.4813
51425.7	11.1642
51427.5	10.883
51429.3	10.6299
51431.2	10.4037
51434.8	10.0141
51437.3	9.78677
51439.9	9.58764
51442.4	9.41101
51444.9	9.25483
51450	8.99041
51455	8.77739
51462.4	8.53358
51469.7	8.34728
51477	8.20128
51484.4	8.08478
51494.5	7.95952
51504.6	7.86348
51514.7	7.78804
51524.8	7.72793
51534.9	7.679
51545	7.63849
51565.1	7.57608
51585.3	7.53061
51605.5	7.49626
51633.1	7.46132
51660.6	7.43516
51688.1	7.41494
51715.7	7.39884
51745	7.38496
51774.4	7.37365
51833.1	7.35692
51873.5	7.34929
51913.9	7.34487
51954.3	7.3443
51994.7	7.34896
52025.9	7.35775
52057.1	7.37332
52088.3	7.39901
52103.9	7.41755
52119.5	7.44138
52137.8	7.47846
52156.2	7.52917
52174.6	7.59979
52192.9	7.70005
52203	7.77403
52213.1	7.86651
52223.2	7.98388
52233.3	8.13495
52241.1	8.28339
52248.9	8.46862
52256.7	8.70325
52260.6	8.84468
52264.5	9.00621
52269.5	9.25148
52274.6	9.54739
52279.6	9.90817
52282.2	10.1183
52284.7	10.3523
52287.2	10.615
52289.7	10.9086
52292.3	11.2406
52294.8	11.6145
52297.3	12.0407
52299.8	12.5248
52302.4	13.0791
52304.9	13.717
52306.4	14.1428
52307.9	14.6047
52309.4	15.1097
52310.8	15.6629
52312.3	16.27
52313.8	16.9371
52315.3	17.6714
52316.8	18.4807
52318.1	19.2359
52319.3	20.0507
52320.6	20.9368
52321.9	21.9004
52323.1	22.9478
52324.4	24.0854
52325.6	25.3194
52326.9	26.6554
52328.4	28.409
52329.9	30.3092
52331.4	32.3667
52333	34.5746
52334.5	36.9327
52336	39.383
52339	44.435
52340.4	46.7087
52341.8	48.8678
52343.1	50.8814
52344.5	52.6567
52345.9	54.1574
52347.2	55.307
52348.6	56.0781
52350	56.4301
52350.9	56.4304
52351.8	56.2511
52352.7	55.8922
52353.6	55.3687
52354.5	54.6787
52355.4	53.8501
52356.3	52.8899
52357.2	51.8138
52358.9	49.366
52360.7	46.6537
52364.3	40.9568
52366	38.3581
52367.6	35.886
52369.3	33.5592
52370.9	31.3979
52372.6	29.4104
52374.2	27.5963
52375.9	25.9493
52377.5	24.4596
52379.2	23.0687
52380.9	21.8264
52382.6	20.7101
52384.3	19.7065
52386	18.7982
52387.7	17.9846
52389.4	17.2499
52391.1	16.5852
52392.8	15.9792
52394.5	15.4321
52396.2	14.9339
52397.9	14.4792
52399.6	14.0635
52401.3	13.6825
52403	13.3326
52404.7	13.0107
52407.2	12.5854
52409.7	12.2062
52412.2	11.8667
52414.7	11.5628
52417.1	11.2875
52419.6	11.0392
52424.6	10.6076
52428	10.3529
52431.4	10.1278
52434.8	9.92665
52438.2	9.74719
52445	9.44006
52451.8	9.18887
52458.6	8.98011
52465.4	8.80488
52472.2	8.65627
52479	8.52934
52492	8.33232
52505	8.17943
52518	8.05814
52531	7.9602
52547.1	7.86263
52563.2	7.78447
52579.3	7.72086
52595.3	7.66797
52622.6	7.59648
52649.8	7.54128
52677	7.4974
52704.3	7.46168
52748.8	7.41563
52793.4	7.37993
52837.9	7.35124
52882.5	7.32751
52961.7	7.2936
53040.9	7.26668
53130	7.24172
53219.1	7.22048
53308.3	7.20179
53397.4	7.18497
53516.2	7.16471
53714.2	7.1348
53872.7	7.11344
54031.1	7.0941
54130.1	7.08323
54229.1	7.0737
54278.6	7.06973
54328.1	7.06651
54377.6	7.06432
54427.1	7.06364
54474.2	7.06528
54521.2	7.07031
54568.2	7.08095
54591.8	7.08944
54615.3	7.10123
54642.5	7.12056
54669.7	7.14887
54697	7.19121
54710.6	7.2202
54724.2	7.25633
54737.8	7.30214
54751.4	7.36117
54765	7.43837
54778.6	7.54118
54787.9	7.63189
54797.2	7.74509
54806.5	7.88877
54815.8	8.07471
54822.6	8.24756
54829.4	8.46188
54836.2	8.73137
54839.6	8.89241
54843	9.0752
54848.3	9.41022
54850.9	9.60649
54853.5	9.82577
54856.2	10.0716
54858.8	10.3485
54861.4	10.6614
54864	11.0169
54865.8	11.2744
54867.4	11.5537
54869.2	11.859
54870.8	12.1934
54872.5	12.5606
54874.2	12.9645
54875.9	13.4098
54877.7	13.9019
54879.4	14.4503
54881.1	15.0556
54882.8	15.7288
54884.5	16.4791
54886.2	17.322
54887.9	18.2592
54889.6	19.3081
54891.3	20.4825
54892.9	21.7726
54894.6	23.2118
54896.3	24.8134
54897.9	26.5773
54899.6	28.5321
54901.3	30.6552
54902.9	32.9642
54904.6	35.4113
54908.2	41.0166
54910	43.8334
54911.8	46.504
54913.5	48.933
54914.4	50.016
54915.3	50.9749
54916.2	51.8165
54917.1	52.5092
54918	53.0522
54918.9	53.4369
54920	53.6851
54921.1	53.6775
54922	53.482
54922.9	53.1254
54923.8	52.6069
54924.7	51.9473
54925.6	51.1438
54926.5	50.2275
54928.2	48.091
54930	45.6388
54931.8	43.0069
54935.4	37.652
54937	35.402
54938.5	33.2603
54940.1	31.2485
54941.6	29.39
54943.2	27.6648
54944.8	26.0836
54946.3	24.6407
54947.9	23.3361
54949.4	22.1361
54951	21.0481
54952.6	20.0618
54954.1	19.1729
54955.7	18.3607
54957.3	17.6273
54958.8	16.9554
54960.4	16.3468
54962	15.7876
54963.5	15.2762
54965.1	14.8076
54966.7	14.3802
54968.2	13.9846
54969.8	13.6201
54972.9	12.9749
54975.6	12.491
54978.3	12.0665
54981	11.6896
54983.8	11.3558
54986.5	11.0568
54989.2	10.7898
54991.9	10.5489
54994.6	10.3322
54997.7	10.1059
55000.8	9.90393
55007.1	9.5583
55013.4	9.27534
55019.6	9.04107
55027.6	8.79614
55035.6	8.59767
55043.6	8.43416
55051.5	8.29783
55064.1	8.12515
55076.6	7.99039
55089.1	7.88327
55101.7	7.79682
55119.9	7.69836
55138.1	7.62384
55156.3	7.56637
55174.6	7.52209
55201.9	7.47465
55229.3	7.44525
55238.4	7.43893
55263.4	7.43014
55288.5	7.43435
55313.6	7.45372
55338.6	7.49309
55353.4	7.52928
55368.3	7.57873
55383.1	7.64696
55397.9	7.74187
55408.1	7.83004
55418.4	7.9442
55428.7	8.09505
55438.9	8.2993
55445.2	8.46228
55451.4	8.66544
55457.7	8.92301
55460.8	9.07818
55464	9.25557
55468	9.52106
55471.9	9.84219
55474	10.0292
55475.9	10.2359
55477.9	10.4666
55479.9	10.7248
55481.5	10.9511
55483.1	11.2002
55484.6	11.4752
55486.2	11.7777
55487.8	12.1162
55489.3	12.4914
55490.9	12.9145
55492.4	13.3875
55493.9	13.8749
55495.3	14.4184
55496.7	15.0356
55498.2	15.73
55499.6	16.5264
55501	17.4314
55501.7	17.9332
55502.4	18.4721
55503.1	19.0514
55503.8	19.675
55504.6	20.4261
55505.4	21.2329
55506.2	22.1229
55507	23.081
55507.8	24.1403
55508.5	25.2824
55509.3	26.5295
55510.1	27.891
55510.9	29.3968
55511.7	31.0185
55512.5	32.7839
55513.2	34.7016
55514	36.8066
55514.8	39.0511
55515.6	41.4632
55516.4	44.0422
55517.2	46.8193
55517.9	49.7137
55518.7	52.7437
55519.5	55.8867
55522.6	68.9403
55523.6	72.6595
55524.5	76.1023
55525.4	79.2116
55526.3	81.8918
55527.2	84.055
55528.2	85.6265
55529.1	86.5498
55530	86.7902
55530.5	86.6452
55530.9	86.3288
55531.8	85.1907
55532.8	83.4137
55533.7	81.0587
55534.6	78.1701
55535.5	74.9013
55536.5	71.3213
55537.4	67.5288
55540.3	55.1621
55541.7	49.3134
55542.5	46.5384
55543.2	43.933
55543.9	41.5009
55544.6	39.21
55545.3	37.0624
55546	35.0844
55546.7	33.2167
55547.4	31.5071
55548.1	29.9011
55548.8	28.437
55549.6	27.066
55550.2	25.819
55551	24.6528
55551.7	23.5931
55552.4	22.6021
55553.1	21.7011
55553.8	20.8579
55554.5	20.0901
55555.2	19.3704
55555.9	18.7049
55556.6	18.0887
55557.3	17.5253
55558	16.9948
55558.7	16.5084
55560.1	15.627
55561.5	14.8593
55562.9	14.1871
55564.4	13.5956
55565.8	13.0727
55567.2	12.6054
55568.6	12.1917
55570	11.8215
55571.4	11.4888
55572.8	11.1889
55574.2	10.9176
55575.6	10.6714
55577.1	10.4474
55579.2	10.1388
55581.4	9.86933
55583.6	9.63264
55585.8	9.42364
55588	9.23816
55590.1	9.07283
55594.5	8.79188
55597.3	8.63855
55600.2	8.50422
55605.8	8.28009
55611.4	8.10161
55617.1	7.95782
55622.2	7.8497
55627.3	7.75878
55637.6	7.61499
55647.9	7.50787
55658.1	7.42602
55666.9	7.37072
55675.6	7.32542
55693	7.25613
55710.5	7.20606
55727.9	7.16886
55743.3	7.14341
55758.7	7.12299
55789.5	7.09269
55820.3	7.07143
55851.1	7.05604
55896.2	7.04035
55941.4	7.03008
55986.5	7.02361
56031.7	7.0202
56076.8	7.0196
56122	7.02198
56167.1	7.02791
56212.3	7.03855
56249.2	7.05219
56286.2	7.07233
56323.1	7.1023
56341.6	7.12256
56360	7.14809
56380.6	7.18457
56401.1	7.23303
56421.6	7.2992
56431.9	7.34153
56442.1	7.39216
56453.4	7.46069
56464.7	7.54682
56476	7.65715
56487.3	7.80152
56495	7.9274
56502.7	8.08353
56510.4	8.28078
56518.1	8.53515
56523.7	8.77227
56529.4	9.06698
56532.2	9.24219
56535	9.44032
56537.8	9.66551
56540.7	9.92292
56544.2	10.3088
56546.1	10.5307
56547.8	10.7741
56549.6	11.045
56551.4	11.3443
56553.2	11.6798
56555	12.0533
56556.4	12.3822
56557.8	12.7413
56559.3	13.1373
56560.7	13.5754
56562.1	14.0616
56563.5	14.6031
56564.9	15.2084
56566.3	15.8876
56567.7	16.6586
56569.1	17.5251
56570.5	18.5095
56572	19.6327
56572.7	20.2585
56573.4	20.9194
56574.1	21.6383
56574.8	22.399
56575.5	23.2278
56576.2	24.106
56576.9	25.0639
56577.6	26.0798
56578.3	27.1885
56579	28.3646
56579.7	29.6475
56580.4	31.0072
56581.1	32.4883
56581.8	34.0546
56582.5	35.7558
56583.2	37.5482
56584	39.4861
56584.7	41.5166
56585.4	43.6978
56586.1	45.9659
56586.8	48.381
56587.5	50.8676
56588.9	56.1481
56592.9	71.7858
56593.9	75.4266
56594.9	78.7226
56595.9	81.6353
56596.8	84.009
56597.6	85.4823
56598.4	86.5439
56599.2	87.1681
56600	87.34
56600.5	87.2066
56601	86.8841
56601.6	86.3632
56602.1	85.669
56603.1	83.7429
56604.1	81.2085
56605.1	78.1113
56606.2	74.6191
56607.2	70.7794
56608.2	66.7805
56611.1	55.2344
56612.6	49.7867
56613.3	47.2317
56614	44.7919
56614.7	42.6001
56615.3	40.551
56616	38.6131
56616.7	36.786
56617.4	35.0681
56618	33.4566
56618.7	31.9478
56619.4	30.5372
56620	29.3918
56620.5	28.3132
56621.1	27.2979
56621.7	26.3426
56622.3	25.4438
56622.9	24.5984
56624	23.0669
56625.2	21.6975
56626.3	20.482
56627.5	19.401
56628.6	18.445
56630	17.4569
56631.3	16.5854
56632.7	15.8138
56634	15.128
56635.3	14.5163
56636.7	13.9687
56638	13.4766
56639.3	13.0331
56640.7	12.6292
56642	12.2658
56643.4	11.9351
56644.7	11.6336
56646.1	11.3579
56647.4	11.1051
56650.1	10.6591
56652.6	10.295
56655.2	9.98042
56657.8	9.70678
56660.3	9.4673
56662.9	9.25657
56665.4	9.07021
56670.6	8.75746
56675.9	8.49502
56681.3	8.28372
56686.6	8.11092
56692	7.96792
56697.4	7.84797
56702.7	7.74664
56713.4	7.58584
56724.2	7.46539
56734.9	7.3731
56743.7	7.31271
56752.5	7.26289
56770	7.18553
56787.5	7.12922
56805.1	7.0871
56819.7	7.05964
56834.3	7.03733
56863.6	7.00383
56892.8	6.98012
56922.1	6.9629
56937.7	6.95562
56967	6.94463
56996.2	6.93629
57054.7	6.92517
57113.2	6.91887
57171.7	6.91599
57234.1	6.91582
57296.5	6.91823
57382.3	6.92562
57468.1	6.93812
57553.9	6.95674
57639.7	6.98327
57709.9	7.01288
57780.1	7.05198
57850.3	7.10378
57920.5	7.17325
57963.4	7.22784
58006.3	7.29453
58049.2	7.37679
58092.1	7.47949
58133	7.60294
58174	7.75989
58215	7.96308
58235.4	8.08775
58255.9	8.23108
58277.3	8.40738
58298.8	8.61588
58320.2	8.86466
58341.7	9.16453
58363.2	9.53011
58373.9	9.74367
58384.6	9.9816
58395.3	10.2482
58406.1	10.5474
58416.8	10.8856
58427.5	11.2686
58435.3	11.5804
58443.1	11.9242
58450.9	12.3045
58458.7	12.7262
58466.5	13.1943
58474.3	13.7172
58482.1	14.3047
58489.9	14.9663
58495.3	15.471
58500.6	16.02
58506	16.6198
58511.3	17.2763
58516.7	17.9979
58522.1	18.79
58527.4	19.6631
58532.8	20.6279
58538.2	21.6986
58543.5	22.8854
58548.9	24.2066
58554.2	25.6809
58559.6	27.3332
58565	29.1821
58567.7	30.1901
58570.3	31.2588
58573	32.3923
58575.7	33.5949
58578.3	34.8221
58580.8	36.1166
58583.4	37.4871
58586	38.9381
58588.6	40.4801
58591.1	42.1055
58593.7	43.8244
58596.3	45.6409
58598.9	47.566
58601.4	49.5881
58604	51.7166
58606.6	53.9533
58611.7	58.7606
58616.9	63.973
58622.3	69.8231
58627.7	75.9018
58633	82.0074
58638.4	87.8418
58641.1	90.5451
58643.8	93.0327
58646.5	95.2517
58649.2	97.1451
58651.9	98.6808
58654.6	99.8084
58657.3	100.506
58660	100.75
58662.7	100.534
58665.4	99.8649
58668.1	98.7606
58670.8	97.2515
58673.5	95.3693
58676.2	93.1742
58678.9	90.7105
58681.6	88.0309
58687	82.2196
58692.4	76.144
58697.8	70.0919
58703.2	64.2746
58707.5	59.8984
58711.8	55.8137
58716.2	52.0179
58720.4	48.5308
58724.8	45.3281
58729.1	42.4102
58733.4	39.7453
58737.7	37.3259
58741.9	35.1691
58746.1	33.2034
58750.3	31.4112
58754.5	29.7796
58758.7	28.2857
58762.9	26.9227
58767.1	25.6718
58771.3	24.5274
58775.5	23.474
58779.7	22.5076
58783.9	21.6153
58788.1	20.7941
58792.3	20.0337
58796.6	19.332
58800.8	18.6807
58805	18.0784
58809.2	17.5172
58813.4	16.9955
58821.8	16.053
58830.2	15.2297
58838.6	14.5071
58847	13.8699
58855.4	13.3054
58863.8	12.8032
58872.2	12.3546
58880.7	11.9524
58889.1	11.5905
58897.5	11.2636
58905.9	10.9676
58914.3	10.6986
58922.7	10.4535
58939.5	10.0245
58951	9.77138
58962.5	9.54512
58973.9	9.34207
58985.4	9.16004
59008.3	8.84451
59031.3	8.58307
59048.1	8.41874
59064.9	8.27369
59098.6	8.03003
59132.2	7.8344
59165.8	7.67472
59199.5	7.54249
59233.1	7.43155
59300.4	7.25673
59367.7	7.12575
59434.9	7.02415
59502.2	6.94317
59569.5	6.87732
59630.7	6.82768
59691.8	6.78609
59753	6.75226
59814.2	6.72682
59838.6	6.7196
59878.4	6.71263
59918.1	6.71324
59957.9	6.72593
59997.7	6.75772
60040.5	6.82912
60061.9	6.88936
60083.3	6.97584
60100.1	7.07057
60116.9	7.19928
60125.3	7.28089
60133.8	7.37734
60142.2	7.49197
60150.6	7.62882
60159	7.79387
60167.4	7.99507
60175.8	8.24238
60180	8.38731
60184.2	8.54932
60188.4	8.73151
60192.6	8.93612
60196.8	9.16789
60201	9.43026
60205.2	9.73
60209.4	10.0724
60213.6	10.4674
60217.8	10.9231
60220.3	11.2275
60222.8	11.5597
60225.3	11.9262
60227.8	12.3284
60230.3	12.7744
60232.8	13.2665
60235.2	13.8153
60237.7	14.424
60239.8	14.9974
60241.9	15.6257
60244	16.3186
60246.1	17.0847
60248.2	17.9379
60250.3	18.8815
60252.4	19.9323
60254.5	21.1052
60256.7	22.424
60258.8	23.8961
60260.8	25.5499
60261.9	26.4527
60263	27.4107
60264	28.4374
60265.1	29.5173
60266.1	30.6638
60267.2	31.8809
60268.2	33.1727
60269.3	34.5433
60270.3	35.9969
60271.4	37.5374
60272.5	39.3128
60273.6	41.1823
60274.8	43.1826
60275.9	45.281
60277	47.5157
60278.2	49.8471
60279.3	52.2914
60280.4	54.8436
60282.7	60.2605
60285	65.9686
60289.5	77.4835
60290.8	80.6386
60292.1	83.5722
60293.4	86.2456
60294.8	88.5973
60296.1	90.5836
60297.4	92.1246
60298.7	93.1974
60300	93.7755
60301.3	93.8449
60302.4	93.5244
60303.5	92.8753
60304.5	91.9124
60305.6	90.669
60306.7	89.1462
60307.7	87.4004
60308.8	85.4297
60309.8	83.3028
60312	78.6107
60314.1	73.6207
60318.4	63.5279
60320.1	59.6583
60321.8	55.9725
60323.5	52.5003
60325.2	49.2759
60326.9	46.2666
60328.6	43.4891
60330.3	40.9351
60332	38.6058
60333.7	36.4838
60335.4	34.5515
60337.1	32.7714
60338.8	31.1506
60340.5	29.6564
60342.1	28.2941
60343.8	27.0359
60345.5	25.8862
60347.4	24.7315
60349.2	23.675
60351	22.7069
60352.9	21.8228
60354.7	21.0051
60356.6	20.2518
60358.4	19.5566
60360.2	18.917
60363.6	17.8558
60367	16.9309
60370.3	16.1182
60373.7	15.4006
60377.1	14.764
60380.5	14.1968
60383.8	13.6893
60387.2	13.2334
60390.6	12.8223
60393.9	12.4503
60397.3	12.1126
60400.7	11.805
60404	11.524
60407.4	11.2667
60414.2	10.8127
60419.7	10.4918
60425.2	10.2095
60430.7	9.95848
60436.2	9.73471
60441.7	9.53372
60447.2	9.35315
60458.3	9.04165
60471.8	8.73214
60485.2	8.48134
60498.7	8.27463
60512.2	8.10169
60523.8	7.9738
60535.5	7.86222
60558.8	7.67537
60582.1	7.52554
60605.3	7.40215
60632.3	7.28277
60659.3	7.18117
60713.2	7.00983
60752.4	6.89597
60791.6	6.7761
60828.4	6.63786
60846.8	6.5474
60865.1	6.4282
60874.9	6.3452
60884.8	6.24086
60889.7	6.17729
60894.6	6.10354
60899.5	6.01633
60904.4	5.91125
60907.1	5.84187
60909.9	5.7632
60912.6	5.67311
60915.4	5.5692
60918.1	5.44683
60920.9	5.30084
60922.3	5.21665
60923.7	5.12339
60925.1	5.01964
60926.4	4.9048
60928	4.76015
60928.7	4.68145
60929.5	4.59981
60930.3	4.51361
60931	4.42599
60931.8	4.33617
60932.6	4.24869
60933.3	4.16447
60934.1	4.08995
60934.8	4.02883
60935.6	3.98968
60936.4	3.98009
60937.1	4.0102
60937.9	4.09214
60938.7	4.23577
60939.1	4.34927
60939.5	4.48525
60939.9	4.64798
60940.4	4.83925
60940.8	5.06064
60941.2	5.31351
60941.6	5.5989
60942	5.9175
60942.5	6.27838
60942.9	6.66459
60943.3	7.08342
60943.7	7.53369
60944.2	8.01364
60944.6	8.52097
60945	9.05282
60945.4	9.60578
60946.3	10.8712
60947.2	12.0716
60947.9	13.0514
60948.6	13.9828
60949.2	14.7217
60949.7	15.3944
60950	15.702
60950.7	16.3763
60951.1	16.7123
60951.5	17.0083
60951.8	17.2626
60952.2	17.474
60952.7	17.6778
60953.2	17.8104
60953.7	17.8786
60954.2	17.8817
60954.6	17.8351
60955	17.7453
60955.4	17.6154
60955.8	17.4533
60956.7	17.0268
60957.5	16.5071
60958.3	15.9793
60959	15.4188
60960.5	14.2836
60961.3	13.7313
60962	13.2134
60962.8	12.7231
60963.5	12.2774
60964.2	11.9135
60964.8	11.5811
60965.5	11.2795
60966.1	11.0069
60966.8	10.7615
60967.4	10.5408
60968.1	10.3426
60968.8	10.167
60969.4	10.0064
60970.1	9.8615
60971.4	9.61131
60972.7	9.40348
60974	9.22933
60975.3	9.08846
60976.5	8.96499
60978.9	8.75792
60981.4	8.59018
60983.9	8.45092
60986.3	8.33311
60988.8	8.23193
60993.7	8.0666
60998.3	7.94509
61002.8	7.84558
61007.4	7.76245
61012	7.69188
61021.1	7.57832
61030.3	7.49028
61038.7	7.42456
61047.1	7.36986
61064	7.2834
61080.9	7.21765
61097.8	7.16564
61145.6	7.06071
61193.3	6.99097
61289	6.89847
61401.4	6.82771
61513.9	6.77669
61626.4	6.73668
61738.8	6.70447
61795.1	6.69068
61851.3	6.67844
61913.2	6.66709
61975	6.65862
62006	6.65587
62036.9	6.65457
62067.8	6.65521
62098.8	6.65853
62129.7	6.66597
62160.6	6.67991
62176.1	6.69053
62191.5	6.70461
62207	6.72335
62222.5	6.74837
62237.9	6.78242
62253.4	6.82985
62268.9	6.89738
62276.6	6.94204
62284.3	6.99675
62293.5	7.07844
62302.6	7.18569
62311.8	7.3304
62316.3	7.42217
62320.9	7.53081
62326.9	7.70665
62332.8	7.93299
62335.8	8.07163
62338.8	8.2318
62341.8	8.41821
62344.8	8.63606
62346.7	8.79865
62348.7	8.97966
62350.6	9.18299
62352.5	9.41241
62354.4	9.67394
62356.4	9.97056
62358.3	10.3105
62360.2	10.7026
62361.5	10.9847
62362.7	11.2958
62363.9	11.6402
62365.2	12.0225
62366.4	12.4485
62367.6	12.925
62368.9	13.4598
62370.1	14.0626
62371	14.5933
62372	15.1798
62373	15.8295
62373.9	16.5433
62374.9	17.3455
62375.9	18.2401
62376.9	19.2395
62377.8	20.3451
62378.8	21.5946
62379.8	22.9779
62380.7	24.54
62381.7	26.265
62382.7	28.2044
62383.6	30.3316
62384.6	32.7012
62385.5	35.2697
62386.5	37.9085
62387.4	40.7376
62388.3	43.7407
62389.2	46.8923
62392.8	60.1121
62393.7	63.235
62394.6	66.1577
62395.5	68.8044
62396.4	71.0783
62397.3	72.9639
62398.2	74.3764
62399.1	75.2716
62400	75.6206
62400.9	75.4208
62401.8	74.6729
62402.7	73.4023
62403.6	71.6506
62404.5	69.473
62405.4	66.9352
62406.3	64.1093
62407.2	61.1053
62409.8	51.9386
62411	47.3987
62412.3	43.0753
62413.5	39.3306
62414.1	37.5585
62414.7	35.8963
62415.3	34.2896
62415.9	32.7923
62416.5	31.3533
62417.1	30.0192
62418.1	27.876
62419.1	25.9565
62420.2	24.2431
62421.2	22.7311
62422.2	21.3717
62423.2	20.1621
62424.3	19.0849
62425.3	18.1331
62426.5	17.1486
62427.7	16.2815
62428.9	15.5152
62430.1	14.8354
62431.2	14.2301
62432.4	13.6892
62433.6	13.2041
62434.8	12.7709
62436.1	12.3417
62437.4	11.9563
62438.7	11.6089
62440	11.2946
62441.3	11.0095
62442.6	10.75
62445.2	10.2979
62447.6	9.94539
62449.9	9.64171
62452.3	9.37813
62454.7	9.14784
62457.1	8.94542
62459.5	8.76653
62464.2	8.46638
62467.7	8.28538
62471.2	8.13025
62474.6	7.99587
62478.1	7.87859
62485	7.68442
62491.9	7.53123
62502.3	7.35536
62512.7	7.22449
62523.1	7.12413
62533.5	7.0455
62543	6.98695
62552.5	6.93836
62571.5	6.86284
62590.6	6.80722
62609.6	6.7648
62627.8	6.73293
62646	6.70681
62664.1	6.68514
62682.3	6.66685
62718.6	6.63758
62755	6.61505
62782.7	6.601
62796.5	6.59478
62838	6.57856
62879.6	6.56513
62935	6.55094
62986.9	6.54122
63012.8	6.53789
63038.8	6.53592
63064.8	6.53563
63090.7	6.53816
63116.7	6.54498
63129.6	6.55086
63142.6	6.55906
63159.9	6.57544
63168.6	6.58701
63177.2	6.60171
63185.9	6.62059
63194.6	6.64506
63203.2	6.67718
63211.8	6.72031
63220.5	6.7801
63229.2	6.86525
63233.5	6.92191
63237.8	6.99167
63242.1	7.07879
63246.5	7.18929
63251.2	7.34967
63253.6	7.45063
63256	7.56988
63258.4	7.71208
63260.8	7.88357
63263.1	8.09304
63265.5	8.35162
63266.8	8.52074
63268.1	8.71398
63269.4	8.93629
63270.7	9.19182
63272	9.49259
63273.3	9.84724
63274.6	10.2695
63275.2	10.5114
63275.9	10.773
63276.8	11.196
63277.7	11.6837
63278.6	12.2485
63279.6	12.9047
63280	13.2724
63280.5	13.6694
63280.9	14.0982
63281.4	14.5615
63281.9	15.062
63282.3	15.6025
63282.8	16.1858
63283.2	16.815
63283.8	17.7094
63284.4	18.676
63285	19.7537
63285.6	20.9117
63286.2	22.1941
63286.8	23.5615
63287.4	25.0362
63288	26.6186
63288.6	28.3364
63289.2	30.1279
63289.8	32.0469
63290.4	34.0195
63291.6	38.2006
63292.7	42.5283
63293.8	46.2115
63294.8	49.7221
63295.8	52.9082
63296.3	54.3319
63296.8	55.6184
63297.6	57.3206
63298.4	58.5757
63298.8	59.036
63299.2	59.366
63299.6	59.58
63300	59.6654
63300.5	59.5892
63301	59.297
63301.6	58.7934
63302.1	58.1016
63302.6	57.2047
63303.1	56.1273
63303.6	54.8849
63304.1	53.5227
63305	50.9213
63305.9	48.0504
63307.6	41.9115
63309.3	35.7245
63310.2	32.7977
63311.1	30.077
63312	27.5294
63312.4	26.3521
63312.8	25.2306
63313.2	24.1413
63313.7	23.1335
63314.1	22.1813
63314.5	21.2836
63315	20.42
63315.4	19.628
63315.8	18.8856
63316.3	18.1906
63316.7	17.5262
63317.1	16.9202
63317.6	16.3547
63318	15.8274
63318.4	15.3248
63318.9	14.8675
63319.7	14.0446
63320.6	13.3298
63321.5	12.7082
63322	12.347
63322.6	12.0219
63323.1	11.7233
63323.7	11.4486
63324.8	10.9617
63325.9	10.5454
63327	10.1869
63328.1	9.87592
63329.2	9.6043
63330.3	9.36555
63332	9.04428
63333.7	8.77601
63335.5	8.54939
63337.2	8.35599
63338.9	8.18947
63340.6	8.04495
63344.1	7.80755
63347.4	7.629
63350.7	7.48545
63354	7.36778
63357.3	7.26999
63363.9	7.11777
63370.5	7.00634
63376.8	6.92554
63383.1	6.86196
63389.4	6.81081
63395.7	6.76902
63402	6.73439
63408.3	6.70533
63420.8	6.65952
63434.1	6.62387
63447.3	6.59634
63460.5	6.57462
63473.7	6.55705
63486.9	6.54254
63500.1	6.53031
63526.5	6.51081
63551.7	6.49636
63576.8	6.48452
63602	6.47452
63627.1	6.46587
63667.4	6.45401
63722.8	6.44032
63778.1	6.42842
63888.8	6.40784
63999.5	6.38955
64110.2	6.37223
64331.6	6.33843
64553	6.30262
64774.4	6.26017
64995.8	6.20163
65101.5	6.16158
65207.2	6.10729
65312.8	6.02886
65365.7	5.9749
65418.5	5.90713
65466.3	5.82785
65514.1	5.7252
65561.9	5.58865
65585.8	5.50334
65609.7	5.4021
65636.2	5.26714
65662.6	5.10077
65675.8	5.00256
65689	4.8921
65702.2	4.76728
65715.4	4.62601
65729.2	4.4557
65743.1	4.25825
65750	4.14758
65756.9	4.02782
65763.8	3.89797
65770.8	3.75694
65777.7	3.60354
65784.6	3.43645
65791.5	3.25433
65798.4	3.05583
65805.4	2.83979
65812.3	2.60556
65819.2	2.35357
65826.1	2.08693
65833.3	1.79926
65837	1.65738
65840.6	1.52214
65842.4	1.45845
65844.2	1.39878
65846	1.34432
65847.8	1.29652
65849.6	1.25718
65851.4	1.22846
65853.2	1.213
65855	1.21396
65856.3	1.22622
65858	1.26205
65859.8	1.32413
65860.6	1.36703
65861.5	1.41817
65862.4	1.47966
65863.2	1.55105
65864.1	1.63509
65864.9	1.73103
65865.8	1.84239
65866.7	1.96801
65867.5	2.11236
65868.4	2.27377
65869.3	2.45783
65870.1	2.66222
65871	2.89383
65871.9	3.14954
65872.7	3.43773
65873.6	3.75427
65874.5	4.10921
65875.3	4.49714
65876.2	4.92477
65877	5.39496
65877.9	5.8981
65878.7	6.44729
65879.6	7.04515
65880.4	7.69415
65881.2	8.39657
65882.1	9.15441
65882.9	9.96929
65883.8	10.8424
65884.6	11.7287
65885.4	12.6683
65886.2	13.6608
65886.9	14.6915
65887.8	15.7844
65888.6	16.9241
65889.4	18.107
65890.1	19.3131
65891.4	21.2697
65892.6	23.2664
65895.1	27.3142
65896.3	29.3175
65897.5	31.2347
65898.8	33.0487
65900	34.7278
65901	35.9978
65902	37.1316
65903.1	38.1407
65904.1	38.9976
65905.1	39.7143
65906.1	40.2752
65907.1	40.6925
65908.1	40.9619
65909	41.084
65909.9	41.11
65911.6	40.904
65913.3	40.3965
65915	39.6526
65916.8	38.7232
65918.5	37.6737
65921.9	35.3743
65925	33.2922
65928.1	31.3024
65931.1	29.4654
65934.2	27.8086
65937.3	26.3209
65940.3	24.997
65943.4	23.8208
65946.5	22.7753
65949.1	21.9653
65951.8	21.2309
65954.4	20.5633
65957.1	19.955
65959.7	19.3992
65962.4	18.8901
65965	18.4228
65967.7	17.9927
65970.7	17.536
65973.8	17.1188
65979.9	16.3858
65986.1	15.7645
65992.2	15.2339
65997.5	14.8348
66002.8	14.4817
66008.1	14.1675
66013.4	13.8867
66024	13.4088
66034.6	13.0205
66043.6	12.7484
66052.5	12.5174
66061.4	12.3214
66070.3	12.1547
66088.2	11.8916
66106	11.7061
66115	11.6375
66132.8	11.5416
66150.7	11.4948
66175.2	11.5024
66199.8	11.5893
66224.3	11.7578
66236.6	11.8754
66248.9	12.0177
66269	12.3112
66279	12.4907
66289.1	12.6951
66299.1	12.9285
66309.1	13.1939
66319.2	13.4968
66329.2	13.8451
66341.5	14.3442
66353.8	14.9417
66359.9	15.2858
66366.1	15.6654
66372.2	16.0855
66378.3	16.5514
66383.6	16.9978
66388.9	17.4889
66394.2	18.032
66399.5	18.6346
66404.8	19.3057
66410.1	20.0559
66415.4	20.8984
66420.7	21.85
66423.8	22.459
66426.9	23.1159
66429.9	23.8256
66433	24.5938
66436.1	25.427
66439.2	26.3325
66442.2	27.3188
66445.3	28.3917
66448.4	29.569
66451.4	30.8598
66454.5	32.278
66457.6	33.8341
66460.6	35.5561
66463.7	37.459
66466.8	39.5648
66469.8	41.8895
66472.8	44.4026
66475.8	47.1687
66478.8	50.2179
66481.8	53.5688
66484.7	57.2327
66487.7	61.2083
66490.7	65.475
66493.7	69.984
66499.3	78.8557
66502.1	83.1771
66505	87.1856
66507.8	90.6579
66509.2	92.1188
66510.6	93.3572
66512	94.3459
66513.4	95.0604
66514.8	95.4803
66516.2	95.5898
66518.1	95.236
66520	94.3055
66521.4	93.2274
66522.8	91.851
66524.2	90.1882
66525.7	88.2629
66527.1	86.103
66528.5	83.7395
66531.3	78.5355
66534.1	72.9011
66536.9	67.1316
66539.8	61.4246
66542.6	55.9467
66545.1	51.2873
66547.7	46.9608
66549	44.9233
66550.2	42.9919
66551.5	41.1506
66552.8	39.3983
66554.1	37.7206
66555.3	36.1415
66556.6	34.6335
66557.9	33.2172
66559.1	31.867
66560.4	30.6007
66561.7	29.4041
66563	28.2738
66564.2	27.2063
66565.5	26.2061
66566.8	25.2614
66568	24.3691
66570.5	22.7239
66573.1	21.2613
66575.6	19.9496
66578.1	18.7813
66580.6	17.7349
66583.1	16.7964
66585.9	15.8778
66588.7	15.0624
66591.4	14.3346
66594.2	13.6838
66596.9	13.099
66599.7	12.5764
66602.4	12.1066
66605.2	11.6835
66607.7	11.3309
66610.2	11.0108
66612.8	10.7176
66615.3	10.451
66617.8	10.2065
66620.3	9.98364
66625.4	9.59281
66630.4	9.26374
66635.5	8.98662
66640.5	8.75287
66645.6	8.55585
66651.1	8.3753
66656.6	8.22531
66662.1	8.101
66667.6	7.99856
66673.1	7.91439
66678.6	7.84625
66689.6	7.74849
66700.6	7.69036
66711.6	7.66275
66721.7	7.65834
66731.8	7.6698
66752	7.72902
66772.2	7.82404
66792.4	7.9453
66812.6	8.08759
66832.8	8.24669
66873.1	8.6112
66913.5	9.03661
66953.9	9.52881
66974.1	9.80346
66994.3	10.0998
67014.5	10.42
67034.6	10.7665
67054.8	11.1431
67075	11.5526
67095.2	11.9994
67115.4	12.488
67135.6	13.0235
67155.8	13.6122
67176	14.2608
67196.1	14.9769
67216.3	15.7705
67236.5	16.6517
67256.7	17.6327
67276.9	18.728
67297.1	19.953
67317.3	21.3275
67327.4	22.0773
67337.5	22.8724
67347.6	23.7159
67357.7	24.6111
67367.6	25.545
67377.5	26.5349
67387.4	27.5853
67397.3	28.7011
67407.2	29.8856
67417.1	31.1427
67427	32.478
67436.9	33.895
67446.8	35.3989
67456.7	36.9926
67466.6	38.6808
67476.5	40.4659
67486.4	42.3523
67496.3	44.3403
67506.2	46.4349
67516.1	48.6345
67535.8	53.3174
67555.5	58.3656
67594.9	69.1513
67614.6	74.5233
67634.3	79.5334
67644.2	81.804
67654	83.8585
67663.9	85.6601
67673.7	87.1715
67686.9	88.6809
67700	89.5627
67713.1	89.7913
67724.6	89.4563
67736.1	88.643
67747.6	87.3879
67759.1	85.741
67770.6	83.7559
67782.1	81.4969
67793.6	79.0213
67805.1	76.3883
67851.1	65.3395
67874.1	59.9747
67897.1	54.975
67910.4	52.2705
67923.7	49.7177
67937	47.3185
67950.3	45.0679
67963.6	42.9616
67976.9	40.9935
67990.2	39.1566
68003.5	37.4433
68024.5	34.9726
68035	33.8378
68045.4	32.7709
68066.4	30.7907
68087.4	29.0131
68108.4	27.4147
68129.4	25.9762
68150.4	24.6785
68171.4	23.5053
68197	22.2202
68222.6	21.0759
68248.3	20.0544
68273.9	19.1402
68299.6	18.3178
68325.2	17.577
68350.9	16.9072
68376.5	16.2997
68402.2	15.7476
68427.8	15.2441
68453.5	14.7839
68479.1	14.3628
68504.8	13.9758
68530.4	13.62
68581.7	12.9893
68628.4	12.4981
68675	12.0685
68721.6	11.6907
68768.2	11.3589
68814.9	11.0683
68861.5	10.8121
68908.1	10.5852
68954.8	10.3853
69029.4	10.1159
69104	9.90031
69178.6	9.73305
69253.2	9.61093
69327.8	9.53305
69402.5	9.50084
69446.8	9.50516
69491.1	9.52853
69535.4	9.57227
69579.7	9.63867
69624	9.73124
69668.3	9.855
69712.6	10.013
69756.9	10.2143
69808.2	10.5123
69833.8	10.6924
69859.5	10.897
69885.1	11.1292
69910.8	11.3933
69936.4	11.6937
69962.1	12.0355
69987.7	12.4263
70013.4	12.8727
70039	13.3843
70064.7	13.9728
70090.3	14.6498
70115.9	15.4327
70128.8	15.8687
70141.6	16.339
70154.4	16.8449
70167.2	17.3893
70181.2	18.0322
70195.2	18.7257
70209.2	19.4837
70223.2	20.3069
70237.2	21.2002
70251.2	22.1687
70265.2	23.2176
70279.1	24.3547
70301.4	26.3387
70312.5	27.4148
70323.6	28.5493
70345.8	30.9837
70368.1	33.6144
70412.5	39.0742
70434.7	41.6535
70445.8	42.8212
70456.9	43.8722
70470.2	44.9375
70483.5	45.7568
70496.7	46.2975
70510	46.5373
70520.8	46.5037
70531.6	46.2672
70542.3	45.8363
70553.1	45.2253
70563.9	44.4511
70574.7	43.5362
70585.4	42.5024
70596.2	41.3757
70617.8	38.9289
70639.3	36.3696
70660.9	33.8345
70682.4	31.3858
70701.7	29.3409
70720.9	27.446
70740.2	25.7068
70759.4	24.1225
70778.7	22.685
70797.9	21.3863
70817.2	20.2138
70836.4	19.1558
70856.1	18.1827
70875.7	17.3052
70895.4	16.5129
70915	15.7968
70934.6	15.1473
70954.3	14.5578
70973.9	14.0207
70993.5	13.5308
71013.2	13.0824
71032.8	12.6713
71052.4	12.2931
71072.1	11.9446
71091.7	11.6224
71111.4	11.3241
71150.6	10.7887
71189.9	10.3221
71229.2	9.91146
71268.4	9.54634
71307.7	9.21855
71322	9.10731
71355.9	8.85809
71389.8	8.62831
71423.8	8.41778
71440.7	8.32053
71457.7	8.2305
71471.9	8.16184
71486.2	8.10221
71500.5	8.05558
71514.8	8.02856
71525.5	8.02752
71536.2	8.05202
71546.9	8.11508
71552.3	8.16737
71557.6	8.23832
71563.9	8.35203
71570.1	8.51032
71573.2	8.6116
71576.4	8.73089
71579.5	8.87207
71582.6	9.03954
71585.1	9.19369
71587.5	9.37015
71590	9.57438
71592.4	9.80958
71594.9	10.0836
71597.3	10.4016
71599.8	10.7753
71602.2	11.213
71603.8	11.5342
71605.4	11.8903
71606.9	12.2883
71608.5	12.7344
71610.1	13.2356
71611.6	13.8004
71613.2	14.4387
71614.7	15.162
71616	15.8011
71617.2	16.509
71618.4	17.2944
71619.7	18.1594
71620.9	19.129
71622.1	20.2082
71623.3	21.41
71624.6	22.7369
71625.8	24.225
71627	25.8788
71628.2	27.713
71629.5	29.7233
71630.7	31.9538
71631.9	34.396
71633.2	37.052
71634.4	39.8925
71635.7	43.1552
71637	46.5817
71639.6	53.8328
71642.2	61.0975
71643.5	64.4914
71644.8	67.5982
71646.1	70.3149
71647.4	72.5468
71648.1	73.4555
71648.7	74.2148
71649.4	74.8182
71650	75.2553
71650.9	75.5945
71651.6	75.652
71652.3	75.5172
71653	75.1959
71653.7	74.6942
71654.4	74.0095
71655.1	73.1711
71656.5	71.0558
71657.9	68.4271
71659.3	65.4416
71660.7	62.1793
71662.1	58.8014
71665	51.6896
71666.5	48.2945
71668	45.0846
71669.5	42.0928
71670.9	39.3355
71672.4	36.816
71673.9	34.5431
71675.4	32.3934
71676.9	30.4637
71678.5	28.7338
71680	27.1931
71681.5	25.8019
71683	24.5526
71684.6	23.4287
71686.1	22.4216
71687.6	21.5052
71689.1	20.6748
71690.7	19.9205
71692.2	19.2334
71693.7	18.6059
71695.3	18.0314
71696.8	17.5041
71698.3	17.0221
71700.4	16.4194
71702.5	15.88
71704.6	15.3908
71706.6	14.9496
71708.7	14.5465
71710.8	14.1803
71715	13.5357
71718.1	13.1262
71721.1	12.7614
71724.2	12.4347
71727.2	12.1416
71730.3	11.8756
71733.3	11.6342
71739.4	11.2134
71746.1	10.8284
71752.8	10.5046
71759.5	10.2284
71766.1	9.98981
71772.3	9.79757
71778.4	9.62662
71790.6	9.3348
71802.8	9.09442
71815.1	8.8921
71830.6	8.67539
71846.2	8.49292
71861.8	8.33588
71877.3	8.19793
71901.8	8.01026
71926.2	7.84891
71975.2	7.57797
72021.9	7.3598
72068.6	7.16437
72115.3	6.98216
72162	6.80645
72224.2	6.57304
72286.5	6.33029
72335.4	6.12495
72384.3	5.89884
72433.3	5.64208
72457.7	5.49799
72482.2	5.34078
72506.7	5.16715
72531.1	4.9733
72555.6	4.75461
72580	4.5049
72597.8	4.29922
72615.6	4.06889
72624.5	3.94311
72633.4	3.80939
72642.3	3.66646
72651.2	3.51391
72663.4	3.2864
72675.6	3.03606
72681.8	2.90137
72687.9	2.76022
72694	2.61187
72700.1	2.4566
72706.8	2.27857
72713.5	2.09235
72720.1	1.8983
72726.8	1.69779
72733.5	1.4933
72740.1	1.28915
72743.5	1.18914
72746.8	1.09252
72750.1	1.00035
72753.5	0.915301
72757.4	0.828154
72759.3	0.791285
72761.3	0.760183
72763.2	0.735552
72765.2	0.718816
72767.1	0.711167
72769.1	0.71425
72771.1	0.731593
72773.2	0.765856
72775.3	0.820463
72777.4	0.898503
72778.4	0.948188
72779.5	1.00498
72780.5	1.06997
72781.6	1.14382
72782.6	1.22815
72783.7	1.32213
72784.7	1.42739
72785.7	1.54485
72787.3	1.7419
72788.8	1.97091
72790.3	2.23562
72791.1	2.38362
72791.9	2.54013
72792.6	2.70984
72793.4	2.88893
72794.2	3.08273
72794.9	3.28683
72795.7	3.50726
72796.4	3.73896
72797.2	3.98539
72798	4.24722
72798.6	4.48765
72799.3	4.73674
72799.9	5.00264
72800.6	5.27772
72801.2	5.5709
72801.9	5.87374
72802.5	6.196
72803.2	6.52832
72803.9	6.88135
72804.5	7.24476
72805.2	7.63011
72805.8	8.02605
72806.5	8.44507
72807.1	8.87472
72808.4	9.79266
72809.8	10.8593
72811.2	11.9992
72812.7	13.2181
72814.1	14.5128
72815.4	15.8781
72816.9	17.3066
72818.2	18.7888
72819.6	20.313
72824.8	26.069
72827.4	28.8195
72828.7	30.107
72830	31.3214
72831.5	32.6337
72833	33.8124
72834.5	34.844
72836	35.7192
72837.6	36.433
72839.1	36.9843
72840.6	37.3761
72842.1	37.6146
72843.4	37.7049
72844.7	37.6932
72846	37.588
72847.3	37.3998
72850	36.8079
72852.6	35.9954
72855.2	35.0246
72857.8	33.9615
72863.1	31.7207
72868.1	29.6117
72873.2	27.6606
72878.2	25.9038
72883.2	24.3453
72888.3	22.969
72893.3	21.7603
72898.3	20.6955
72903.4	19.7547
72906.8	19.1754
72910.2	18.6407
72917.1	17.6884
72923.9	16.8672
72930.8	16.1532
72935.8	15.6861
72940.9	15.2618
72945.9	14.8741
72950.9	14.5186
72961	13.8896
72971.1	13.3519
72983	12.8087
72994.8	12.3457
73006.7	11.9469
73018.6	11.5989
73028.7	11.337
73038.8	11.1009
73058.9	10.6917
73079	10.3489
73099.1	10.0574
73114.7	9.86
73130.2	9.68293
73161.3	9.37774
73192.4	9.12238
73223.5	8.90561
73256.5	8.70864
73289.4	8.53841
73322.3	8.38992
73355.3	8.25997
73395.5	8.12339
73435.8	8.01029
73476	7.92248
73516.3	7.86643
73530.9	7.85617
73551.1	7.85394
73571.2	7.86937
73591.3	7.90815
73611.4	7.97907
73628.8	8.07641
73646.2	8.22077
73654.9	8.31639
73663.6	8.43171
73672.3	8.57058
73681	8.73889
73691	8.97986
73701.1	9.28266
73706.1	9.46322
73711.2	9.66633
73716.2	9.8957
73721.2	10.1553
73726.3	10.4504
73731.3	10.7854
73736.3	11.1673
73741.3	11.6039
73746.4	12.1043
73751.4	12.6795
73756.4	13.3421
73759	13.7117
73761.5	14.1075
73763.9	14.5174
73766.3	14.9554
73768.7	15.4276
73771.1	15.9324
73773.5	16.4767
73776	17.0586
73778.4	17.686
73780.8	18.3565
73783.2	19.0785
73785.6	19.8489
73788	20.677
73790.4	21.5585
73792.9	22.5028
73795.3	23.504
73797.7	24.5669
73800.1	25.6918
73804.4	27.8377
73808.7	30.1496
73812.9	32.5976
73817.2	35.1049
73821.5	37.592
73825.8	39.9329
73827.9	41.0129
73830	42.0082
73832.2	42.9025
73834.3	43.6776
73837.2	44.5129
73840	45.0954
73842.9	45.4108
73845.7	45.455
73848	45.2952
73850.3	44.9685
73852.7	44.4873
73855	43.8696
73857.3	43.1274
73859.6	42.2858
73864.2	40.3661
73882.8	31.8504
73887	30.0545
73891.3	28.3828
73895.6	26.8417
73899.8	25.4313
73904.1	24.1462
73908.4	22.9777
73912.6	21.9162
73916.9	20.9524
73922.3	19.8611
73927.7	18.8954
73933.1	18.0372
73938.4	17.2727
73943.8	16.5885
73949.2	15.9765
73954.6	15.4264
73960	14.9302
73965.4	14.4815
73970.7	14.0743
73976.1	13.7037
73981.5	13.3655
73992.2	12.772
74003	12.2697
74011.8	11.9138
74020.6	11.5999
74029.4	11.3201
74038.2	11.0696
74047	10.8443
74055.8	10.6411
74073.4	10.2891
74095	9.9367
74116.5	9.64877
74138	9.40919
74159.6	9.20706
74180.1	9.04205
74200.6	8.89769
74241.7	8.6584
74282.8	8.4679
74323.9	8.31249
74386.5	8.12393
74429.6	8.01964
74472.6	7.93175
74515.7	7.85835
74558.7	7.79908
74590	7.76568
74621.3	7.74224
74644.8	7.73282
74668.3	7.73328
74691.8	7.74739
74715.2	7.78184
74730.9	7.82178
74746.6	7.88188
74762.2	7.97138
74777.9	8.10729
74787.6	8.22794
74797.4	8.38907
74802.3	8.49011
74807.2	8.60871
74812.1	8.74883
74817	8.91583
74822.4	9.13963
74827.8	9.41696
74830.5	9.58115
74833.1	9.76605
74835.8	9.97514
74838.5	10.2127
74840.6	10.4192
74842.7	10.6486
74844.8	10.9046
74846.8	11.1911
74848.9	11.5131
74851	11.8766
74853.1	12.2888
74855.1	12.7561
74856.5	13.0965
74857.8	13.4662
74859.2	13.8747
74860.5	14.3205
74861.9	14.8154
74863.2	15.3581
74864.6	15.9636
74865.9	16.6311
74867.3	17.3796
74868.6	18.2086
74870	19.1426
74871.3	20.181
74872.6	21.3548
74874	22.6631
74875.3	24.1432
74876.7	25.7918
74878	27.6518
74879.4	29.7126
74880.7	32.0188
74882.1	34.5444
74883.4	37.3274
74884.7	40.3156
74886.1	43.5044
74887.4	46.8526
74890	53.4633
74891.3	56.7239
74892.5	59.8347
74893.8	62.6954
74895.1	65.2047
74896.4	67.2665
74897	68.1028
74897.6	68.7875
74898.8	69.6767
74900	70.0273
74900.6	69.9901
74901.3	69.7913
74901.9	69.4335
74902.6	68.9207
74903.2	68.2588
74903.8	67.4554
74905.1	65.4598
74906.4	63.0171
74907.7	60.2229
74909	57.1776
74910.2	54.0056
74912.2	49.0716
74914.1	44.2857
74915.1	41.9888
74916	39.7879
74917	37.6948
74918	35.7369
74918.9	33.9519
74919.8	32.2951
74920.8	30.7295
74921.7	29.2861
74922.6	27.9293
74923.5	26.6838
74924.4	25.5169
74925.4	24.4481
74926.6	23.1019
74927.9	21.901
74929.2	20.8204
74930.4	19.8471
74931.7	18.9691
74932.9	18.1758
74934.2	17.4577
74935.5	16.8061
74937.3	15.9549
74939.2	15.2111
74941	14.5581
74942.9	13.9822
74944.7	13.4719
74946.6	13.0179
74948.4	12.6123
74950.2	12.2504
74952.1	11.9227
74954	11.6267
74955.8	11.3585
74957.6	11.1146
74961.3	10.689
74965.1	10.3314
74968.6	10.0408
74972.1	9.7902
74975.6	9.57248
74979.2	9.38203
74982.7	9.21443
74986.2	9.06614
74993.3	8.81636
74998	8.67755
75002.7	8.55647
75012.1	8.3565
75021.5	8.19852
75030.9	8.07104
75045.8	7.91452
75060.5	7.79568
75075.3	7.7025
75090.1	7.62769
75104.3	7.5689
75118.4	7.51909
75146.6	7.43938
75174.9	7.37805
75203.1	7.32908
75248.9	7.2672
75294.6	7.21997
75340.3	7.18266
75386	7.15315
75450.6	7.12268
75472.1	7.11526
75531.3	7.1021
75590.5	7.1007
75649.7	7.11367
75708.8	7.14564
75754.6	7.18803
75800.3	7.25161
75846	7.34385
75891.8	7.47806
75921.4	7.59599
75951	7.7473
75980.5	7.94323
75995.4	8.06278
76010.1	8.2
76034.4	8.4718
76046.5	8.6347
76058.6	8.81939
76070.7	9.02991
76082.8	9.26989
76094.9	9.5452
76107	9.86387
76114.4	10.0834
76121.8	10.3244
76129.2	10.5895
76136.6	10.8815
76144	11.2046
76151.4	11.5628
76158.8	11.9608
76166.2	12.4039
76173.6	12.8998
76181	13.456
76188.4	14.0818
76195.8	14.7873
76203.1	15.5877
76210.6	16.498
76214.2	17
76218	17.5369
76221.7	18.1115
76225.3	18.7254
76230.4	19.638
76235.4	20.6411
76240.5	21.7492
76245.5	22.9699
76250.6	24.3226
76255.6	25.8189
76260.6	27.4784
76265.7	29.3185
76269.7	30.9072
76273.6	32.6289
76277.6	34.493
76281.6	36.503
76285.5	38.6766
76289.5	41.0085
76293.5	43.5128
76297.4	46.1754
76303.5	50.5871
76309.6	55.2944
76321.8	65.0736
76328	69.7121
76331	71.8362
76334.1	73.7777
76337.1	75.4956
76340.1	76.9513
76343.2	78.1109
76346.2	78.9468
76350	79.5026
76353.8	79.5222
76356.8	79.1435
76359.9	78.4279
76362.9	77.3967
76366	76.0793
76369	74.5047
76372.1	72.7214
76378.2	68.673
76390.4	59.6748
76396.5	55.1915
76402.6	50.9192
76406.9	48.0632
76411.2	45.3789
76415.6	42.8607
76419.9	40.5209
76424.2	38.3449
76428.5	36.3357
76432.9	34.4753
76437.2	32.7624
76441.3	31.2459
76445.5	29.8427
76449.6	28.5442
76453.8	27.3421
76457.9	26.2286
76462	25.1965
76466.2	24.2392
76470.3	23.3528
76474.1	22.5988
76477.8	21.8948
76485.3	20.6146
76492.9	19.4822
76500.4	18.4806
76507.9	17.5893
76515.4	16.7955
76523	16.0841
76530.5	15.4459
76538.8	14.8159
76547.1	14.2518
76555.3	13.7449
76563.6	13.2883
76571.9	12.8747
76580.2	12.4992
76588.4	12.1573
76596.7	11.8456
76606.5	11.5102
76616.3	11.2072
76626.1	10.9323
76635.9	10.682
76655.4	10.245
76675	9.87564
76691.5	9.60585
76708.1	9.36881
76724.7	9.15899
76741.2	8.97245
76774.3	8.65555
76807.4	8.39737
76830	8.24731
76852.6	8.11442
76897.7	7.89025
76942.9	7.70732
76988	7.55568
77054.2	7.37465
77120.4	7.22904
77186.7	7.10864
77252.9	7.00685
77325.1	6.91164
77391.3	6.83546
77457.6	6.76763
77523.8	6.70668
77590	6.65203
77650.2	6.60849
77680.3	6.5897
77710.4	6.57394
77739	6.56345
77767.6	6.56048
77781.9	6.56356
77796.2	6.57135
77810.5	6.58567
77824.8	6.61026
77837.6	6.64558
77850.3	6.70038
77863.1	6.78635
77869.5	6.84753
77875.9	6.92635
77881.9	7.02255
77888	7.14812
77894	7.31495
77897	7.41922
77900	7.54145
77904.5	7.76825
77906.8	7.9064
77909	8.06459
77911.3	8.24841
77913.6	8.46249
77915.8	8.7136
77918.1	9.009
77919.6	9.23814
77921.1	9.49513
77922.6	9.78857
77924.1	10.1208
77925.6	10.504
77927.1	10.9426
77928.6	11.4541
77930.1	12.0464
77931.1	12.5154
77932.2	13.0348
77933.2	13.6228
77934.2	14.2769
77935.3	15.0202
77936.3	15.8496
77937.4	16.7937
77938.4	17.8477
77939.4	19.0461
77940.4	20.3797
77941.5	21.888
77942.5	23.5539
77943.6	25.4189
77944.6	27.4522
77945.6	29.6931
77946.7	32.091
77947.4	33.8395
77948.1	35.6313
77949.5	39.376
77952.3	47.0998
77953.2	49.4936
77954.1	51.7645
77955	53.863
77955.9	55.7209
77956.8	57.3346
77957.7	58.6413
77958.6	59.6071
77959.4	60.2026
77960	60.385
77960.6	60.4231
77961.5	60.1726
77962.4	59.5471
77963.3	58.5661
77964.1	57.2745
77965	55.6796
77966	53.8368
77966.9	51.7924
77967.7	49.6196
77970.4	42.7074
77971.7	39.2599
77973	35.9498
77974.3	32.9392
77975.6	30.1674
77976.2	28.8783
77976.9	27.6556
77977.5	26.4993
77978.1	25.4252
77979.1	23.9531
77980	22.6109
77980.9	21.3908
77981.9	20.2844
77982.8	19.2824
77983.7	18.3757
77984.7	17.5552
77985.6	16.8202
77986.8	15.9096
77988.1	15.1126
77989.4	14.4127
77990.7	13.8004
77992	13.254
77993.2	12.7687
77994.5	12.3357
77995.8	11.9508
77997.5	11.4825
77999.3	11.0771
78001	10.7216
78002.8	10.4081
78004.5	10.1286
78006.2	9.88104
78008	9.65932
78009.7	9.45988
78012.3	9.20088
78014.8	8.97702
78017.4	8.78062
78020	8.60856
78025.1	8.32036
78030.2	8.09063
78035	7.91106
78039.9	7.76143
78044.8	7.63514
78049.7	7.52763
78059.4	7.35437
78069.2	7.22194
78077.1	7.13582
78085	7.06404
78100.8	6.95102
78116.6	6.86608
78132.3	6.80016
78147.2	6.75029
78162.1	6.70909
78191.8	6.645
78221.5	6.5968
78251.2	6.55925
78292.1	6.51924
78333	6.48856
78414.7	6.44589
78503.9	6.41933
78585.7	6.41028
78667.4	6.41591
78749.2	6.43815
78830.9	6.48074
78912.6	6.54964
78994.4	6.65335
79035.3	6.72174
79076.1	6.80434
79117	6.90343
79157.9	7.02173
79187.6	7.12266
79217.3	7.23798
79247.1	7.3699
79276.8	7.521
79306.5	7.69391
79336.2	7.89281
79366	8.12295
79395.7	8.3892
79416.1	8.59679
79436.6	8.82722
79457	9.08353
79477.4	9.36911
79497.9	9.68817
79518.3	10.0454
79538.8	10.4464
79559.2	10.8972
79579.6	11.4062
79600.1	11.9819
79620.5	12.6351
79640.9	13.3784
79651.2	13.7885
79661.4	14.227
79671.6	14.6965
79681.8	15.1986
79692	15.7372
79702.2	16.3152
79712.5	16.9355
79722.7	17.601
79738.5	18.731
79754.3	19.9956
79770.1	21.4137
79778	22.187
79785.9	23.0054
79793.8	23.8736
79801.6	24.7924
79809.5	25.7633
79817.4	26.7886
79825.3	27.8806
79833.2	29.0374
79841.1	30.2634
79849	31.5584
79856.7	32.8895
79864.4	34.2933
79872.1	35.7733
79879.7	37.3262
79895.1	40.6576
79910.4	44.2879
79925.8	48.1942
79941.1	52.3323
79971.8	60.8801
79991.4	66.0893
80001.1	68.4704
80010.9	70.629
80020.7	72.5121
80030.5	74.0657
80040.2	75.25
80050	76.0342
80061.2	76.4191
80070.2	76.3283
80079.3	75.887
80088.4	75.1152
80097.5	74.0434
80106.6	72.7042
80115.6	71.1393
80124.7	69.386
80133.8	67.4866
80170.1	59.161
80188.2	54.944
80206.4	50.9064
80220.9	47.8647
80235.4	45.01
80249.9	42.3534
80264.4	39.8963
80278.9	37.6295
80293.4	35.5455
80307.9	33.6325
80322.4	31.8792
80336.7	30.2905
80351	28.8328
80365.3	27.4924
80379.6	26.2606
80393.9	25.1257
80408.2	24.0803
80422.5	23.1146
80436.8	22.2225
80452.4	21.324
80468	20.4969
80483.6	19.7331
80499.2	19.0274
80514.8	18.3733
80530.4	17.7667
80546	17.2057
80561.6	16.6802
80590.2	15.8052
80618.9	15.0293
80647.5	14.3377
80676.1	13.7184
80704.7	13.1594
80733.3	12.6532
80761.9	12.1919
80790.5	11.769
80819.1	11.3798
80847.8	11.0193
80876.4	10.6835
80905	10.3692
80962.2	9.79211
81019.4	9.26646
81113.1	8.46788
81159.9	8.07563
81206.7	7.67217
81240.5	7.36491
81274.3	7.03668
81308.1	6.67585
81325	6.47908
81341.9	6.26865
81361.4	6.00498
81380.9	5.71434
81400.5	5.39043
81410.2	5.21345
81420	5.0251
81434.3	4.72566
81448.6	4.39597
81455.7	4.21881
81462.9	4.03323
81470	3.83942
81477.2	3.63808
81488.9	3.29659
81500.6	2.95494
81506.4	2.79414
81509.4	2.71945
81512.3	2.65059
81515.2	2.58886
81518.1	2.5368
81521.1	2.49669
81524	2.47201
81526.6	2.46606
81528.7	2.47482
81530.8	2.49802
81532.9	2.53818
81535.1	2.59827
81537.2	2.68215
81539.3	2.79299
81540.3	2.86038
81541.4	2.93568
81542.4	3.021
81543.5	3.11544
81545.3	3.30145
81547.1	3.52254
81548	3.64838
81548.9	3.78328
81549.8	3.92921
81550.7	4.08685
81551.6	4.25885
81552.4	4.44212
81553.3	4.64153
81554.2	4.85342
81555.1	5.08337
81556	5.32706
81556.9	5.58779
81557.8	5.86638
81559.2	6.33205
81560.5	6.845
81561.9	7.40816
81563.3	8.01955
81564.6	8.69061
81566	9.41357
81567.4	10.2006
81568.7	11.041
81569.6	11.6097
81570.5	12.2023
81572.2	13.4505
81573.9	14.795
81575.7	16.2121
81577.4	17.7065
81579.1	19.2458
81582.6	22.4077
81586.3	25.7379
81588.1	27.3091
81590	28.7779
81591.8	30.1175
81593.7	31.3053
81595.6	32.3241
81597.4	33.1629
81599.2	33.8167
81601.1	34.2869
81602.9	34.5801
81604.8	34.7075
81606.2	34.7039
81607.5	34.6254
81610.2	34.272
81613	33.706
81615.7	32.9835
81618.4	32.1549
81621.1	31.2622
81626.6	29.415
81631.3	27.8259
81636.1	26.3403
81640.9	24.9778
81645.6	23.7492
81650.4	22.6438
81655.2	21.656
81660	20.7715
81664.7	19.9783
81669.1	19.3267
81673.4	18.7338
81677.8	18.1927
81682.1	17.6976
81686.4	17.2435
81690.8	16.8257
81699.5	16.0844
81709	15.3889
81718.6	14.7938
81728.1	14.2793
81737.6	13.8307
81745.5	13.5038
81753.3	13.2084
81768.9	12.6933
81784.5	12.2592
81800.1	11.8883
81821	11.4695
81841.8	11.1176
81862.6	10.8171
81883.5	10.5573
81902.6	10.3467
81921.7	10.1583
81959.9	9.83429
81998	9.56409
82036.2	9.33424
82074.4	9.13521
82112.6	8.95929
82189	8.66178
82265.4	8.41625
82341.8	8.20775
82418.1	8.02706
82494.5	7.86574
82647.3	7.58848
82800	7.35255
82952.8	7.14464
83063.9	7.00606
83216.7	6.82811
83369.4	6.66082
83522.2	6.50133
83674.9	6.34807
83793	6.23372
83911	6.12364
84029.1	6.01946
84147.1	5.92515
84258.2	5.8517
84369.3	5.80441
84438.8	5.797
84508.2	5.81603
84542.9	5.83969
84577.7	5.8756
84612.4	5.92636
84647.1	5.99549
84685.3	6.10016
84723.5	6.2426
84742.6	6.33159
84761.6	6.43482
84780.8	6.55461
84799.8	6.69351
84818.9	6.85487
84838	7.04229
84857.1	7.2606
84876.2	7.51514
84895.3	7.81291
84914.4	8.16198
84924	8.35898
84933.5	8.5729
84943.1	8.80533
84952.6	9.05787
84963.9	9.3859
84975.2	9.74813
84986.5	10.1484
84997.7	10.5947
85009	11.0926
85020.3	11.6472
85031.6	12.2673
85042.9	12.9606
85052.4	13.6127
85062	14.332
85071.5	15.1263
85081.1	16.0036
85090.6	16.9756
85100.2	18.0512
85109.7	19.245
85119.2	20.5679
85129.1	22.0907
85139	23.7859
85143.9	24.7039
85148.9	25.6718
85153.8	26.6918
85158.8	27.7662
85163.7	28.8972
85168.6	30.087
85178.5	32.6494
85188.4	35.4616
85198.3	38.5229
85204.2	40.4601
85210	42.4796
85221.8	46.7409
85245.2	55.7265
85257	60.128
85262.8	62.2066
85268.7	64.1595
85274.6	65.9533
85280.4	67.5555
85286.3	68.9364
85292.2	70.0684
85300	71.1612
85307.8	71.7501
85315.7	71.8262
85322	71.5205
85328.4	70.9045
85334.7	70.004
85341.1	68.8508
85347.5	67.4799
85353.8	65.9275
85366.5	62.4203
85391.9	54.7564
85404.7	50.9507
85417.4	47.3319
85427	44.7517
85436.6	42.3247
85446.2	40.056
85455.9	37.9445
85465.5	35.9854
85475.1	34.1716
85484.7	32.4945
85494.3	30.9466
85503.8	29.5307
85513.3	28.2226
85522.8	27.0108
85532.3	25.8899
85541.9	24.8498
85551.4	23.8857
85560.9	22.9891
85570.4	22.1561
85585.1	20.9788
85599.8	19.9217
85614.4	18.9713
85629.1	18.108
85643.8	17.3242
85658.5	16.6107
85673.2	15.9592
85687.9	15.3627
85706.9	14.6616
85725.9	14.0304
85744.9	13.4595
85763.9	12.9409
85782.9	12.4678
85801.9	12.0345
85820.9	11.6362
85839.9	11.2687
85860.7	10.8985
85881.4	10.5565
85902.2	10.2395
85922.9	9.94451
85964.4	9.41042
86005.8	8.93893
86043.9	8.54911
86081.9	8.19202
86119.9	7.8621
86157.9	7.55473
86195.9	7.26481
86234	6.98957
86310	6.47061
86392.9	5.93387
86475.9	5.40805
86558.9	4.87593
86641.8	4.32201
86683.3	4.03232
86724.8	3.73273
86766.2	3.42155
86807.7	3.09869
86849.2	2.76528
86890.6	2.42531
86926.9	2.12876
86945.1	1.98418
86963.2	1.84478
86981.4	1.7132
86990.5	1.65155
86999.5	1.59335
87008.6	1.53914
87017.7	1.48955
87026.8	1.44589
87035.8	1.40925
87042.7	1.38662
87049.7	1.36928
87056.6	1.35785
87063.5	1.35308
87069.5	1.355
87075.6	1.36324
87081.6	1.37839
87087.7	1.40121
87093.7	1.43272
87099.8	1.47384
87105.8	1.52551
87111.9	1.58867
87116.6	1.64738
87121.4	1.7145
87126.1	1.79099
87130.9	1.87726
87135.6	1.97446
87140.4	2.08301
87145.1	2.20401
87149.9	2.3384
87154.6	2.48753
87159.4	2.65184
87164.1	2.83279
87168.9	3.03157
87173.6	3.24946
87178.4	3.4878
87183.1	3.74798
87187.9	4.03149
87190.7	4.2108
87193.5	4.39912
87196.3	4.59674
87199.1	4.80398
87201.9	5.02114
87204.8	5.24854
87210.4	5.73446
87216	6.266
87221.6	6.84475
87227.2	7.47288
87232.8	8.15104
87236.8	8.66264
87240.8	9.19955
87244.7	9.76327
87248.7	10.3539
87252.6	10.9714
87256.6	11.6155
87260.6	12.2858
87264.5	12.9808
87272.4	14.4381
87280.4	15.9728
87288.3	17.5673
87296.2	19.1974
87313.1	22.6565
87321.6	24.2961
87330	25.8207
87338.4	27.1936
87346.9	28.3846
87355.3	29.3723
87363.8	30.1456
87372.2	30.7028
87380.7	31.0513
87389.1	31.2056
87397.6	31.1849
87403.4	31.0816
87409.2	30.9147
87420.7	30.4196
87432.2	29.7569
87443.8	28.9779
87466.9	27.2294
87490	25.4177
87514.7	23.5725
87525.3	22.8507
87535.8	22.1844
87546.3	21.5916
87556.8	21.1053
87564.2	20.8572
87571.7	20.7282
87576.9	20.7413
87582.2	20.879
87584.8	21.0102
87587.5	21.1945
87590.1	21.4435
87592.7	21.7715
87594.4	22.0357
87596.1	22.3451
87597.8	22.7084
87599.5	23.1336
87601.2	23.6305
87602.9	24.2104
87604.6	24.8864
87606.3	25.6737
87608.1	26.5954
87609.8	27.6605
87611.4	28.8956
87613.1	30.3241
87614.8	31.97
87616.6	33.8569
87618.2	36.0057
87619.9	38.4318
87621.6	41.008
87623.2	43.8187
87624.8	46.8797
87626.4	50.1179
87629.6	56.9674
87631.2	60.3934
87632.9	63.6922
87634.6	67.0728
87636.4	69.9864
87637.3	71.2442
87638.2	72.3252
87639.1	73.2314
87640	73.9526
87641	74.5467
87642.1	74.8751
87642.9	74.9507
87643.7	74.8565
87644.5	74.5968
87645.4	74.1783
87647	72.8994
87648.7	71.1046
87650.4	68.8953
87652	66.3802
87655.3	60.8687
87658.5	55.4564
87660.1	52.8658
87661.7	50.4157
87663.3	48.0958
87664.9	45.9459
87666.5	43.9418
87668.1	42.106
87669.7	40.3883
87671.3	38.8248
87672.9	37.3854
87674.6	36.0765
87676.2	34.871
87677.8	33.7731
87679.4	32.7593
87681	31.833
87682.9	30.8279
87684.8	29.9134
87686.7	29.0786
87688.6	28.3181
87692.5	26.9723
87696.3	25.8232
87699.5	24.9732
87702.7	24.2169
87706	23.5393
87709.2	22.9283
87712.4	22.3741
87715.6	21.8686
87722.1	20.9794
87726.2	20.4814
87730.3	20.0273
87738.5	19.2263
87746.8	18.5376
87755	17.9339
87767.9	17.1152
87780.8	16.4138
87793.7	15.7982
87806.6	15.2473
87818.4	14.7906
87830.1	14.3666
87853.6	13.5942
87877.1	12.896
87900.5	12.2485
87938.1	11.2765
87975.7	10.3384
88001.5	9.68946
88027.3	9.02096
88053.1	8.31724
88079	7.56083
88094.2	7.08063
88109.5	6.57093
88124.8	6.02614
88140	5.44283
88154.1	4.86864
88168.2	4.26307
88182.3	3.63791
88189.3	3.32666
88196.4	3.02427
88200.2	2.86729
88204	2.71834
88207.8	2.57938
88211.6	2.45454
88213.5	2.3984
88215.4	2.34736
88217.4	2.30208
88219.3	2.26351
88221.2	2.23205
88223.1	2.20885
88225	2.19491
88226.9	2.19136
88229.2	2.20303
88231.6	2.2349
88233.9	2.2899
88236.3	2.37096
88237.5	2.42294
88238.6	2.48249
88239.8	2.55118
88241	2.62842
88242.2	2.71611
88243.3	2.81343
88244.5	2.9217
88245.7	3.04163
88247.3	3.23075
88248.9	3.44488
88250.6	3.68886
88252.2	3.962
88253.8	4.27011
88255.5	4.61192
88257.1	4.99178
88258.7	5.41233
88259.7	5.66865
88260.6	5.93624
88261.5	6.22145
88262.4	6.51852
88263.3	6.83445
88264.2	7.16281
88265.1	7.51122
88266.1	7.87253
88267	8.25505
88267.9	8.65081
88268.8	9.06883
88269.7	9.50031
88271.6	10.4231
88273.4	11.4204
88274.5	12.0973
88275.7	12.7985
88276.9	13.5357
88278	14.2958
88280.4	15.9067
88282.7	17.6215
88285	19.4264
88287.4	21.3031
88292	25.1797
88296	28.4924
88300	31.6416
88303	33.8142
88306	35.7603
88309	37.4398
88312	38.8228
88315	39.9079
88318	40.6914
88321	41.1942
88324	41.4375
88326.1	41.4706
88328.2	41.4027
88332.4	41.0119
88336.6	40.3541
88340.8	39.5132
88349.2	37.5287
88357.6	35.432
88366	33.4055
88374.5	31.544
88382.9	29.8717
88391.3	28.3868
88396.5	27.5626
88401.7	26.799
88412	25.4288
88422.3	24.2414
88432.6	23.2066
88442.9	22.2989
88453.2	21.4974
88463.5	20.7853
88473.8	20.149
88483.7	19.6016
88493.5	19.1042
88503.4	18.6501
88513.2	18.234
88532.9	17.4974
88552.6	16.8646
88575.1	16.2408
88597.6	15.7008
88620.1	15.2272
88642.5	14.8082
88680	14.2009
88717.5	13.6835
88755	13.2339
88792.5	12.8368
88833.8	12.448
88875	12.1003
88916.2	11.788
88957.5	11.5091
89006.2	11.2275
89030.6	11.1122
89055	11.0206
89084.9	10.9544
89105.6	10.9528
89126.2	11.0049
89136.5	11.0585
89146.8	11.1363
89157.1	11.2439
89167.4	11.3881
89177.8	11.5791
89188.1	11.8303
89198.4	12.1583
89203.5	12.3582
89208.7	12.5859
89213.8	12.8466
89219	13.1442
89224.2	13.4856
89229.3	13.8762
89234.5	14.3255
89239.6	14.8414
89244.8	15.4372
89249.9	16.1239
89255.1	16.9203
89260.2	17.8421
89262.8	18.3586
89265.4	18.9156
89268	19.5167
89270.5	20.1631
89273.1	20.8637
89275.7	21.6205
89278.3	22.4381
89280.8	23.318
89283.4	24.2721
89286	25.3027
89288.6	26.4153
89291.2	27.611
89293.5	28.8008
89295.9	30.0746
89298.3	31.4365
89300.7	32.8841
89303	34.4328
89305.4	36.0721
89307.8	37.8173
89310.2	39.6535
89312.6	41.5942
89314.9	43.6275
89319.7	47.93
89329.2	57.1028
89334.4	62.0373
89337	64.3445
89339.6	66.4894
89342.2	68.4351
89344.8	70.1256
89347.4	71.5333
89350	72.6297
89353	73.4791
89355.9	73.8806
89358.4	73.8816
89360.8	73.6006
89363.2	73.0543
89365.6	72.2686
89368	71.263
89370.5	70.0694
89375.3	67.2461
89380.1	64.0244
89385	60.6231
89394.6	53.8513
89401.3	49.5509
89404.6	47.5493
89407.9	45.6626
89411.2	43.8806
89414.5	42.2123
89417.8	40.6491
89421.1	39.1865
89424.4	37.8473
89427.6	36.5943
89430.9	35.4221
89434.1	34.3289
89440.6	32.3448
89447	30.6042
89453.2	29.1368
89459.4	27.8326
89465.6	26.6691
89471.7	25.6296
89477.9	24.6948
89484.1	23.8539
89490.3	23.0924
89496.4	22.4027
89502.9	21.7459
89509.4	21.1487
89515.8	20.604
89522.3	20.1055
89535.3	19.227
89548.2	18.4788
89556.4	18.0582
89564.7	17.6745
89581.1	17.0015
89597.6	16.4309
89614.1	15.9397
89627	15.5997
89640	15.294
89665.9	14.7661
89691.8	14.3259
89717.6	13.953
89745.9	13.6056
89774.1	13.3068
89802.4	13.0467
89830.6	12.8184
89872.9	12.521
89915.3	12.2672
89957.6	12.0472
89968.2	11.9966
89978.8	11.9447
89981.5	11.9262
89982.8	11.9134
89984.1	11.8968
89985.4	11.8742
89986.8	11.844
89988.1	11.8034
89989.4	11.7497
89990.7	11.6797
89992.1	11.5922
89993.4	11.4854
89994.7	11.359
89996	11.2131
89997.4	11.0527
90000	10.7041
90000	77.8285
99999.9	77.8285
100000	10.6212
105000	10.5969
110000	10.5147
115000	10.3731
120000	10.2315
125000	10.2
130000	10.224
135000	10.3036
140000	10.4964
141585	10.5936
150000	11.1097
160000	11.4929
170000	11.6431
175000	11.3128
180000	11.0381
185000	10.6463
190000	10.3686
195000	9.91537
200000	9.63471
210000	9.9417
220291	10.6148
230000	11.2498
240000	11.0863
250000	10.6277
260000	9.69861
270000	9.64386
280000	10.056
290000	10.1715
300000	9.41172
310000	8.76705
320000	8.88189
330000	9.34457
340000	9.86633
350000	10.271
360000	10.3249
370000	10.1473
380000	9.79143
390000	10.1353
400000	10.7695
410000	10.99
420000	10.9827
430000	10.6267
440000	10.5613
450000	10.554
460000	10.43
470000	10.1908
480000	9.6047
490000	9.07722
500000	8.89719
520000	9.76943
530000	10.0307
540000	10.0235
550000	9.5556
560000	9.39193
570000	9.15583
580000	8.97772
600000	8.8752
620000	8.9453
640000	9.06169
645752	9.08528
660000	9.14372
680000	9.2028
700000	9.18412
720000	8.99129
740000	8.6156
760000	8.19175
770000	7.97983
780000	7.77621
800000	7.4605
820000	7.72039
840000	8.21727
851400	8.19755
860000	8.18268
880000	7.99037
928619	7.57763
928619	7.57763
940000	7.48101
960000	7.32432
980000	7.23012
1e+06	7.13593
1.05e+06	7.01303
1.1e+06	6.94684
1.10909e+06	6.92519
1.15e+06	6.82772
1.2e+06	6.68878
1.2183e+06	6.62068
1.25e+06	6.5027
1.29921e+06	6.31956
1.3e+06	6.31662
1.314e+06	6.26452
1.31416e+06	6.26397
1.31416e+06	6.26397
1.35e+06	6.1388
1.36013e+06	6.10701
1.39129e+06	6.00922
1.395e+06	5.99757
1.398e+06	5.98816
1.4e+06	5.98188
1.44291e+06	5.91035
1.45e+06	5.89853
1.4761e+06	5.85502
1.48541e+06	5.8395
1.48541e+06	5.8395
1.5e+06	5.81517
1.53e+06	5.782
1.57372e+06	5.73366
1.6e+06	5.70461
1.64226e+06	5.64398
1.68935e+06	5.57643
1.68935e+06	5.57642
1.69221e+06	5.57232
1.73625e+06	5.50914
1.7765e+06	5.45141
1.8e+06	5.4177
1.83154e+06	5.36108
1.83995e+06	5.34598
1.9e+06	5.23818
1.94004e+06	5.18589
1.948e+06	5.17549
2e+06	5.10759
2.04607e+06	5.04743
2.073e+06	5.01226
2.07974e+06	5.00541
2.07974e+06	5.00541
2.08142e+06	5.0037
2.16152e+06	4.92232
2.17442e+06	4.90922
2.17442e+06	4.90922
2.1937e+06	4.88963
2.24496e+06	4.83755
2.25405e+06	4.82831
2.2588e+06	4.82349
2.27063e+06	4.81147
2.28337e+06	4.79853
2.286e+06	4.79585
2.3e+06	4.78256
2.33353e+06	4.75073
2.35523e+06	4.73013
2.39153e+06	4.69567
2.39154e+06	4.69566
2.4e+06	4.68763
2.42679e+06	4.66547
2.42679e+06	4.66547
2.5e+06	4.6049
2.53464e+06	4.57625
2.53464e+06	4.57625
2.6e+06	4.52217
2.63248e+06	4.49962
2.63248e+06	4.49962
2.72749e+06	4.43366
2.72749e+06	4.43366
2.9e+06	4.31389
3e+06	4.24447
3.2e+06	4.13224
3.4e+06	4.04394
3.6e+06	3.93854
3.78927e+06	3.86167
3.8e+06	3.85731
4e+06	3.80707
4.1784e+06	3.78394
4.2e+06	3.78114
4.4e+06	3.77588
4.5e+06	3.78168
4.6e+06	3.78748
4.62313e+06	3.79032
4.8e+06	3.81207
4.80678e+06	3.81333
4.90998e+06	3.83263
5e+06	3.84947
5.09506e+06	3.86073
5.2e+06	3.87317
5.36097e+06	3.92247
5.4e+06	3.93442
5.5e+06	3.96505
5.58333e+06	3.99058
5.6e+06	3.99568
5.62145e+06	4.00003
5.63085e+06	4.00193
5.72484e+06	4.02097
5.8e+06	4.0362
6e+06	4.08816
6.8e+06	4.29601
7e+06	4.33554
7.27e+06	4.38891
8e+06	4.49622
8.19408e+06	4.5136
8.30829e+06	4.52383
8.30829e+06	4.52383
8.6e+06	4.54995
9e+06	4.56177
9.43021e+06	4.55916
9.5e+06	4.55874
9.65662e+06	4.5524
9.65662e+06	4.5524
9.76467e+06	4.54802
9.76477e+06	4.54802
1e+07	4.53849
1.02e+07	4.53039
1.1e+07	4.48267
1.16e+07	4.43288
1.16791e+07	4.42632
1.2e+07	4.39969
1.24e+07	4.3665
1.3e+07	4.31671
1.35e+07	4.26734
1.4e+07	4.21797
1.45e+07	4.1686
1.5e+07	4.11923
1.51136e+07	4.10622
1.51136e+07	4.10622
1.6e+07	4.00468
1.7e+07	3.89012
1.8e+07	3.77556
1.9e+07	3.67658
2e+07	3.5776
